1.513789571882266833e-04,2.263102651256177403e-07,1.029756338759232225e-05,7.609998093273493292e-04,6.992485884837787166e-06,2.392374003388315468e-06,4.131196603474212243e-06,5.978426914914551024e-06,1.474422155473698119e-06,1.861919469581641979e-06,1.895861755673912751e-06,8.073679589869234378e-06,1.506214710753591272e-05,9.098809136915323419e-06,9.467604341427649298e-03,3.357297954770343379e-04,6.727563112530934430e-05,3.312047848247096601e-06,4.425662262536988155e-03,2.734947174293235819e-03,2.468723188519981182e+00,1.362448637271685485e-05,3.313263786153914855e-05,1.583168607839021444e-04,1.663712211358624800e-05,6.359377626069181444e-01,2.287080360438671162e-05,1.687018461561817529e-05,5.227131381785131477e-06,1.127708068657493846e-05,1.826395212381911562e-05,8.319926610497967445e-01,1.598048218748177257e-03,8.590161785426471549e-05,1.198919959692128057e+00,3.928596150457384528e+00,4.178991096912723080e+00,2.580677770651383327e-06,9.593283119472471821e-04,5.560515652966394271e-06,8.524496921880437769e-03,9.054309043366751131e-03,8.084615037874620214e+00
4.695463875428616155e-06,4.140605466920364118e-07,1.104417067664149786e-06,1.874358917065862052e-05,1.631100585712786071e-04,1.433836622742157979e-02,2.907149749974225557e-04,1.150765585241442999e-04,3.663187040721163634e-02,9.970572131673417986e-07,1.405989549504262918e-06,4.013352803496430827e-04,1.137053266481320047e-05,1.507465952682729093e-05,2.774176552984470787e-02,8.384343866969736934e-04,3.530000226816799435e-03,4.509020161486127615e-04,2.590216975189646442e-01,1.978480066598188244e-03,3.048619702400828135e+00,1.972518917430733442e-05,2.188798027124535709e-05,1.250916336513035998e-04,5.302444275671819643e-05,8.552291611381539482e-01,1.937171016601013868e-04,2.772312700676751485e-05,2.104496039370066978e-05,1.626087573621086413e-01,5.830209298961240761e-05,3.413313070869267163e-02,2.357551904357738870e+00,1.211518530533124173e-02,5.525458582138511162e-05,7.590230980772139979e+00,2.865673501952392233e+00,2.325878035650173704e-04,6.202816734138443878e-05,3.458740211149565569e-06,3.393820591854878612e-05,6.053263457666878053e-03,4.975340956117694446e+00
3.274754851602135761e-05,3.661450613655027251e-05,6.561288780391439051e-06,3.144154828870257682e-07,1.247729566189453137e-06,8.587442884214783692e-07,1.039876779644393160e-06,4.196516157830656018e-06,4.231049538871920195e-06,5.211478242839703064e-04,1.782655595781994120e-04,4.268882552728521691e-04,2.583600858019084991e-05,1.548345741210944106e-05,1.129519118979976644e-01,5.458058262862903760e-04,1.380708496672074530e-04,1.354093144553333719e-04,6.470863091127238009e-02,4.983143596280035538e-03,2.470773734936200672e+00,4.305487289047209358e-05,1.749031278507118313e-05,9.917408334480332124e-06,5.534656415195361566e-05,1.604903003558427466e-01,8.173846040866419548e-06,1.787453029877655571e-05,8.679557976927114728e-06,3.559852460857984568e-02,5.126966359403708779e-05,1.209763470353487566e-02,2.831543608959110475e-02,5.885482045474507151e-01,3.407945079250046094e-03,3.968029290676788889e+00,2.943885893119962294e+00,1.356919405269255325e-04,3.370771230504674782e-05,4.552835955577301169e-06,7.551289515478801676e-06,1.690444824181810350e-04,5.931938863039392551e+00
1.352051199753074329e+01,1.206987282173275708e-03,1.717100193861255861e-05,7.588917742560617727e-06,2.641227537283700616e-06,8.069794003766536193e-07,5.863868793408645401e-07,1.719530127277089494e-07,6.401201328189933969e-05,7.914725393781076084e-06,3.608569220884644389e-06,6.526413332192168961e-05,1.576013972392549561e-05,3.954856996533824192e-06,5.347101502163438373e-03,1.989631352403683877e-03,1.007682470969649696e-06,2.408119836253132349e-04,4.044056704442258732e-01,1.475284859657700574e-05,3.515336011921167625e+00,3.444213350765896179e-05,4.415200267566172815e-05,7.216454950644121333e-05,5.716922443526894777e-06,8.694476112206125928e-03,1.490769335331490518e-05,1.119857061341198141e-05,7.729686357141702933e-06,1.827677196638189826e-04,3.239687764299554979e-05,4.433858767280897287e-04,3.054112216472290066e-04,2.201438405969716516e+00,1.151496505495529649e-01,5.015817107138512476e+00,2.455710323262569883e+00,6.365311537021982888e-05,3.897255650414513991e-04,1.295127106057795984e-05,3.131593702089967876e-04,7.676157490642598674e-04,1.924498102163142432e+00
1.261756961521519216e+01,5.484134497013195403e-05,2.837905642298902049e-04,8.946736791817337664e-04,8.196838127939705615e-04,2.083410786365843485e-03,3.578529098328527176e-03,7.133442666151468227e-04,6.469325904517414473e-05,2.254929671339304920e-05,1.311151033710880845e-05,2.171945539391003063e-05,8.636947359060851489e-06,2.549691302522743164e-05,7.583195788125090186e-04,1.703988847882201979e-03,7.290057051016296955e-06,1.621831315946612836e-05,1.466328683413995471e-01,1.341670658449919799e-04,2.216900196457592287e+00,1.366564404179988885e-05,3.606287603509554735e-05,4.558450791345162247e-05,4.178081615405648418e-05,3.764993729336681659e-03,3.941737530218912566e-05,4.757562769035211933e-05,7.913540314649347696e-05,6.268701883453498349e-05,1.041501623569543211e-04,7.053646665969273059e-05,7.163611289897771329e-05,7.208666523060733528e-05,1.025370051812232052e-04,1.899122079423426923e+00,8.742869370409956514e-03,2.571844161772848911e-04,1.321505834996148945e-05,8.102551363008391730e-05,2.052217116611916527e-04,5.030201090126088003e-04,1.795880908793940023e+01
7.532998957461606970e+00,1.406207188399594458e-04,1.002412830783871907e-06,2.502237257884863021e-06,3.657807659957358473e-08,4.069827855943171203e-08,1.796619796475560618e-06,5.976893762010033404e-08,2.784137727864493163e-06,1.327372641511101750e-05,2.564045500303896597e-06,2.105175955751290674e-05,2.876717399658928564e-06,4.186331886234471311e-06,5.181771579926065964e-05,1.713850438441445149e-04,8.235984854050202915e-07,6.293540837354995087e-07,7.021409129381544928e-06,1.444660078969560812e-05,4.236034157699888780e+00,2.209811006732382028e-05,1.234330992712585402e-05,7.677573232437074371e-06,3.127796378175308854e-06,2.148155358397248749e-01,2.112151468036677969e-05,2.833956846439546746e-05,1.196309498981112235e-05,2.422006949777136684e-05,4.026926042739169823e-05,2.773412973279610933e-04,1.275763806900779648e-05,2.012311706987383864e-05,1.947288297136680422e-03,4.221951586681774948e+00,5.617190560678325895e+00,4.790166473076641715e-05,2.349733667840254284e-05,1.072608751979546456e-05,3.243708090577925372e-06,5.103994147799673613e-05,7.013950543529774428e+00
3.521700798255478215e+00,5.298077274085410395e-04,7.273728306121853969e-05,1.368120005967222809e-06,1.543430367371070369e-06,7.790392926835652159e-06,3.030797885475018736e-06,8.435224249827243206e-07,9.493818009817620474e-08,3.371395791092137391e-06,5.193465926774658192e-07,3.415453629383445022e-06,3.204128815378235761e-06,8.569431821157853676e-06,4.418201164570040692e-05,1.675267678984710463e-06,1.208197006618809314e-06,1.878013257085549880e-07,2.753257367187978891e-05,2.466886570470624965e-05,5.301469817116306160e+00,3.307086999517557820e-05,5.461445671503584061e-06,7.815718552272218539e-06,3.661623598399600568e-05,6.225416630401487961e-01,9.598676781183043447e-06,2.048341273854441637e-04,4.865126379491424260e-05,3.123011871812228935e-03,1.207932203872336467e-05,3.344399455890022688e-05,2.507258099455719649e-04,4.018988532863712008e-05,5.850992236691854439e-04,1.282871792207746164e+00,8.052443077477308364e+00,9.134604845963943155e-04,6.649754212931309103e-06,9.466076402916983088e-06,1.549434980542984314e-06,7.737357508144626899e-06,6.063667731106486158e+00
8.360380449687038862e+00,1.569801966847745645e-05,2.940313966287552105e-06,4.803417610484085861e-06,3.593485193813365881e-06,3.803965720812847731e-07,7.860118981195831118e-06,2.759031513708820333e-05,4.385012826908200151e-07,1.307256430229173455e-05,1.008517562453804221e-05,7.716835775860318226e-05,1.327617528816268557e-05,1.242075899387726647e-06,3.400337825241065330e-06,1.488155843540565481e-04,1.340890021875979301e-06,9.608907141958364403e-06,2.634880086143222703e-05,4.586528183175440834e-05,2.750083361952778027e+00,1.840981077072505873e-05,4.045928759623260730e-06,1.648069829310441468e-06,5.548895477810014513e-03,3.369540001273297735e-04,2.282563216369465462e-05,7.737765739254765670e-06,1.182528599842886582e-05,4.520678257838539049e-01,7.069467744419343186e-05,1.538313107281175847e-05,5.863696078741317640e-05,2.752106004782810879e-05,9.234682294955362525e-02,2.173416713665332622e+00,5.491238956985572628e+00,9.442019421984965927e-06,3.097666103463900348e-05,2.452660997748131803e-05,3.696294794063071813e-05,5.655374565876085383e-06,1.630213446816367551e+01
2.193608600950669008e+00,4.996167820281496011e-07,7.233649858884501337e-06,1.378693418917251807e-05,1.014680203936805982e-05,6.689522753875071349e-06,1.346225107999214530e-06,9.214456293292704297e-06,6.215224340820051564e-06,4.387988315734476369e-02,2.866872870181367064e-02,3.092071311730317965e-06,4.370052926763305870e-06,1.701619339264706158e-05,1.489300846088062135e-05,8.009043758714096139e-05,6.974563756214697445e-05,5.523575900294036149e-05,6.221000340158240355e-05,3.292078731801280367e-05,5.955643297941966452e+00,1.274077317352382978e-05,1.378350879237136800e-05,1.010059735940015200e-04,8.322850228003260916e-06,8.946450646198357282e-01,9.493314715827366889e-06,1.580677893743463605e-06,5.876463089097168889e-06,3.517789922774484327e-05,5.476850978228370960e-05,9.351598413188844753e-06,3.669462053447978942e-05,4.002048123851934371e-05,2.305692241728358929e-03,1.728974002979193347e+00,5.443042382382508038e+00,2.692134922230176068e-05,2.773692668981871587e-05,6.224931895974623719e-06,9.806848605972874819e-06,1.068934237623490920e-05,8.910260953040443965e+00
1.516632857956972391e-01,2.292153393614505960e-05,2.216858860797258238e-05,5.228971505509794434e-05,6.897401185088794062e-05,8.439192945208787090e-05,1.953270045856680492e-04,6.063158846711998607e-05,5.036438816137937574e-05,1.025026925653723086e-04,1.494929635387600212e-04,1.881054860446580961e-04,3.641540098763736415e-04,3.444997721926780824e-04,3.729771956028046006e-04,2.948443993218994924e-04,1.287775219105630458e-03,3.190310115170101666e-04,7.589506978165055234e-03,2.642663932115315052e-05,4.717653993290326753e+00,1.838853640028901792e-05,2.055393480836442905e-05,6.378232270234190781e-06,6.655378843282649244e-06,1.413583729618276275e-01,1.607417282716689004e-05,1.076918371525766367e-05,6.669847915842580445e-06,3.037910512034063277e-05,6.423754070766444894e-05,7.658105728084661814e-06,2.210826529894228842e-05,1.379271602238285718e-05,7.881807039526532078e-06,9.175771268061188035e-01,7.639295867563013154e+00,6.835999449455666850e-04,1.608073470480893228e-05,1.512315327932739044e-06,1.448924478067789183e-06,1.033941235321622790e-05,6.247314623626722963e+00
6.606634690607044759e-03,3.126959374029752134e-06,7.196333494728674897e-07,8.356851136650396124e-06,1.625971110584266172e-05,3.263859538483549692e-05,1.581071579394853046e-05,2.072914936779697109e-05,7.732629401334488773e-06,3.607868307169192845e-06,5.716253303761860741e-06,2.287986029441477960e-05,4.009669692924846645e-05,1.419144663622047374e-05,2.139541538825105938e-05,8.281670109117601777e-06,7.523800984398846681e-06,1.663639293596262877e-06,3.019559583361855324e-06,3.283715794643705477e-05,4.567559027663044446e+00,4.734149337767242963e-05,3.953495097771835725e-05,1.675076574057682649e-05,6.616314493047766336e-06,6.467751462070446024e-03,5.983264698524731078e-05,2.005405541956179730e-05,6.655509831565301147e-06,2.264930037871887647e-05,6.114743564837223772e-05,5.623147474186150365e-06,3.774334775254214975e-05,2.348989251252255509e-05,6.355945565608003221e-06,1.543034812758719454e+00,8.646845896320122904e+00,1.257765967190440683e-03,7.301342137315428023e-06,7.317840195649850307e-06,1.851328022966175510e-05,3.185089106128300888e-05,3.662978885607615531e+00
4.334525775470105110e-04,1.760313164977573734e-05,3.028251451423883035e-05,2.664877901768916902e-05,3.643142931420537172e-05,4.745316661340589381e-05,3.690300067545513679e-05,1.357416515106126239e-05,1.313960438302252162e-05,3.270760289316187758e-05,2.560343758828399313e-05,5.118095738305375626e-05,6.131910784323087345e-05,4.411071005687880285e-05,2.830711676169787354e-05,1.189806353854529200e-05,2.688189725072166195e-06,1.300052570711956935e-05,4.356382285258656763e-05,3.290387794686277481e-04,2.306874657889886659e+00,6.780236639007664306e-05,2.817275255893522679e-04,2.573117606903620224e-04,2.741605946514179140e-04,4.212387022217501387e-01,1.490895771741984854e-05,3.999425943135608756e-05,1.165442307280261633e-04,1.058145465742892434e-05,3.947876417499139655e-05,6.843023325949680819e-04,2.349726152334317855e-04,1.034629890101462389e-03,3.327381489487831151e-04,3.205700367917461925e-04,7.056942944352522673e+00,1.753174807335661353e-03,2.666302743100572130e-04,5.528467926385363619e-04,7.113659986896648916e-05,9.845185135870244530e-04,1.341419137951848484e+01
2.821195812579965962e-04,2.903746108658135892e-04,2.842732861083631097e-04,4.367513324386716359e-05,6.838497486736592459e-05,2.572734029527166326e-04,1.396226994480465728e-04,2.594444071705044372e-05,1.161021489145795275e-04,5.602983721509088253e-05,8.194719275833621183e-04,7.163254735186639190e-04,3.889217349637468651e-02,6.825550486743213821e-05,5.474121999724335669e-06,5.375741416481495221e-05,2.280126770141919000e-06,2.509989709207061381e-06,1.776802104825790722e-06,9.454141330955976246e-06,1.107381987948398150e+00,8.648512604958579411e-06,7.615273924241237125e-06,1.823647663651858763e-06,8.295222955820377826e-07,1.888885206175631992e-01,2.204075930391322457e-05,1.147852311340634264e-05,2.709029489533067008e-06,1.976754715972338546e-03,6.524318851308631099e-05,5.105591642858172113e-07,6.610242737709347066e-06,1.505277271581824645e-06,1.281277949574338937e-05,4.678607337740855023e-04,3.686897619241348512e+00,1.447957455728130134e-04,8.383663953708323557e-06,6.389782622829630724e-06,3.996926012659787874e-07,5.763880176863334342e-05,9.739348103679349222e+00
2.224841584361209458e-04,1.014481055036499686e-06,8.558611458059348158e-07,1.974917387936184438e-06,2.795804745366543067e-06,2.938645919678367868e-06,1.778247538828728613e-06,1.225817093049825698e-06,1.683207676479639748e-06,3.611061879349631937e-07,4.352769658188489510e-07,1.000276628942545552e-06,8.151112022805880453e-07,1.960791236410784199e-06,4.904947236653035374e-07,2.229766064452728388e-05,4.953497289438307256e-06,8.733389460195544742e-06,7.652234464437930280e-06,1.839196595499530967e-05,1.364854091134481973e+00,8.039569806840154850e-07,2.116864820000165045e-05,1.049819889171576828e-05,2.293732756336875399e-05,2.728041850474673957e-01,3.397382082394441265e-05,2.026297322100182108e-05,1.037179750007958318e-05,2.419196576129282563e-05,7.836646546689051026e-05,1.789613428572512396e-05,2.197779388566579377e-05,1.098072270819384319e-04,1.750910135717328162e-04,8.507243136643370934e-04,3.443441370415746494e+00,3.263068561745080428e-05,4.119640970621084030e-06,8.345950264901800626e-07,2.027251107380267226e-06,4.880136842010896966e-04,1.762407071242060397e+01
1.221900597392345492e-04,9.725617674806405916e-06,3.926522768668536867e-06,4.515006311179253870e-06,2.984506527689218040e-06,8.132435267515865490e-06,5.087379073308986174e-06,4.933642236918190468e-06,4.165791856130790455e-06,8.328505462925581363e-06,3.879746276418928136e-06,3.339942578509502669e-06,4.346687002531119619e-06,7.624002590246613274e-06,1.545540118351487917e-05,1.742648998423641115e-06,7.353417875361922269e-06,2.486528713986893024e-06,2.234891802150015565e-06,3.293262794561752392e-05,1.330086745307968332e+00,2.466301298097000783e-06,1.944879169295737674e-06,1.140730567627406585e-06,4.159719575750559840e-06,3.185890345414600922e-01,1.222139224773893538e-05,5.520802729619609461e-06,5.839925265381655939e-07,4.362681851649901366e-06,9.369219945276316722e-05,7.252136739034441799e-07,1.838250891465316713e-05,6.113946258780443186e-05,2.040924366325706505e-06,3.773084074981142722e-04,4.918264469037596953e+00,1.194495120712390639e-04,2.420220255758442392e-05,2.008684882738658741e-05,1.036557343188284528e-06,3.585576328908549200e-04,8.952876090863467695e+00
1.291184064956893288e-04,1.115905320285699393e-05,4.731605708761832124e-06,6.675126850957539234e-07,8.823404494839926003e-07,1.159284705243281583e-06,4.476907578865850241e-06,1.052224325439493612e-05,4.685398769894483040e-06,5.486397950199754167e-06,2.385181142868065240e-06,6.500296840772020363e-06,6.604661660207432329e-06,1.410138574606112440e-06,7.072071975095657232e-06,8.280380805710834381e-06,4.075234225685449048e-06,4.633136569853294575e-07,1.184830787064032524e-05,3.651990680436071371e-05,1.921680617068669994e+00,1.887062898449491744e-05,2.359447475123415251e-05,2.114237020529528122e-05,7.529746774624131715e-06,3.290055815905418291e-01,8.888250972693335130e-06,1.735310336502921941e-06,6.932127209563729228e-06,1.562290605234237001e-04,4.314243059946842299e-05,3.557406882214555777e-06,1.570429161635982448e-05,2.058536452593058284e-05,2.238937683750218109e-07,1.291987860557057338e-04,9.670920677584624592e-01,1.592359021295173041e-04,1.221659228034885137e-05,8.194109994119581222e-06,3.492415732606138164e-06,1.289962225403101315e-03,1.742626961421439802e+01
1.854287558325304211e-04,6.914259387878870721e-08,8.100116797944507708e-08,4.428628506977933371e-08,1.173323208568151761e-07,1.488252496261207865e-07,2.461298669062097242e-07,4.087032240626350645e-07,2.950681865765644137e-07,1.107554018272998353e-06,6.712589004584228307e-07,1.104185539707249966e-06,8.141058046729630721e-07,6.522117309667514364e-08,1.343143975113444885e-06,2.457864555192273672e-05,4.118096110543958716e-06,1.315355075827346971e-06,4.934661002446175815e-07,3.325757080964029101e-06,7.436110414899833598e-01,2.380376910532931106e-06,6.452487119496971193e-07,1.201615708351069829e-06,2.132363845442399527e-06,9.159999832207085801e-02,5.137862090580385164e-06,6.494251305016065341e-06,5.560557831975281958e-08,2.045973699959347366e-06,6.051592283739996132e-05,2.573599188076176885e-07,5.681249971765864005e-08,7.765487485136874851e-07,3.717825819220486025e-06,3.883851919108215195e-06,2.065747257665232595e-05,1.119595284297168032e-04,1.460243972296036599e-06,3.718693640833275733e-06,1.395147046629804334e-06,2.857366440745290380e-04,6.782447740800312097e+00
6.226757463184486615e-05,2.184950666288205734e-06,1.386761954256205132e-07,3.075881023877181752e-07,1.305164074890366124e-07,2.831375907968471705e-07,2.636980253383501642e-07,1.445229646682119885e-07,1.231957766332822457e-06,8.447261724032028286e-07,1.118740639041414185e-05,6.611906045909824318e-07,9.518714746833663953e-07,1.679872110769908531e-06,1.041308958701855713e-07,1.599717508405237179e-06,5.456241482796914725e-06,4.289991284963876637e-06,1.242512923296727436e-05,9.661697415965325134e-06,7.554459600784302342e-01,4.532685060835194224e-06,6.707975240404449923e-07,9.608469752901930162e-04,2.830715545911973075e-06,2.352173295285980847e-02,8.813541633425390237e-06,9.141902643373533101e-06,3.535392042415082776e-06,1.879502071098123134e-05,2.243260864569774686e-05,1.659724322752504960e-04,4.289670528034222126e-04,4.071185400381666249e-04,2.251103980047357578e-06,3.752950316886736009e-06,1.590121776590624507e-05,2.066835984480669126e-04,1.554235880612938204e-03,6.623825553287231854e-03,1.182374515020561496e-03,2.424284585263723410e-03,1.087074988170494727e+01
6.581133516310913698e-05,2.308123890841683961e-06,2.569713202241213776e-06,2.331779004270932725e-06,2.106353408887913126e-06,1.780680693079871296e-06,1.732577110682779196e-06,2.103085958355884621e-06,2.508383999539183554e-06,2.535580658300832489e-06,2.264656881541086201e-06,1.192553386903729649e-06,1.580687259912759115e-06,1.963401224234648784e-06,9.990809295611684912e-07,9.667046389002430112e-07,8.645069390876341728e-06,3.119161438864628165e-06,2.220253847871458543e-06,6.424067757987602162e-06,6.716378319241589345e-01,2.769734242795511582e-07,1.805707884871814525e-06,1.767582681152092800e-06,1.984234231379491694e-06,5.107995692237245547e-03,8.560165617394125182e-06,7.047270380468597237e-06,4.860275154437166250e-08,6.542383982744839642e-07,1.336524890119940150e-05,1.531596806728469813e-07,2.164837848693229158e-07,3.095850491616633268e-07,1.641378876980644239e-06,5.304187025640396526e-06,6.934761887531690201e-07,3.818287414660266561e-05,2.150557673198689350e-07,5.576819498964328922e-07,3.079622426308899843e-07,1.094985122562284167e-04,1.450004548104003455e+01
4.585161901266791157e-05,1.098229073306660556e-07,1.238240922407847064e-07,9.452646409827898082e-08,1.187032380263518739e-07,1.447017018300007773e-07,7.915984608688114811e-08,7.637007498315311921e-08,8.628461756852355944e-08,2.370949078575571993e-07,6.434078539958493927e-07,1.874147498477110803e-07,6.789417976470616740e-07,5.764840667649366250e-07,9.143876426170907331e-08,2.251413858803532227e-07,2.183173289263532385e-06,8.654987718246321052e-07,1.425843647097744858e-06,8.041088626524615580e-07,6.385725522627843098e-01,2.086770668785115877e-07,2.982723009975895219e-06,1.435619481823147369e-06,1.596818710057048946e-06,3.214069286382170102e-03,8.075185054491112655e-06,3.491950914960503398e-06,1.639533414951260207e-07,1.977321897555530555e-07,5.387055117104494200e-07,8.403932354065901244e-06,6.980394181099208812e-06,3.971984321033737772e-06,4.083929765570390038e-07,4.444626459786970823e-06,2.270202658497066191e-07,1.069222235339987830e-05,1.559881986044611710e-07,2.746640179525002082e-07,5.026911803104966052e-07,8.511263761356878995e-06,1.946962762776231060e+01
2.096513576665384312e-05,1.266122689876852118e-08,2.096754124948000091e-08,3.837634431958948770e-09,3.183118793153979552e-09,7.329113699816172836e-09,2.353955414854252795e-09,2.302386564392606496e-09,3.546250800269020309e-09,4.812617333635535647e-08,1.505023150315165916e-08,1.467406394726120924e-08,8.347814398375748252e-09,2.596123512596731089e-08,8.730070808648584404e-08,1.625546661764030394e-06,5.116532827534711169e-07,6.669121540429960932e-08,4.683876705294532357e-07,1.292125628683159269e-06,5.312404035960116566e-01,1.304101065624746392e-06,7.786526083097791710e-09,2.798342673216679933e-08,7.335165506377407660e-08,1.415680340457620453e-07,4.201184336036101433e-07,9.581725062909911756e-07,1.938039126583096172e-07,3.360046596646631048e-07,7.117300128690996627e-08,1.580143541681865063e-07,4.997977470334883163e-08,2.238942268550697337e-07,5.235577031950791689e-08,6.384701348132632081e-07,1.553641804508089524e-08,1.316829666796322942e-05,3.509976284980763152e-07,7.453679043585333006e-07,8.874050667673071611e-07,5.991838669397048922e-05,1.300413619056922876e+01
4.412192020293988849e-05,1.280264882626169879e-06,1.480420080240687420e-06,1.361667426701379090e-06,1.169370076442490918e-06,8.709098552437548647e-07,6.116941691264952938e-07,6.828840054179946200e-07,1.250814783894535085e-06,5.467018291315328438e-07,1.939750397896161811e-07,1.700211348371988358e-07,5.685932585273463522e-07,8.469721915455703481e-07,5.414499929831821564e-07,3.818605763042618888e-07,2.491452672918279473e-06,1.608106701735209632e-07,3.994835847956655395e-07,5.705593766474661695e-07,7.159729458225922993e-01,4.973366638878470811e-08,5.125567410253960217e-07,2.590670683568558888e-07,1.676020261971851341e-06,3.872976944333026489e-07,2.296633982099990794e-07,1.777167904681614128e-06,6.704414892419956338e-08,5.924331514423570410e-07,1.155062794572527878e-06,2.643208284686969924e-08,7.541930947678386548e-08,3.135195451245593264e-07,2.390554357395882293e-07,6.842867291358793723e-08,2.578973260635993509e-07,3.661730192992053314e-06,1.466661154802785517e-07,4.571838972401198874e-07,1.694922784671345370e-07,3.291496439633776876e-05,1.388042193046242900e+01
6.344508204532836765e-06,2.499648535396189655e-06,1.826905275522532300e-06,2.000050285411725452e-06,2.346297245894573040e-06,3.272588155286876647e-06,4.361028386851260168e-06,4.946695268368661553e-06,5.520815229102280728e-06,6.746340745525417919e-06,6.980995274887732204e-06,7.974483216865586087e-06,8.123070160888327878e-06,7.187017695425621662e-06,6.550447030249822761e-06,5.413045625400308942e-06,4.796101537563944884e-06,8.839263878542615930e-06,1.089720145677324603e-05,1.817970738331297357e-05,6.694202323477753923e-03,1.366865323232317172e-05,1.189052938839805572e-05,1.463528613487553494e-05,1.380722715481018506e-05,8.646503322166014343e-06,8.965909273691201824e-06,6.184218564046674073e-06,8.981999365372989966e-06,1.220886186832644170e-05,1.463191710268857683e-05,2.729391302713965925e-05,2.431357123865556590e-05,2.983467741047379041e-05,1.755810349585655884e-05,2.016946295888610432e-05,1.722686803994647205e-05,4.500019258203867751e-05,2.753967561086947697e-05,3.015453449075478624e-05,3.466368848685891067e-05,1.049943707845828650e-04,1.558510375255237257e+01
1.019840081364424557e-05,4.662691017216359797e-08,7.277243391682767510e-08,9.989996136365673996e-08,5.870710345695839378e-08,5.425356158871696181e-08,5.644503627528855179e-08,5.168731110192450165e-08,5.319079967155886402e-08,1.427704727100623915e-07,7.545376311149965426e-08,7.509060149062677731e-08,9.314312783334347846e-08,9.246928021054310415e-08,2.147391043028422653e-07,9.308232282185972632e-08,1.220907191937578248e-07,4.259311597623164030e-08,1.400433910632713967e-07,9.860659144676006633e-08,5.962816010954188201e-05,1.601215881465231180e-07,8.370554058378562322e-08,5.131652325260016609e-08,4.741881203950970187e-08,4.165242734630176589e-08,4.595751646309124082e-08,3.173099372338270949e-08,6.169236942351159918e-08,1.997073293679918412e-08,5.884583951543625873e-08,1.070185618215262004e-07,6.971860771215940891e-08,2.835966026212976416e-07,9.739089361081526826e-08,1.255388213908826591e-07,1.111217175484301162e-07,1.162734584967261004e-06,6.350803186210529563e-07,4.338919710735504441e-07,1.831705534360620500e-07,3.149375980313520752e-06,7.284979225030540739e+00
7.371383421397886266e-06,1.069753214897460027e-08,1.460197564562748061e-08,2.207744738537547665e-09,3.305476285373196946e-09,5.615111202511515585e-09,3.178567077398443701e-09,3.756921545434350932e-09,1.304417724155494119e-09,3.393423079462012858e-08,1.672522849892687635e-08,3.276284525710739201e-09,4.400957973039641759e-09,1.114371865530322783e-08,2.518574501674062296e-08,2.417822827172967137e-08,3.501786160747937887e-07,1.133286550964153792e-07,3.893670313101305010e-07,1.375514747277283939e-08,8.130116001817493912e-05,2.290999559280036215e-09,4.303237913385134206e-09,5.930688837201634466e-09,6.798584730895927600e-08,1.811790842541953262e-07,4.867644621452197476e-08,7.003363053896943156e-08,2.706768797461170054e-08,6.220622051431063532e-08,1.517377849040702228e-09,6.686036260313028397e-09,2.653010261156747197e-09,5.845788399027928694e-08,9.457723012197728164e-09,1.041893664017749262e-08,2.271294320097686859e-09,1.849433284822443276e-07,2.342410255914299798e-07,6.458279049963118107e-08,1.284792197574186503e-08,4.440235698180199026e-07,1.221619512911506966e+01
4.629376839019677039e-06,2.782291351607436852e-09,9.278716589153144789e-09,5.202764072006779940e-09,4.497891544263780532e-09,3.383203626062334390e-09,5.414143215893417546e-09,4.534930321369073613e-09,5.216734006475726600e-09,2.912315856448702175e-08,2.969955001215645316e-09,5.356812611714878666e-09,5.303643734812140552e-09,3.362252851225561678e-09,4.191350777708712937e-08,3.812550379485729477e-09,1.424461455811555524e-07,6.326222966749639747e-08,2.840458907244220421e-07,7.503615836622874535e-09,2.524314124140499146e-04,3.247604836792595063e-09,2.610889151393631006e-09,2.857508220300550203e-09,2.733380372745608701e-08,2.119071680280326548e-07,2.185380593173098018e-08,2.288695291241767335e-08,7.488366017678495602e-09,2.346989791068235926e-08,5.881613327986696638e-09,3.090727543058476346e-08,6.657790972298163341e-09,5.224212862019580343e-08,7.120063167994964008e-09,6.874836669362927893e-09,1.081864349841274759e-08,3.336063315817724427e-08,2.732217406887463845e-07,2.672009473724807115e-08,2.073148164088405705e-08,1.667528526954631017e-07,1.028362488950638998e+01
5.533326817139783417e-10,8.191579339119008717e-10,4.820047407929595587e-08,2.727109828211873715e-10,1.428013910633424886e-10,1.833335872058207970e-10,3.982349788590164634e-10,2.669235348125359279e-10,8.577175257730117062e-11,1.864513077327068871e-08,2.705836882368526625e-09,3.956418995598144685e-10,3.421941678002184194e-10,5.078949756573609338e-08,3.205601928972176524e-08,3.179667850425171681e-08,2.371943273258580693e-07,5.465178070117568821e-08,1.468620234934505967e-07,7.867108112437801970e-09,3.884592584028690099e-05,4.165243470201793948e-09,9.008038221813241712e-10,6.618797485092393385e-09,2.373304980832289031e-08,7.620523746444338434e-08,2.627980089977212709e-08,6.280493152271845786e-08,1.795174994513836316e-09,1.945262400178377344e-08,3.717253019523321012e-09,4.670357729936143322e-09,2.394907044464438111e-10,3.605048518388881563e-08,2.711305407391681404e-09,1.433294878999104205e-08,8.654607614781685512e-10,6.425007470136135922e-08,2.234565915979030468e-07,5.346782565446123080e-09,3.103487177296716530e-09,1.044530120140409669e-07,1.537150539602416544e+01
0.000000000000000000e+00,0.000000000000000000e+00,0.000000000000000000e+00,0.000000000000000000e+00,0.000000000000000000e+00,0.000000000000000000e+00,0.000000000000000000e+00,0.000000000000000000e+00,0.000000000000000000e+00,0.000000000000000000e+00,0.000000000000000000e+00,0.000000000000000000e+00,0.000000000000000000e+00,0.000000000000000000e+00,0.000000000000000000e+00,0.000000000000000000e+00,0.000000000000000000e+00,0.000000000000000000e+00,0.000000000000000000e+00,0.000000000000000000e+00,0.000000000000000000e+00,0.000000000000000000e+00,0.000000000000000000e+00,0.000000000000000000e+00,0.000000000000000000e+00,0.000000000000000000e+00,0.000000000000000000e+00,0.000000000000000000e+00,0.000000000000000000e+00,0.000000000000000000e+00,0.000000000000000000e+00,0.000000000000000000e+00,0.000000000000000000e+00,0.000000000000000000e+00,0.000000000000000000e+00,0.000000000000000000e+00,0.000000000000000000e+00,0.000000000000000000e+00,0.000000000000000000e+00,0.000000000000000000e+00,0.000000000000000000e+00,0.000000000000000000e+00,1.193083149683610600e+01
