0.000000000000000000e+00,0.000000000000000000e+00,0.000000000000000000e+00,0.000000000000000000e+00,0.000000000000000000e+00,0.000000000000000000e+00,0.000000000000000000e+00,0.000000000000000000e+00,0.000000000000000000e+00,0.000000000000000000e+00,0.000000000000000000e+00,0.000000000000000000e+00,0.000000000000000000e+00,0.000000000000000000e+00,0.000000000000000000e+00,0.000000000000000000e+00,0.000000000000000000e+00,0.000000000000000000e+00,0.000000000000000000e+00,0.000000000000000000e+00,2.743364524841308594e+01,5.496978759765625000e-03,1.806259155273437500e-02,-1.166725158691406250e-02,-1.953125000000000000e-03,1.630783081054687500e-02,1.411437988281250000e-04,-5.035400390625000000e-04,-2.441406250000000000e-04,-1.029968261718750000e-04,-1.325607299804687500e-03,1.804351806640625000e-03,1.014709472656250000e-03,-1.749038696289062500e-03,-3.234863281250000000e-03,4.724502563476562500e-03,1.766204833984375000e-03,-5.245208740234375000e-04,1.148223876953125000e-03,9.002685546875000000e-04,-3.414154052734375000e-04,-1.468658447265625000e-04,1.945495605468750000e-03
0.000000000000000000e+00,0.000000000000000000e+00,0.000000000000000000e+00,0.000000000000000000e+00,0.000000000000000000e+00,0.000000000000000000e+00,0.000000000000000000e+00,0.000000000000000000e+00,0.000000000000000000e+00,0.000000000000000000e+00,0.000000000000000000e+00,0.000000000000000000e+00,0.000000000000000000e+00,0.000000000000000000e+00,0.000000000000000000e+00,0.000000000000000000e+00,0.000000000000000000e+00,0.000000000000000000e+00,0.000000000000000000e+00,0.000000000000000000e+00,2.742778396606445312e+01,3.315734863281250000e-02,7.200241088867187500e-03,1.147079467773437500e-02,1.543045043945312500e-03,1.442909240722656250e-02,4.024505615234375000e-04,-1.239776611328125000e-03,-1.754760742187500000e-04,-5.268096923828125000e-03,-1.432418823242187500e-03,2.269744873046875000e-04,-2.700805664062500000e-03,1.443862915039062500e-03,-5.340576171875000000e-03,5.651473999023437500e-03,8.850097656250000000e-04,1.201629638671875000e-04,8.602142333984375000e-04,-2.574920654296875000e-04,-2.841949462890625000e-04,-1.796722412109375000e-03,3.993988037109375000e-03
0.000000000000000000e+00,0.000000000000000000e+00,0.000000000000000000e+00,0.000000000000000000e+00,0.000000000000000000e+00,0.000000000000000000e+00,0.000000000000000000e+00,0.000000000000000000e+00,0.000000000000000000e+00,0.000000000000000000e+00,0.000000000000000000e+00,0.000000000000000000e+00,0.000000000000000000e+00,0.000000000000000000e+00,0.000000000000000000e+00,0.000000000000000000e+00,0.000000000000000000e+00,0.000000000000000000e+00,0.000000000000000000e+00,0.000000000000000000e+00,2.747179412841796875e+01,-3.219604492187500000e-03,5.668640136718750000e-03,2.748680114746093750e-02,1.308250427246093750e-02,1.622772216796875000e-02,7.953643798828125000e-03,-7.591247558593750000e-04,-6.122589111328125000e-04,-2.258300781250000000e-03,3.627777099609375000e-03,-2.498626708984375000e-04,-2.632141113281250000e-04,5.401611328125000000e-03,-4.049301147460937500e-03,1.474380493164062500e-03,1.497268676757812500e-03,-4.432678222656250000e-03,7.095336914062500000e-04,9.708404541015625000e-04,-6.103515625000000000e-05,-2.248764038085937500e-03,7.440567016601562500e-03
0.000000000000000000e+00,0.000000000000000000e+00,0.000000000000000000e+00,0.000000000000000000e+00,0.000000000000000000e+00,0.000000000000000000e+00,0.000000000000000000e+00,0.000000000000000000e+00,0.000000000000000000e+00,0.000000000000000000e+00,0.000000000000000000e+00,0.000000000000000000e+00,0.000000000000000000e+00,0.000000000000000000e+00,0.000000000000000000e+00,0.000000000000000000e+00,0.000000000000000000e+00,0.000000000000000000e+00,0.000000000000000000e+00,0.000000000000000000e+00,2.746326446533203125e+01,3.482818603515625000e-03,9.483337402343750000e-03,2.352905273437500000e-02,1.199531555175781250e-02,-3.367233276367187500e-02,5.212783813476562500e-03,1.020431518554687500e-03,-2.246856689453125000e-03,-1.507186889648437500e-02,6.372451782226562500e-03,-4.005432128906250000e-05,3.179550170898437500e-03,9.878158569335937500e-03,-1.288032531738281250e-02,1.434326171875000000e-02,-1.815795898437500000e-03,-5.460739135742187500e-03,3.890991210937500000e-04,2.565383911132812500e-03,-9.346008300781250000e-05,-1.888275146484375000e-04,7.726669311523437500e-03
0.000000000000000000e+00,0.000000000000000000e+00,0.000000000000000000e+00,0.000000000000000000e+00,0.000000000000000000e+00,0.000000000000000000e+00,0.000000000000000000e+00,0.000000000000000000e+00,0.000000000000000000e+00,0.000000000000000000e+00,0.000000000000000000e+00,0.000000000000000000e+00,0.000000000000000000e+00,0.000000000000000000e+00,0.000000000000000000e+00,0.000000000000000000e+00,0.000000000000000000e+00,0.000000000000000000e+00,0.000000000000000000e+00,0.000000000000000000e+00,2.747870826721191406e+01,2.391815185546875000e-03,1.389122009277343750e-02,1.824760437011718750e-02,1.613616943359375000e-02,-3.063011169433593750e-02,5.260467529296875000e-03,1.441955566406250000e-03,2.460479736328125000e-04,7.572174072265625000e-03,4.169464111328125000e-03,7.596969604492187500e-03,1.043319702148437500e-03,1.314163208007812500e-02,-1.105690002441406250e-02,7.465362548828125000e-03,-2.460479736328125000e-03,3.261566162109375000e-04,4.787445068359375000e-04,3.091812133789062500e-03,-9.155273437500000000e-05,2.136230468750000000e-04,1.328468322753906250e-02
0.000000000000000000e+00,0.000000000000000000e+00,0.000000000000000000e+00,0.000000000000000000e+00,0.000000000000000000e+00,0.000000000000000000e+00,0.000000000000000000e+00,0.000000000000000000e+00,0.000000000000000000e+00,0.000000000000000000e+00,0.000000000000000000e+00,0.000000000000000000e+00,0.000000000000000000e+00,0.000000000000000000e+00,0.000000000000000000e+00,0.000000000000000000e+00,0.000000000000000000e+00,0.000000000000000000e+00,0.000000000000000000e+00,0.000000000000000000e+00,2.741212463378906250e+01,1.924324035644531250e-02,8.949279785156250000e-03,6.584167480468750000e-03,1.306533813476562500e-02,-1.161766052246093750e-02,3.488540649414062500e-03,1.405715942382812500e-03,-2.119064331054687500e-03,9.635925292968750000e-03,5.010604858398437500e-03,8.920669555664062500e-03,1.146316528320312500e-03,1.124000549316406250e-02,-1.724243164062500000e-03,-6.446838378906250000e-03,-5.725860595703125000e-03,-2.847671508789062500e-03,4.596710205078125000e-04,4.711151123046875000e-03,1.716613769531250000e-04,1.201629638671875000e-04,1.396179199218750000e-02
0.000000000000000000e+00,0.000000000000000000e+00,0.000000000000000000e+00,0.000000000000000000e+00,0.000000000000000000e+00,0.000000000000000000e+00,0.000000000000000000e+00,0.000000000000000000e+00,0.000000000000000000e+00,0.000000000000000000e+00,0.000000000000000000e+00,0.000000000000000000e+00,0.000000000000000000e+00,0.000000000000000000e+00,0.000000000000000000e+00,0.000000000000000000e+00,0.000000000000000000e+00,0.000000000000000000e+00,0.000000000000000000e+00,0.000000000000000000e+00,2.740840530395507812e+01,3.997802734375000000e-02,9.340286254882812500e-03,6.237030029296875000e-04,1.719856262207031250e-02,-2.000617980957031250e-02,1.897811889648437500e-03,1.449584960937500000e-03,-2.183914184570312500e-03,1.703262329101562500e-02,3.866195678710937500e-03,1.096343994140625000e-02,-2.555847167968750000e-04,1.520538330078125000e-02,-5.397796630859375000e-04,-1.116752624511718750e-02,-8.991241455078125000e-03,-1.245498657226562500e-03,5.321502685546875000e-04,5.027770996093750000e-03,3.643035888671875000e-04,3.643035888671875000e-04,9.969711303710937500e-03
0.000000000000000000e+00,0.000000000000000000e+00,0.000000000000000000e+00,0.000000000000000000e+00,0.000000000000000000e+00,0.000000000000000000e+00,0.000000000000000000e+00,0.000000000000000000e+00,0.000000000000000000e+00,0.000000000000000000e+00,0.000000000000000000e+00,0.000000000000000000e+00,0.000000000000000000e+00,0.000000000000000000e+00,0.000000000000000000e+00,0.000000000000000000e+00,0.000000000000000000e+00,0.000000000000000000e+00,0.000000000000000000e+00,0.000000000000000000e+00,2.748725891113281250e+01,1.297130584716796875e-01,4.613876342773437500e-03,-8.853912353515625000e-03,8.037567138671875000e-03,-3.479766845703125000e-02,7.747650146484375000e-03,-2.037048339843750000e-03,-5.149841308593750000e-03,1.575469970703125000e-03,-7.028579711914062500e-03,2.351951599121093750e-02,3.761291503906250000e-03,1.556587219238281250e-02,8.277893066406250000e-04,6.652832031250000000e-03,-1.371955871582031250e-02,1.381492614746093750e-02,5.817413330078125000e-04,2.233505249023437500e-03,5.130767822265625000e-04,2.702713012695312500e-03,9.910583496093750000e-03
0.000000000000000000e+00,0.000000000000000000e+00,0.000000000000000000e+00,0.000000000000000000e+00,0.000000000000000000e+00,0.000000000000000000e+00,0.000000000000000000e+00,0.000000000000000000e+00,0.000000000000000000e+00,0.000000000000000000e+00,0.000000000000000000e+00,0.000000000000000000e+00,0.000000000000000000e+00,0.000000000000000000e+00,0.000000000000000000e+00,0.000000000000000000e+00,0.000000000000000000e+00,0.000000000000000000e+00,0.000000000000000000e+00,0.000000000000000000e+00,2.754235267639160156e+01,1.497917175292968750e-01,1.119041442871093750e-02,-7.263183593750000000e-03,1.538658142089843750e-02,-3.325843811035156250e-02,6.513595581054687500e-03,5.931854248046875000e-04,1.506805419921875000e-03,-1.834869384765625000e-03,-2.578735351562500000e-02,2.305030822753906250e-02,3.061294555664062500e-03,1.429557800292968750e-02,3.623962402343750000e-05,1.441955566406250000e-03,-2.525138854980468750e-02,1.383972167968750000e-02,3.414154052734375000e-04,1.348495483398437500e-03,5.035400390625000000e-04,4.953384399414062500e-03,3.189086914062500000e-03
0.000000000000000000e+00,0.000000000000000000e+00,0.000000000000000000e+00,0.000000000000000000e+00,0.000000000000000000e+00,0.000000000000000000e+00,0.000000000000000000e+00,0.000000000000000000e+00,0.000000000000000000e+00,0.000000000000000000e+00,0.000000000000000000e+00,0.000000000000000000e+00,0.000000000000000000e+00,0.000000000000000000e+00,0.000000000000000000e+00,0.000000000000000000e+00,0.000000000000000000e+00,0.000000000000000000e+00,0.000000000000000000e+00,0.000000000000000000e+00,2.746969985961914062e+01,1.240863800048828125e-01,8.157730102539062500e-03,7.564544677734375000e-03,3.808975219726562500e-03,-6.652641296386718750e-02,3.713607788085937500e-03,1.234054565429687500e-03,-9.529113769531250000e-03,-1.929473876953125000e-02,6.935119628906250000e-03,2.438545227050781250e-02,-2.107620239257812500e-03,1.347541809082031250e-02,-6.715774536132812500e-03,1.247596740722656250e-02,-2.724456787109375000e-02,1.524734497070312500e-02,4.501342773437500000e-04,4.245758056640625000e-03,5.950927734375000000e-04,2.805709838867187500e-03,-1.583099365234375000e-04
0.000000000000000000e+00,0.000000000000000000e+00,0.000000000000000000e+00,0.000000000000000000e+00,0.000000000000000000e+00,0.000000000000000000e+00,0.000000000000000000e+00,0.000000000000000000e+00,0.000000000000000000e+00,0.000000000000000000e+00,0.000000000000000000e+00,0.000000000000000000e+00,0.000000000000000000e+00,0.000000000000000000e+00,0.000000000000000000e+00,0.000000000000000000e+00,0.000000000000000000e+00,0.000000000000000000e+00,0.000000000000000000e+00,0.000000000000000000e+00,2.738659858703613281e+01,2.954101562500000000e-02,1.638793945312500000e-02,-3.618240356445312500e-03,8.838653564453125000e-03,-1.061038970947265625e-01,-1.428794860839843750e-02,7.900238037109375000e-03,-1.296997070312500000e-03,-1.861190795898437500e-02,3.837776184082031250e-02,2.163696289062500000e-02,-4.356384277343750000e-03,7.333755493164062500e-03,-2.689361572265625000e-04,2.726173400878906250e-02,-2.766990661621093750e-02,1.047325134277343750e-02,2.689361572265625000e-04,7.806777954101562500e-03,6.237030029296875000e-04,2.605438232421875000e-03,1.160621643066406250e-02
0.000000000000000000e+00,0.000000000000000000e+00,0.000000000000000000e+00,0.000000000000000000e+00,0.000000000000000000e+00,0.000000000000000000e+00,0.000000000000000000e+00,0.000000000000000000e+00,0.000000000000000000e+00,0.000000000000000000e+00,0.000000000000000000e+00,0.000000000000000000e+00,0.000000000000000000e+00,0.000000000000000000e+00,0.000000000000000000e+00,0.000000000000000000e+00,0.000000000000000000e+00,0.000000000000000000e+00,0.000000000000000000e+00,0.000000000000000000e+00,2.744420623779296875e+01,3.879165649414062500e-02,2.640914916992187500e-02,8.583068847656250000e-05,-4.680633544921875000e-03,-6.239128112792968750e-02,-2.459144592285156250e-02,7.104873657226562500e-03,2.086639404296875000e-03,-2.105140686035156250e-02,2.228927612304687500e-02,1.486968994140625000e-02,-4.888534545898437500e-03,2.569198608398437500e-03,-3.276824951171875000e-03,5.514526367187500000e-02,-2.374458312988281250e-02,1.324462890625000000e-02,-1.525878906250000000e-04,4.346847534179687500e-03,1.077651977539062500e-03,4.478454589843750000e-03,-1.353073120117187500e-02
0.000000000000000000e+00,0.000000000000000000e+00,0.000000000000000000e+00,0.000000000000000000e+00,0.000000000000000000e+00,0.000000000000000000e+00,0.000000000000000000e+00,0.000000000000000000e+00,0.000000000000000000e+00,0.000000000000000000e+00,0.000000000000000000e+00,0.000000000000000000e+00,0.000000000000000000e+00,0.000000000000000000e+00,0.000000000000000000e+00,0.000000000000000000e+00,0.000000000000000000e+00,0.000000000000000000e+00,0.000000000000000000e+00,0.000000000000000000e+00,2.729471015930175781e+01,1.842498779296875000e-03,2.468490600585937500e-02,-1.128578186035156250e-02,6.309509277343750000e-03,-1.773586273193359375e-01,-1.684379577636718750e-02,5.420684814453125000e-03,3.528594970703125000e-03,-2.288055419921875000e-02,5.155563354492187500e-03,1.694107055664062500e-02,-1.110076904296875000e-03,9.307861328125000000e-04,-2.323150634765625000e-03,5.473899841308593750e-02,-2.813911437988281250e-02,8.533477783203125000e-03,-1.792907714843750000e-04,3.440856933593750000e-03,1.155853271484375000e-03,5.653381347656250000e-03,-1.754760742187500000e-03
0.000000000000000000e+00,0.000000000000000000e+00,0.000000000000000000e+00,0.000000000000000000e+00,0.000000000000000000e+00,0.000000000000000000e+00,0.000000000000000000e+00,0.000000000000000000e+00,0.000000000000000000e+00,0.000000000000000000e+00,0.000000000000000000e+00,0.000000000000000000e+00,0.000000000000000000e+00,0.000000000000000000e+00,0.000000000000000000e+00,0.000000000000000000e+00,0.000000000000000000e+00,0.000000000000000000e+00,0.000000000000000000e+00,0.000000000000000000e+00,2.711679267883300781e+01,-3.535652160644531250e-02,5.709838867187500000e-02,-1.453018188476562500e-02,1.840972900390625000e-02,-1.600475311279296875e-01,-4.478454589843750000e-02,1.048278808593750000e-02,-3.681182861328125000e-04,-4.103088378906250000e-02,-4.086112976074218750e-02,-6.580352783203125000e-04,-3.673553466796875000e-03,7.724761962890625000e-04,2.246856689453125000e-03,5.978393554687500000e-02,-3.986358642578125000e-04,8.388519287109375000e-03,5.970001220703125000e-04,3.173828125000000000e-03,8.277893066406250000e-04,2.441406250000000000e-04,2.672767639160156250e-02
0.000000000000000000e+00,0.000000000000000000e+00,0.000000000000000000e+00,0.000000000000000000e+00,0.000000000000000000e+00,0.000000000000000000e+00,0.000000000000000000e+00,0.000000000000000000e+00,0.000000000000000000e+00,0.000000000000000000e+00,0.000000000000000000e+00,0.000000000000000000e+00,0.000000000000000000e+00,0.000000000000000000e+00,0.000000000000000000e+00,0.000000000000000000e+00,0.000000000000000000e+00,0.000000000000000000e+00,0.000000000000000000e+00,0.000000000000000000e+00,2.709552192687988281e+01,-3.915214538574218750e-02,4.225540161132812500e-02,-3.170013427734375000e-03,1.742172241210937500e-02,-1.584339141845703125e-01,-4.891014099121093750e-02,4.858016967773437500e-03,-5.022048950195312500e-03,-3.404617309570312500e-02,-4.957199096679687500e-02,2.384185791015625000e-04,-2.574920654296875000e-04,-8.926391601562500000e-04,8.792877197265625000e-04,6.521034240722656250e-02,8.333206176757812500e-03,4.705429077148437500e-03,1.192092895507812500e-03,2.136230468750000000e-03,1.010894775390625000e-03,-3.589630126953125000e-03,4.871368408203125000e-02
0.000000000000000000e+00,0.000000000000000000e+00,0.000000000000000000e+00,0.000000000000000000e+00,0.000000000000000000e+00,0.000000000000000000e+00,0.000000000000000000e+00,0.000000000000000000e+00,0.000000000000000000e+00,0.000000000000000000e+00,0.000000000000000000e+00,0.000000000000000000e+00,0.000000000000000000e+00,0.000000000000000000e+00,0.000000000000000000e+00,0.000000000000000000e+00,0.000000000000000000e+00,0.000000000000000000e+00,0.000000000000000000e+00,0.000000000000000000e+00,2.704544830322265625e+01,5.708694458007812500e-03,1.835441589355468750e-02,-7.730484008789062500e-03,-1.022911071777343750e-02,-1.415634155273437500e-01,-6.961250305175781250e-02,5.708694458007812500e-03,-2.836227416992187500e-03,9.700775146484375000e-03,-9.274291992187500000e-02,-2.174377441406250000e-04,4.158020019531250000e-04,3.719329833984375000e-04,3.759384155273437500e-03,2.353858947753906250e-02,2.906990051269531250e-02,1.273155212402343750e-02,8.449554443359375000e-04,9.746551513671875000e-04,1.073837280273437500e-03,-3.967285156250000000e-03,9.900665283203125000e-02
0.000000000000000000e+00,0.000000000000000000e+00,0.000000000000000000e+00,0.000000000000000000e+00,0.000000000000000000e+00,0.000000000000000000e+00,0.000000000000000000e+00,0.000000000000000000e+00,0.000000000000000000e+00,0.000000000000000000e+00,0.000000000000000000e+00,0.000000000000000000e+00,0.000000000000000000e+00,0.000000000000000000e+00,0.000000000000000000e+00,0.000000000000000000e+00,0.000000000000000000e+00,0.000000000000000000e+00,0.000000000000000000e+00,0.000000000000000000e+00,2.693388366699218750e+01,6.307601928710937500e-03,1.440238952636718750e-02,-2.504348754882812500e-03,-9.574890136718750000e-04,-8.972358703613281250e-02,-2.605438232421875000e-02,2.443313598632812500e-03,-3.557205200195312500e-03,9.016036987304687500e-03,-8.727645874023437500e-02,3.713607788085937500e-03,-7.858276367187500000e-04,9.479522705078125000e-04,1.180648803710937500e-03,3.805541992187500000e-02,2.305984497070312500e-03,9.164810180664062500e-03,1.222610473632812500e-03,-5.004882812500000000e-03,8.373260498046875000e-04,-7.900238037109375000e-03,5.102157592773437500e-03
0.000000000000000000e+00,0.000000000000000000e+00,0.000000000000000000e+00,0.000000000000000000e+00,0.000000000000000000e+00,0.000000000000000000e+00,0.000000000000000000e+00,0.000000000000000000e+00,0.000000000000000000e+00,0.000000000000000000e+00,0.000000000000000000e+00,0.000000000000000000e+00,0.000000000000000000e+00,0.000000000000000000e+00,0.000000000000000000e+00,0.000000000000000000e+00,0.000000000000000000e+00,0.000000000000000000e+00,0.000000000000000000e+00,0.000000000000000000e+00,2.692605781555175781e+01,8.064270019531250000e-03,1.344108581542968750e-02,-4.060745239257812500e-03,-3.406524658203125000e-03,-5.612373352050781250e-02,-2.135276794433593750e-02,3.202438354492187500e-03,-4.808425903320312500e-03,1.569938659667968750e-02,-4.805183410644531250e-02,2.870559692382812500e-03,-1.298904418945312500e-03,1.932144165039062500e-03,-8.831024169921875000e-04,3.843307495117187500e-02,2.204895019531250000e-03,1.308822631835937500e-02,8.049011230468750000e-04,-7.247924804687500000e-03,1.161575317382812500e-03,-1.345634460449218750e-02,-4.752349853515625000e-02
0.000000000000000000e+00,0.000000000000000000e+00,0.000000000000000000e+00,0.000000000000000000e+00,0.000000000000000000e+00,0.000000000000000000e+00,0.000000000000000000e+00,0.000000000000000000e+00,0.000000000000000000e+00,0.000000000000000000e+00,0.000000000000000000e+00,0.000000000000000000e+00,0.000000000000000000e+00,0.000000000000000000e+00,0.000000000000000000e+00,0.000000000000000000e+00,0.000000000000000000e+00,0.000000000000000000e+00,0.000000000000000000e+00,0.000000000000000000e+00,2.694226264953613281e+01,1.524734497070312500e-02,1.115417480468750000e-02,-1.914978027343750000e-03,-6.523132324218750000e-03,-4.405784606933593750e-02,-2.872276306152343750e-02,1.556396484375000000e-03,1.848220825195312500e-03,1.729393005371093750e-02,-2.028656005859375000e-02,4.386901855468750000e-03,-3.303527832031250000e-03,7.820129394531250000e-04,-3.047943115234375000e-03,4.759216308593750000e-02,5.594253540039062500e-03,-4.621505737304687500e-03,9.098052978515625000e-04,-9.265899658203125000e-03,2.822875976562500000e-04,-1.273918151855468750e-02,-4.611015319824218750e-02
0.000000000000000000e+00,0.000000000000000000e+00,0.000000000000000000e+00,0.000000000000000000e+00,0.000000000000000000e+00,0.000000000000000000e+00,0.000000000000000000e+00,0.000000000000000000e+00,0.000000000000000000e+00,0.000000000000000000e+00,0.000000000000000000e+00,0.000000000000000000e+00,0.000000000000000000e+00,0.000000000000000000e+00,0.000000000000000000e+00,0.000000000000000000e+00,0.000000000000000000e+00,0.000000000000000000e+00,0.000000000000000000e+00,0.000000000000000000e+00,2.686256980895996094e+01,1.490020751953125000e-02,6.210327148437500000e-03,5.702972412109375000e-04,2.326965332031250000e-04,-4.238891601562500000e-02,-3.451538085937500000e-02,-6.523132324218750000e-03,1.869201660156250000e-04,1.091575622558593750e-02,-1.241683959960937500e-02,4.501342773437500000e-04,-2.515792846679687500e-03,2.059936523437500000e-03,-3.101348876953125000e-03,4.961967468261718750e-02,4.407882690429687500e-03,4.655838012695312500e-03,5.340576171875000000e-05,9.822845458984375000e-04,5.340576171875000000e-05,-7.385253906250000000e-03,-1.808738708496093750e-02
0.000000000000000000e+00,0.000000000000000000e+00,0.000000000000000000e+00,0.000000000000000000e+00,0.000000000000000000e+00,0.000000000000000000e+00,0.000000000000000000e+00,0.000000000000000000e+00,0.000000000000000000e+00,0.000000000000000000e+00,0.000000000000000000e+00,0.000000000000000000e+00,0.000000000000000000e+00,0.000000000000000000e+00,0.000000000000000000e+00,0.000000000000000000e+00,0.000000000000000000e+00,0.000000000000000000e+00,0.000000000000000000e+00,0.000000000000000000e+00,2.628637886047363281e+01,2.513885498046875000e-03,-1.268386840820312500e-03,5.321502685546875000e-04,5.420684814453125000e-03,5.117416381835937500e-03,-9.832382202148437500e-03,-7.535934448242187500e-03,-1.415252685546875000e-03,8.462905883789062500e-03,1.099395751953125000e-02,-3.433227539062500000e-04,-8.754730224609375000e-04,1.922607421875000000e-03,-2.494812011718750000e-03,1.659393310546875000e-02,-6.771087646484375000e-04,7.032585144042968750e-02,1.697540283203125000e-04,8.754730224609375000e-04,1.068115234375000000e-04,1.215934753417968750e-02,2.870941162109375000e-01
0.000000000000000000e+00,0.000000000000000000e+00,0.000000000000000000e+00,0.000000000000000000e+00,0.000000000000000000e+00,0.000000000000000000e+00,0.000000000000000000e+00,0.000000000000000000e+00,0.000000000000000000e+00,0.000000000000000000e+00,0.000000000000000000e+00,0.000000000000000000e+00,0.000000000000000000e+00,0.000000000000000000e+00,0.000000000000000000e+00,0.000000000000000000e+00,0.000000000000000000e+00,0.000000000000000000e+00,0.000000000000000000e+00,0.000000000000000000e+00,2.539001464843750000e+01,-4.468917846679687500e-03,-7.629394531250000000e-05,3.681182861328125000e-03,1.104164123535156250e-02,-1.217842102050781250e-02,-1.497268676757812500e-03,-8.544921875000000000e-03,-3.402709960937500000e-03,-6.685256958007812500e-03,4.146575927734375000e-03,-7.381439208984375000e-04,-1.276016235351562500e-03,1.249313354492187500e-03,-2.231597900390625000e-03,2.008438110351562500e-03,1.258850097656250000e-04,1.317977905273437500e-01,2.632141113281250000e-04,1.089096069335937500e-03,8.583068847656250000e-05,1.230049133300781250e-02,1.270629882812500000e+00
0.000000000000000000e+00,0.000000000000000000e+00,0.000000000000000000e+00,0.000000000000000000e+00,0.000000000000000000e+00,0.000000000000000000e+00,0.000000000000000000e+00,0.000000000000000000e+00,0.000000000000000000e+00,0.000000000000000000e+00,0.000000000000000000e+00,0.000000000000000000e+00,0.000000000000000000e+00,0.000000000000000000e+00,0.000000000000000000e+00,0.000000000000000000e+00,0.000000000000000000e+00,0.000000000000000000e+00,0.000000000000000000e+00,0.000000000000000000e+00,1.616648864746093750e+01,-4.959106445312500000e-03,5.340576171875000000e-05,2.534866333007812500e-03,1.044845581054687500e-02,2.737045288085937500e-03,-2.393722534179687500e-03,-4.892349243164062500e-03,-1.670837402343750000e-03,-6.959915161132812500e-03,5.855560302734375000e-04,1.716613769531250000e-04,-4.310607910156250000e-04,6.332397460937500000e-04,-1.070022583007812500e-03,2.332687377929687500e-03,1.926422119140625000e-04,1.203536987304687500e-01,2.887725830078125000e-03,9.117126464843750000e-04,2.574920654296875000e-04,1.657505035400390625e-01,9.586841583251953125e+00
0.000000000000000000e+00,0.000000000000000000e+00,0.000000000000000000e+00,0.000000000000000000e+00,0.000000000000000000e+00,0.000000000000000000e+00,0.000000000000000000e+00,0.000000000000000000e+00,0.000000000000000000e+00,0.000000000000000000e+00,0.000000000000000000e+00,0.000000000000000000e+00,0.000000000000000000e+00,0.000000000000000000e+00,0.000000000000000000e+00,0.000000000000000000e+00,0.000000000000000000e+00,0.000000000000000000e+00,0.000000000000000000e+00,0.000000000000000000e+00,6.510080337524414062e+00,-7.251739501953125000e-03,5.741119384765625000e-04,1.815795898437500000e-03,1.097869873046875000e-02,1.494026184082031250e-02,2.681732177734375000e-03,5.294799804687500000e-03,-1.846313476562500000e-03,-2.508163452148437500e-03,6.860733032226562500e-03,1.659393310546875000e-04,-3.490447998046875000e-04,5.092620849609375000e-04,-1.245498657226562500e-03,2.145767211914062500e-03,2.090454101562500000e-03,1.332321166992187500e-01,3.578186035156250000e-03,1.144409179687500000e-03,1.201629638671875000e-04,2.931652069091796875e-01,2.025664901733398438e+01
0.000000000000000000e+00,0.000000000000000000e+00,0.000000000000000000e+00,0.000000000000000000e+00,0.000000000000000000e+00,0.000000000000000000e+00,0.000000000000000000e+00,0.000000000000000000e+00,0.000000000000000000e+00,0.000000000000000000e+00,0.000000000000000000e+00,0.000000000000000000e+00,0.000000000000000000e+00,0.000000000000000000e+00,0.000000000000000000e+00,0.000000000000000000e+00,0.000000000000000000e+00,0.000000000000000000e+00,0.000000000000000000e+00,0.000000000000000000e+00,7.139469146728515625e+00,-1.008987426757812500e-03,-7.057189941406250000e-05,2.487182617187500000e-03,8.617401123046875000e-03,1.564025878906250000e-03,6.904602050781250000e-04,3.881454467773437500e-03,-1.033782958984375000e-03,-5.174636840820312500e-03,4.964828491210937500e-03,2.002716064453125000e-04,-1.201629638671875000e-04,8.831024169921875000e-04,-1.861572265625000000e-03,2.193450927734375000e-04,1.550674438476562500e-03,8.442687988281250000e-02,3.021240234375000000e-03,5.264282226562500000e-04,5.912780761718750000e-05,2.884368896484375000e-01,2.025035667419433594e+01
0.000000000000000000e+00,0.000000000000000000e+00,0.000000000000000000e+00,0.000000000000000000e+00,0.000000000000000000e+00,0.000000000000000000e+00,0.000000000000000000e+00,0.000000000000000000e+00,0.000000000000000000e+00,0.000000000000000000e+00,0.000000000000000000e+00,0.000000000000000000e+00,0.000000000000000000e+00,0.000000000000000000e+00,0.000000000000000000e+00,0.000000000000000000e+00,0.000000000000000000e+00,0.000000000000000000e+00,0.000000000000000000e+00,0.000000000000000000e+00,7.547023773193359375e+00,6.538391113281250000e-03,3.757476806640625000e-04,5.598068237304687500e-03,6.677627563476562500e-03,-3.595352172851562500e-03,5.788803100585937500e-03,7.564544677734375000e-03,-1.028060913085937500e-03,-5.672454833984375000e-03,2.208709716796875000e-03,3.929138183593750000e-04,-2.231597900390625000e-04,3.616333007812500000e-03,-2.958297729492187500e-03,1.892089843750000000e-03,9.975433349609375000e-04,1.090660095214843750e-01,-1.333236694335937500e-03,3.108978271484375000e-04,-1.258850097656250000e-04,2.779521942138671875e-01,1.924539375305175781e+01
0.000000000000000000e+00,0.000000000000000000e+00,0.000000000000000000e+00,0.000000000000000000e+00,0.000000000000000000e+00,0.000000000000000000e+00,0.000000000000000000e+00,0.000000000000000000e+00,0.000000000000000000e+00,0.000000000000000000e+00,0.000000000000000000e+00,0.000000000000000000e+00,0.000000000000000000e+00,0.000000000000000000e+00,0.000000000000000000e+00,0.000000000000000000e+00,0.000000000000000000e+00,0.000000000000000000e+00,0.000000000000000000e+00,0.000000000000000000e+00,3.572633743286132812e+00,6.776809692382812500e-03,3.871917724609375000e-04,7.045745849609375000e-03,8.098602294921875000e-03,3.509521484375000000e-03,8.892059326171875000e-03,1.068496704101562500e-02,-6.256103515625000000e-04,-4.943847656250000000e-03,1.241683959960937500e-03,3.223419189453125000e-04,5.531311035156250000e-05,1.884460449218750000e-03,-1.996994018554687500e-03,-3.683090209960937500e-03,5.950927734375000000e-04,7.757759094238281250e-02,-2.994537353515625000e-04,4.100799560546875000e-04,1.907348632812500000e-06,1.582126617431640625e-01,2.292907524108886719e+01
0.000000000000000000e+00,0.000000000000000000e+00,0.000000000000000000e+00,0.000000000000000000e+00,0.000000000000000000e+00,0.000000000000000000e+00,0.000000000000000000e+00,0.000000000000000000e+00,0.000000000000000000e+00,0.000000000000000000e+00,0.000000000000000000e+00,0.000000000000000000e+00,0.000000000000000000e+00,0.000000000000000000e+00,0.000000000000000000e+00,0.000000000000000000e+00,0.000000000000000000e+00,0.000000000000000000e+00,0.000000000000000000e+00,0.000000000000000000e+00,0.000000000000000000e+00,0.000000000000000000e+00,0.000000000000000000e+00,0.000000000000000000e+00,0.000000000000000000e+00,0.000000000000000000e+00,0.000000000000000000e+00,0.000000000000000000e+00,0.000000000000000000e+00,0.000000000000000000e+00,0.000000000000000000e+00,0.000000000000000000e+00,0.000000000000000000e+00,0.000000000000000000e+00,0.000000000000000000e+00,0.000000000000000000e+00,0.000000000000000000e+00,0.000000000000000000e+00,0.000000000000000000e+00,0.000000000000000000e+00,0.000000000000000000e+00,0.000000000000000000e+00,2.743707275390625000e+01
