0.000000000000000000e+00,0.000000000000000000e+00,0.000000000000000000e+00,0.000000000000000000e+00,0.000000000000000000e+00,0.000000000000000000e+00,0.000000000000000000e+00,0.000000000000000000e+00,0.000000000000000000e+00,0.000000000000000000e+00,0.000000000000000000e+00,0.000000000000000000e+00,0.000000000000000000e+00,0.000000000000000000e+00,0.000000000000000000e+00,0.000000000000000000e+00,0.000000000000000000e+00,0.000000000000000000e+00,0.000000000000000000e+00,0.000000000000000000e+00,1.246434235623061504e+01,3.898168409029977023e-10,2.323746801664203204e-08,1.353891788017749837e-08,6.631773162123979118e-10,1.280962644377388045e-08,1.532203716442976510e-11,5.132265903461368330e-12,1.859364043658684973e-12,2.282257121966529136e-12,8.062345831778210649e-12,4.094591514600133188e-10,3.556138137573215112e-10,8.047410602539947211e-11,2.038704772382652346e-09,8.518704889949750874e-09,7.861212217291448941e-10,1.168640481680193121e-12,5.503117623482181256e-11,5.906486501461122592e-11,1.235969679681450414e-11,1.059802883339410239e-11,1.483177326353430763e-10
0.000000000000000000e+00,0.000000000000000000e+00,0.000000000000000000e+00,0.000000000000000000e+00,0.000000000000000000e+00,0.000000000000000000e+00,0.000000000000000000e+00,0.000000000000000000e+00,0.000000000000000000e+00,0.000000000000000000e+00,0.000000000000000000e+00,0.000000000000000000e+00,0.000000000000000000e+00,0.000000000000000000e+00,0.000000000000000000e+00,0.000000000000000000e+00,0.000000000000000000e+00,0.000000000000000000e+00,0.000000000000000000e+00,0.000000000000000000e+00,1.245848144309529637e+01,2.927539242893216239e-08,9.027875595623729725e-09,1.031313105849797701e-09,1.962862380451762764e-10,1.014328361803800963e-08,3.394181666553068442e-10,1.579507635326800830e-10,9.251199502765812184e-12,1.994240483814927827e-10,5.115991223640414314e-11,3.945055428146219316e-10,6.728471628036703414e-09,3.013129746466823992e-11,7.719330475043102939e-09,1.057151473039302722e-08,1.475840849627023440e-11,1.194196065963262182e-10,6.879837187118427609e-11,6.134068454220748133e-11,1.338086160603379437e-11,7.389530822313908261e-11,9.769399992819116261e-10
0.000000000000000000e+00,0.000000000000000000e+00,0.000000000000000000e+00,0.000000000000000000e+00,0.000000000000000000e+00,0.000000000000000000e+00,0.000000000000000000e+00,0.000000000000000000e+00,0.000000000000000000e+00,0.000000000000000000e+00,0.000000000000000000e+00,0.000000000000000000e+00,0.000000000000000000e+00,0.000000000000000000e+00,0.000000000000000000e+00,0.000000000000000000e+00,0.000000000000000000e+00,0.000000000000000000e+00,0.000000000000000000e+00,0.000000000000000000e+00,1.250249104738590411e+01,8.567195209736773666e-09,1.175340234399387744e-08,4.019679087005449389e-08,6.237654276039151828e-09,3.908561970732615631e-08,7.884028670482887557e-09,6.111418395485066735e-11,1.879055391849249538e-11,6.047062182351108632e-11,4.889653019953932839e-10,1.049986559140191072e-08,7.635142645455056310e-09,3.865465633487347827e-10,7.726092945891411944e-09,8.410339318087476537e-09,1.735248034194578078e-10,1.496679475899524675e-09,1.423137541597189924e-11,5.610804663488029748e-10,2.837649165831211071e-11,2.052951625533904894e-10,4.438740637304623986e-09
0.000000000000000000e+00,0.000000000000000000e+00,0.000000000000000000e+00,0.000000000000000000e+00,0.000000000000000000e+00,0.000000000000000000e+00,0.000000000000000000e+00,0.000000000000000000e+00,0.000000000000000000e+00,0.000000000000000000e+00,0.000000000000000000e+00,0.000000000000000000e+00,0.000000000000000000e+00,0.000000000000000000e+00,0.000000000000000000e+00,0.000000000000000000e+00,0.000000000000000000e+00,0.000000000000000000e+00,0.000000000000000000e+00,0.000000000000000000e+00,1.249396229787172352e+01,9.087180790095428982e-10,1.515344659084996317e-08,5.221924794689671090e-08,1.465802626901433926e-09,2.305430066743825430e-08,1.596154187280238796e-09,1.541084892665063214e-10,2.309128065150565825e-11,5.015269125838341679e-09,4.866508485159063268e-09,4.694138424373258897e-09,7.979959174858296478e-09,1.816626205010482252e-10,4.148590737500828493e-08,3.894088426223696728e-08,4.951366612806444351e-09,1.527446884683628452e-09,1.487302872847323987e-11,1.552462529314324279e-09,2.871391949461651572e-11,3.355247271591280853e-11,4.169565138910694089e-09
0.000000000000000000e+00,0.000000000000000000e+00,0.000000000000000000e+00,0.000000000000000000e+00,0.000000000000000000e+00,0.000000000000000000e+00,0.000000000000000000e+00,0.000000000000000000e+00,0.000000000000000000e+00,0.000000000000000000e+00,0.000000000000000000e+00,0.000000000000000000e+00,0.000000000000000000e+00,0.000000000000000000e+00,0.000000000000000000e+00,0.000000000000000000e+00,0.000000000000000000e+00,0.000000000000000000e+00,0.000000000000000000e+00,0.000000000000000000e+00,1.250940544416184608e+01,1.548240532803127641e-09,9.409507891629550787e-09,2.914898560634998154e-08,8.117242151261653347e-09,3.100428557656286564e-08,4.332113260768314190e-09,1.055031212962538098e-09,9.474986699904542898e-10,4.107732092137621071e-09,3.643184843681995848e-09,1.158131524816494201e-09,7.788719039845396870e-09,2.154257009057579150e-09,5.272582700981630409e-08,2.746799508096696614e-08,9.807750764511289044e-09,3.481922278896367696e-10,7.087564448933214373e-12,2.304505878595099683e-09,4.129867636597601993e-11,1.271209514025080854e-10,8.238596757737151178e-09
0.000000000000000000e+00,0.000000000000000000e+00,0.000000000000000000e+00,0.000000000000000000e+00,0.000000000000000000e+00,0.000000000000000000e+00,0.000000000000000000e+00,0.000000000000000000e+00,0.000000000000000000e+00,0.000000000000000000e+00,0.000000000000000000e+00,0.000000000000000000e+00,0.000000000000000000e+00,0.000000000000000000e+00,0.000000000000000000e+00,0.000000000000000000e+00,0.000000000000000000e+00,0.000000000000000000e+00,0.000000000000000000e+00,0.000000000000000000e+00,1.244282167519161497e+01,8.983318800414699539e-09,3.570861841265359420e-09,2.378768113266165687e-08,6.298149057177752147e-09,4.311329859511871743e-08,1.328902385708482477e-09,5.785134884522056287e-10,2.682880035424276440e-10,9.106019689256239331e-09,2.264041124228651512e-09,1.353153090926905030e-09,7.130212113605277888e-09,2.661600035639456358e-09,2.740656606588480589e-08,1.061770369047368782e-08,6.863630303828037914e-09,1.201359733851855561e-09,2.045888587136272884e-11,1.276007353454278946e-09,2.225716082504932804e-11,7.510482307871613881e-11,1.009080927575447723e-08
0.000000000000000000e+00,0.000000000000000000e+00,0.000000000000000000e+00,0.000000000000000000e+00,0.000000000000000000e+00,0.000000000000000000e+00,0.000000000000000000e+00,0.000000000000000000e+00,0.000000000000000000e+00,0.000000000000000000e+00,0.000000000000000000e+00,0.000000000000000000e+00,0.000000000000000000e+00,0.000000000000000000e+00,0.000000000000000000e+00,0.000000000000000000e+00,0.000000000000000000e+00,0.000000000000000000e+00,0.000000000000000000e+00,0.000000000000000000e+00,1.243910351704208495e+01,1.005707979401292723e-08,1.513280379273342105e-09,1.546916570625771659e-08,7.333764203851985529e-09,8.940260658033090920e-08,3.731110014206147856e-09,4.697582779118541246e-10,4.451556899496552780e-10,9.445235941805190636e-09,6.227242751648315923e-09,1.948518842406596804e-09,1.449379624248214685e-08,2.715316190213348774e-09,2.290556815281498885e-08,4.491701696270607894e-08,6.145577143015817245e-09,1.174427614339234759e-09,1.632571319873216855e-11,2.878462080955240337e-09,6.255499580993560392e-12,1.897506214854162670e-10,4.968467328377282367e-09
0.000000000000000000e+00,0.000000000000000000e+00,0.000000000000000000e+00,0.000000000000000000e+00,0.000000000000000000e+00,0.000000000000000000e+00,0.000000000000000000e+00,0.000000000000000000e+00,0.000000000000000000e+00,0.000000000000000000e+00,0.000000000000000000e+00,0.000000000000000000e+00,0.000000000000000000e+00,0.000000000000000000e+00,0.000000000000000000e+00,0.000000000000000000e+00,0.000000000000000000e+00,0.000000000000000000e+00,0.000000000000000000e+00,0.000000000000000000e+00,1.251795281859683584e+01,1.076310098787719643e-06,1.577912019932303214e-09,3.984721063498606759e-10,2.082420104221616719e-09,7.895455453452680318e-08,1.695753731388601837e-08,4.249326673847642717e-10,1.197550880172145443e-09,1.666794549456163316e-08,8.601832805574813025e-09,2.994587305811273169e-08,4.156684171113595547e-09,1.178160322148598924e-09,1.119631711586544488e-08,2.088850228113790883e-07,1.462658394147016624e-08,1.027570240900052570e-08,2.744444187283993133e-12,1.197832281644839561e-09,5.716649475145008216e-13,2.040704294153564741e-10,9.162168784613317752e-09
0.000000000000000000e+00,0.000000000000000000e+00,0.000000000000000000e+00,0.000000000000000000e+00,0.000000000000000000e+00,0.000000000000000000e+00,0.000000000000000000e+00,0.000000000000000000e+00,0.000000000000000000e+00,0.000000000000000000e+00,0.000000000000000000e+00,0.000000000000000000e+00,0.000000000000000000e+00,0.000000000000000000e+00,0.000000000000000000e+00,0.000000000000000000e+00,0.000000000000000000e+00,0.000000000000000000e+00,0.000000000000000000e+00,0.000000000000000000e+00,1.257304547573051323e+01,1.694592908955376875e-06,2.310074593953002305e-09,4.704073690505187291e-09,2.458071933851018427e-09,1.519141153180319798e-07,3.413546501688832845e-08,2.743640706191862610e-10,4.264455050265584378e-10,5.807553457462977893e-09,2.501849045187962344e-08,2.391717763857304866e-08,5.069587918711253334e-09,9.383537492815286291e-10,1.457700512935099070e-08,2.094863771501848890e-07,3.191233302604027939e-08,9.354091268837583328e-09,5.281069462203158408e-12,1.094823986432307297e-09,7.553876440164185258e-13,4.357216240584270004e-10,5.899526036307609194e-09
0.000000000000000000e+00,0.000000000000000000e+00,0.000000000000000000e+00,0.000000000000000000e+00,0.000000000000000000e+00,0.000000000000000000e+00,0.000000000000000000e+00,0.000000000000000000e+00,0.000000000000000000e+00,0.000000000000000000e+00,0.000000000000000000e+00,0.000000000000000000e+00,0.000000000000000000e+00,0.000000000000000000e+00,0.000000000000000000e+00,0.000000000000000000e+00,0.000000000000000000e+00,0.000000000000000000e+00,0.000000000000000000e+00,0.000000000000000000e+00,1.250039504616322894e+01,5.980726816852744753e-07,4.051577354683201083e-10,1.076544858612348920e-08,1.638399841554818888e-09,2.870565336341230707e-08,2.245175830206968416e-08,1.601141635355693514e-09,5.251564584951698507e-09,2.281451628700644426e-08,6.988669248741246039e-08,2.346278713856748104e-08,4.278524997559874029e-10,1.361683454472333196e-09,2.501777197250690488e-08,2.040940618203953862e-07,3.081843344516318225e-08,2.101705689077310017e-08,2.015153077442940563e-11,7.081114325812256927e-10,3.161788820328383722e-12,7.166030278319914257e-11,1.882706371926752386e-08
0.000000000000000000e+00,0.000000000000000000e+00,0.000000000000000000e+00,0.000000000000000000e+00,0.000000000000000000e+00,0.000000000000000000e+00,0.000000000000000000e+00,0.000000000000000000e+00,0.000000000000000000e+00,0.000000000000000000e+00,0.000000000000000000e+00,0.000000000000000000e+00,0.000000000000000000e+00,0.000000000000000000e+00,0.000000000000000000e+00,0.000000000000000000e+00,0.000000000000000000e+00,0.000000000000000000e+00,0.000000000000000000e+00,0.000000000000000000e+00,1.241729154771901733e+01,4.764773753511592096e-07,2.122450321526677321e-08,6.491342981350111458e-09,6.717437320768171172e-09,6.211574286998563658e-08,3.178178416462390752e-09,1.221886014026792166e-08,3.229362790922905182e-09,4.555715325073611361e-08,2.095601698740209615e-07,1.044402557803145503e-08,2.790103111058493927e-09,1.193643722302209135e-10,8.078981766643222056e-09,1.360544151500864083e-07,1.179837168629480826e-07,4.109707735169656201e-09,2.190665356270590193e-11,1.102243647859956614e-09,2.268542374866597843e-12,1.188197698614882944e-09,2.475531545662812988e-08
0.000000000000000000e+00,0.000000000000000000e+00,0.000000000000000000e+00,0.000000000000000000e+00,0.000000000000000000e+00,0.000000000000000000e+00,0.000000000000000000e+00,0.000000000000000000e+00,0.000000000000000000e+00,0.000000000000000000e+00,0.000000000000000000e+00,0.000000000000000000e+00,0.000000000000000000e+00,0.000000000000000000e+00,0.000000000000000000e+00,0.000000000000000000e+00,0.000000000000000000e+00,0.000000000000000000e+00,0.000000000000000000e+00,0.000000000000000000e+00,1.247489788954560019e+01,3.048802973327542792e-07,2.285362963753112173e-08,3.130777970404331335e-09,4.595678046582463299e-08,4.512635741536801257e-07,1.351271991565560493e-09,1.993600521121464904e-08,1.282693088708745582e-09,6.531985090708234261e-09,1.276846778171615242e-07,4.338986270227871153e-09,2.816464883528961187e-09,9.467687030146508794e-11,4.475654914758662222e-09,3.222582471155879909e-08,5.928531794426781943e-08,1.698006549298807006e-09,4.522089460001537334e-11,3.844683912586998318e-10,7.338822697166582849e-13,1.034771938031698600e-09,1.124664909976508935e-08
0.000000000000000000e+00,0.000000000000000000e+00,0.000000000000000000e+00,0.000000000000000000e+00,0.000000000000000000e+00,0.000000000000000000e+00,0.000000000000000000e+00,0.000000000000000000e+00,0.000000000000000000e+00,0.000000000000000000e+00,0.000000000000000000e+00,0.000000000000000000e+00,0.000000000000000000e+00,0.000000000000000000e+00,0.000000000000000000e+00,0.000000000000000000e+00,0.000000000000000000e+00,0.000000000000000000e+00,0.000000000000000000e+00,0.000000000000000000e+00,1.232540040775409729e+01,2.492211246608993681e-07,2.274942440647306256e-08,1.237268233864272235e-09,1.550370690199944635e-08,6.727455524173449888e-07,3.349301095658642172e-09,2.172360988454817639e-08,2.100929994266666524e-09,1.484524751856199356e-08,2.749172019038047090e-08,5.339503814502964286e-09,2.487776511819762016e-09,4.987951861049570953e-10,9.696954666999140959e-10,3.126102320342380504e-08,7.641510564091867301e-08,2.838107741740788465e-09,1.350574593204540702e-11,2.640009082592766096e-11,1.269040931689629880e-12,1.076216204531897232e-09,1.019509409932852111e-08
0.000000000000000000e+00,0.000000000000000000e+00,0.000000000000000000e+00,0.000000000000000000e+00,0.000000000000000000e+00,0.000000000000000000e+00,0.000000000000000000e+00,0.000000000000000000e+00,0.000000000000000000e+00,0.000000000000000000e+00,0.000000000000000000e+00,0.000000000000000000e+00,0.000000000000000000e+00,0.000000000000000000e+00,0.000000000000000000e+00,0.000000000000000000e+00,0.000000000000000000e+00,0.000000000000000000e+00,0.000000000000000000e+00,0.000000000000000000e+00,1.214748300371553569e+01,8.749880254795040919e-08,2.326114379379530812e-07,6.416657782142512851e-09,5.621709619824212106e-09,1.208140354453627838e-07,6.251388198316515094e-09,1.995116326919180554e-08,4.075194306975475959e-09,2.589598948441610986e-08,1.103428880062543472e-07,2.570224265115898051e-09,6.838784346425791425e-09,6.066777152057455368e-10,7.587404275234120028e-11,2.768279595340952344e-08,5.108692234650622271e-10,8.036716136662098862e-09,5.103777843135701725e-11,4.115856099149742175e-10,2.224384258038259161e-12,3.747047272075900777e-10,1.640302601525089742e-08
0.000000000000000000e+00,0.000000000000000000e+00,0.000000000000000000e+00,0.000000000000000000e+00,0.000000000000000000e+00,0.000000000000000000e+00,0.000000000000000000e+00,0.000000000000000000e+00,0.000000000000000000e+00,0.000000000000000000e+00,0.000000000000000000e+00,0.000000000000000000e+00,0.000000000000000000e+00,0.000000000000000000e+00,0.000000000000000000e+00,0.000000000000000000e+00,0.000000000000000000e+00,0.000000000000000000e+00,0.000000000000000000e+00,0.000000000000000000e+00,1.212621393691193461e+01,1.894995567663120642e-08,1.314097156067314821e-07,2.930941867034381221e-08,1.776151394265887156e-08,4.959364325886219159e-08,5.668972694806563637e-09,9.684791622730178052e-10,2.094058545123871678e-09,7.142635725438222359e-08,2.447189102054947461e-07,2.432899445257902976e-09,4.599153203670328975e-09,1.437337398511297947e-09,1.542259633077987670e-09,2.744032722568942199e-08,1.323595108043367739e-08,1.027330874544194405e-08,1.221732455406291012e-10,2.704534754334609455e-10,3.461946347952224849e-12,2.048007329349285695e-09,1.031891180281906491e-07
0.000000000000000000e+00,0.000000000000000000e+00,0.000000000000000000e+00,0.000000000000000000e+00,0.000000000000000000e+00,0.000000000000000000e+00,0.000000000000000000e+00,0.000000000000000000e+00,0.000000000000000000e+00,0.000000000000000000e+00,0.000000000000000000e+00,0.000000000000000000e+00,0.000000000000000000e+00,0.000000000000000000e+00,0.000000000000000000e+00,0.000000000000000000e+00,0.000000000000000000e+00,0.000000000000000000e+00,0.000000000000000000e+00,0.000000000000000000e+00,1.207613937158922646e+01,3.941879883261563016e-07,1.331662673890680525e-08,1.715254539055739795e-08,2.053628236735859946e-08,2.973706332559756945e-08,1.699649860248161686e-08,1.191427296108093977e-09,8.963414269513520155e-10,5.717450726415598192e-09,9.861670160281129944e-07,2.387669123417081968e-09,1.761031487275396399e-09,1.582202879396274355e-09,2.038937592245883261e-09,9.156185696393920711e-08,1.108149477635844091e-07,3.032500392810377877e-09,9.517140105960308745e-11,1.451915858065845605e-09,2.223731122804045763e-11,8.551222419620700252e-10,5.976438267840864932e-07
0.000000000000000000e+00,0.000000000000000000e+00,0.000000000000000000e+00,0.000000000000000000e+00,0.000000000000000000e+00,0.000000000000000000e+00,0.000000000000000000e+00,0.000000000000000000e+00,0.000000000000000000e+00,0.000000000000000000e+00,0.000000000000000000e+00,0.000000000000000000e+00,0.000000000000000000e+00,0.000000000000000000e+00,0.000000000000000000e+00,0.000000000000000000e+00,0.000000000000000000e+00,0.000000000000000000e+00,0.000000000000000000e+00,0.000000000000000000e+00,1.196457179536427695e+01,7.709217508014699788e-08,8.071541568773748778e-09,1.091822042035955491e-08,9.870172515692147702e-09,9.046915894660401781e-08,5.434363339196807034e-09,5.542320535729899986e-10,1.135530114508504895e-09,2.059068396977958406e-09,5.075907852439644906e-07,1.629536478568122416e-09,1.328851299365408352e-09,2.465866237865599485e-09,2.116331660791057452e-09,8.813652601238480105e-09,4.472760190185231990e-10,2.351828367276693651e-08,1.280858458084752860e-10,1.394488564266813913e-09,8.452905305284017524e-12,4.328924060211696064e-09,4.528048947134277899e-07
0.000000000000000000e+00,0.000000000000000000e+00,0.000000000000000000e+00,0.000000000000000000e+00,0.000000000000000000e+00,0.000000000000000000e+00,0.000000000000000000e+00,0.000000000000000000e+00,0.000000000000000000e+00,0.000000000000000000e+00,0.000000000000000000e+00,0.000000000000000000e+00,0.000000000000000000e+00,0.000000000000000000e+00,0.000000000000000000e+00,0.000000000000000000e+00,0.000000000000000000e+00,0.000000000000000000e+00,0.000000000000000000e+00,0.000000000000000000e+00,1.195674199235982016e+01,1.994659447328868166e-07,3.156458597633885059e-09,1.119134206181217283e-09,1.261887985307474874e-08,2.063047118250256058e-08,1.132679417920343204e-08,3.193416207960228229e-10,2.269649937528325245e-10,6.838878515499455755e-09,1.403931413266238856e-07,5.887817149573176834e-10,5.385532426869915042e-11,4.005302241426928809e-10,1.521336905146207282e-09,1.341631857622292637e-08,2.281378420290040881e-10,1.020023703767223680e-08,4.230565542033225442e-11,2.580584419605428683e-09,1.286889277095507357e-11,7.497190409651816731e-09,9.067879770757837756e-07
0.000000000000000000e+00,0.000000000000000000e+00,0.000000000000000000e+00,0.000000000000000000e+00,0.000000000000000000e+00,0.000000000000000000e+00,0.000000000000000000e+00,0.000000000000000000e+00,0.000000000000000000e+00,0.000000000000000000e+00,0.000000000000000000e+00,0.000000000000000000e+00,0.000000000000000000e+00,0.000000000000000000e+00,0.000000000000000000e+00,0.000000000000000000e+00,0.000000000000000000e+00,0.000000000000000000e+00,0.000000000000000000e+00,0.000000000000000000e+00,1.197294529238374317e+01,1.350923103010704388e-07,2.108898382783680979e-10,1.533477127409572860e-09,1.707811019390463297e-08,2.386986596401773828e-07,2.673836551449338222e-08,1.737115116791305265e-09,2.873158492174906529e-09,4.960922747712713170e-09,9.577079045582259841e-08,1.261453293281106608e-09,1.737485308988541702e-11,2.110406144928450993e-10,6.778323672672400353e-10,1.108516905948827923e-08,5.683441352493650507e-09,2.993539421499616873e-08,8.113138039554872525e-12,1.345423753289528188e-09,2.482008389340960450e-11,7.873973001793371800e-09,1.234227612094164416e-06
0.000000000000000000e+00,0.000000000000000000e+00,0.000000000000000000e+00,0.000000000000000000e+00,0.000000000000000000e+00,0.000000000000000000e+00,0.000000000000000000e+00,0.000000000000000000e+00,0.000000000000000000e+00,0.000000000000000000e+00,0.000000000000000000e+00,0.000000000000000000e+00,0.000000000000000000e+00,0.000000000000000000e+00,0.000000000000000000e+00,0.000000000000000000e+00,0.000000000000000000e+00,0.000000000000000000e+00,0.000000000000000000e+00,0.000000000000000000e+00,1.189325349604578541e+01,1.245530839740903778e-07,8.406866413092491107e-11,1.089005428380076017e-10,1.146014179054816473e-08,1.877948879871317555e-07,3.901327388760866862e-08,6.595669037890816097e-11,2.345608012091177683e-09,9.366373837218694871e-09,4.463637349229071151e-08,2.210452521670071980e-10,4.806834594877046563e-12,2.678118253214155970e-10,7.614532639587488277e-11,1.813386938727171549e-08,2.435125694662538847e-09,7.434442366091432467e-09,1.325388864756775317e-11,5.537676516169967707e-11,1.804199385899643790e-12,2.537536100241847247e-10,2.011909159692673515e-06
0.000000000000000000e+00,0.000000000000000000e+00,0.000000000000000000e+00,0.000000000000000000e+00,0.000000000000000000e+00,0.000000000000000000e+00,0.000000000000000000e+00,0.000000000000000000e+00,0.000000000000000000e+00,0.000000000000000000e+00,0.000000000000000000e+00,0.000000000000000000e+00,0.000000000000000000e+00,0.000000000000000000e+00,0.000000000000000000e+00,0.000000000000000000e+00,0.000000000000000000e+00,0.000000000000000000e+00,0.000000000000000000e+00,0.000000000000000000e+00,1.131707802648541161e+01,4.087127226735380333e-08,7.541043834727467634e-11,9.041286753805475954e-11,9.995497681555526038e-10,4.979825589773336049e-08,9.903023906214414790e-09,3.949759483697321538e-09,8.930456179330804406e-10,5.720771119222782658e-09,3.570063100587910897e-09,3.512704283007037860e-11,4.412343718043775250e-12,1.799701206313719347e-10,1.744643697859505376e-11,1.458754637121429401e-09,6.447404773729410212e-11,1.349560609515185775e-07,7.544707844384951832e-12,1.807755771799179815e-11,1.083883066495223968e-12,8.979272963852571064e-10,1.568625595421672371e-06
0.000000000000000000e+00,0.000000000000000000e+00,0.000000000000000000e+00,0.000000000000000000e+00,0.000000000000000000e+00,0.000000000000000000e+00,0.000000000000000000e+00,0.000000000000000000e+00,0.000000000000000000e+00,0.000000000000000000e+00,0.000000000000000000e+00,0.000000000000000000e+00,0.000000000000000000e+00,0.000000000000000000e+00,0.000000000000000000e+00,0.000000000000000000e+00,0.000000000000000000e+00,0.000000000000000000e+00,0.000000000000000000e+00,0.000000000000000000e+00,1.042074844253569488e+01,7.318750099267077252e-11,1.586424239171915026e-11,8.413248320777155251e-11,6.285177794752390518e-10,9.025113038728389687e-10,9.190565214795822379e-10,1.305990867544407546e-09,5.590433201999598170e-11,6.990774903996658740e-10,6.731906098269352216e-09,2.933280941385169850e-11,3.569227295956621800e-12,2.103419099513362908e-10,1.889015277266409428e-11,5.250865979879140191e-11,4.425276944293310840e-11,2.257137710326601298e-07,2.113616848254966768e-11,2.431826816187261065e-11,7.823995365789235977e-13,5.847778517762618085e-08,1.695858404966556523e-06
0.000000000000000000e+00,0.000000000000000000e+00,0.000000000000000000e+00,0.000000000000000000e+00,0.000000000000000000e+00,0.000000000000000000e+00,0.000000000000000000e+00,0.000000000000000000e+00,0.000000000000000000e+00,0.000000000000000000e+00,0.000000000000000000e+00,0.000000000000000000e+00,0.000000000000000000e+00,0.000000000000000000e+00,0.000000000000000000e+00,0.000000000000000000e+00,0.000000000000000000e+00,0.000000000000000000e+00,0.000000000000000000e+00,0.000000000000000000e+00,1.462072464756823509e+00,1.514772623839585378e-10,2.212091885455365104e-11,8.562558597410798403e-11,6.651136107874109522e-10,1.002021131397411100e-09,3.874965286281819649e-10,3.005725441573120586e-09,5.411562464317777201e-11,6.715283940628867133e-10,4.655643998726316698e-09,2.784803661076456358e-11,2.548607481834371540e-12,1.700851923484625971e-10,1.163322771590550863e-11,4.466685422412071516e-11,2.512589276571869069e-11,2.844801029969760858e-08,2.550414981426373230e-10,2.199922282394923632e-11,2.306242172613211660e-13,1.351369112665608739e-08,4.687910307074275723e-03
0.000000000000000000e+00,0.000000000000000000e+00,0.000000000000000000e+00,0.000000000000000000e+00,0.000000000000000000e+00,0.000000000000000000e+00,0.000000000000000000e+00,0.000000000000000000e+00,0.000000000000000000e+00,0.000000000000000000e+00,0.000000000000000000e+00,0.000000000000000000e+00,0.000000000000000000e+00,0.000000000000000000e+00,0.000000000000000000e+00,0.000000000000000000e+00,0.000000000000000000e+00,0.000000000000000000e+00,0.000000000000000000e+00,0.000000000000000000e+00,2.288599900937000181e-04,9.108411238378053218e-11,2.965679491980181094e-12,7.577924767212481239e-11,4.710860818782507740e-10,5.754986417356889702e-10,2.059393713035509288e-10,7.132405387078206709e-10,1.656653942338510664e-11,9.515618276701195089e-11,2.211108339472612675e-10,2.255940398584127473e-11,2.522964383155423355e-12,1.580241401632689864e-10,9.053029428143871493e-12,3.702651106751885912e-11,7.023802774928236434e-12,1.687616622248353510e-08,1.800205292005711400e-10,1.524944335422527978e-11,8.483123677037772775e-13,6.242434533044078542e-08,5.292485216752683463e+00
0.000000000000000000e+00,0.000000000000000000e+00,0.000000000000000000e+00,0.000000000000000000e+00,0.000000000000000000e+00,0.000000000000000000e+00,0.000000000000000000e+00,0.000000000000000000e+00,0.000000000000000000e+00,0.000000000000000000e+00,0.000000000000000000e+00,0.000000000000000000e+00,0.000000000000000000e+00,0.000000000000000000e+00,0.000000000000000000e+00,0.000000000000000000e+00,0.000000000000000000e+00,0.000000000000000000e+00,0.000000000000000000e+00,0.000000000000000000e+00,4.323164631728821814e-04,1.402367726044923176e-11,2.802021670875274344e-12,3.990785222012992033e-11,4.704960511366495188e-10,3.047921027656014363e-10,2.038880687689502019e-10,4.533695641733388390e-10,1.660778748117187689e-11,1.856170797581895118e-10,4.224458980840586847e-11,2.910142903704132166e-12,1.266296125758275166e-12,1.566616646507875355e-10,9.681473191371055185e-12,4.207192702567956112e-11,7.894999442133784065e-12,3.865133694869857906e-09,1.582206122294058397e-10,9.439883469242822883e-12,3.634743216030995490e-13,3.691477757879981611e-08,5.286244592293998679e+00
0.000000000000000000e+00,0.000000000000000000e+00,0.000000000000000000e+00,0.000000000000000000e+00,0.000000000000000000e+00,0.000000000000000000e+00,0.000000000000000000e+00,0.000000000000000000e+00,0.000000000000000000e+00,0.000000000000000000e+00,0.000000000000000000e+00,0.000000000000000000e+00,0.000000000000000000e+00,0.000000000000000000e+00,0.000000000000000000e+00,0.000000000000000000e+00,0.000000000000000000e+00,0.000000000000000000e+00,0.000000000000000000e+00,0.000000000000000000e+00,7.197075075893821870e-04,9.638005345195838669e-11,1.880910144783121718e-12,1.106921971625904688e-10,6.888411198846180205e-10,6.572751640197526118e-10,3.126988158933000130e-10,4.575459417210748358e-10,2.245645296959452757e-11,2.798753240566334724e-10,1.645723564044019548e-11,6.180801748121754626e-12,1.939247073664446794e-12,7.550787224889222818e-11,5.084561152008538065e-12,5.875955436665432083e-11,1.092111074328829784e-11,1.454233428046916176e-08,6.224667096255401424e-11,1.357992954917684504e-12,1.242290895997351842e-12,3.737485248170599727e-08,4.290138848512819791e+00
0.000000000000000000e+00,0.000000000000000000e+00,0.000000000000000000e+00,0.000000000000000000e+00,0.000000000000000000e+00,0.000000000000000000e+00,0.000000000000000000e+00,0.000000000000000000e+00,0.000000000000000000e+00,0.000000000000000000e+00,0.000000000000000000e+00,0.000000000000000000e+00,0.000000000000000000e+00,0.000000000000000000e+00,0.000000000000000000e+00,0.000000000000000000e+00,0.000000000000000000e+00,0.000000000000000000e+00,0.000000000000000000e+00,0.000000000000000000e+00,2.317860099284819051e-05,9.568283372020715990e-11,1.894391378570905135e-12,1.097643086243446266e-10,5.745827414283071357e-10,8.256878636786705519e-10,1.292259979252309951e-10,1.110075367949357026e-10,3.873333132301009553e-11,1.119397844469549026e-10,1.495097309688481866e-11,1.337844594873679130e-12,1.722427170852042585e-12,3.344528477412086955e-11,1.928320407674251977e-12,2.527518413308069520e-11,6.175540827246123559e-12,1.127269168684517839e-08,3.933385347200624317e-11,2.071065929579575248e-12,1.159510093377498949e-12,2.240663728980571885e-08,7.960194126872801590e+00
0.000000000000000000e+00,0.000000000000000000e+00,0.000000000000000000e+00,0.000000000000000000e+00,0.000000000000000000e+00,0.000000000000000000e+00,0.000000000000000000e+00,0.000000000000000000e+00,0.000000000000000000e+00,0.000000000000000000e+00,0.000000000000000000e+00,0.000000000000000000e+00,0.000000000000000000e+00,0.000000000000000000e+00,0.000000000000000000e+00,0.000000000000000000e+00,0.000000000000000000e+00,0.000000000000000000e+00,0.000000000000000000e+00,0.000000000000000000e+00,0.000000000000000000e+00,0.000000000000000000e+00,0.000000000000000000e+00,0.000000000000000000e+00,0.000000000000000000e+00,0.000000000000000000e+00,0.000000000000000000e+00,0.000000000000000000e+00,0.000000000000000000e+00,0.000000000000000000e+00,0.000000000000000000e+00,0.000000000000000000e+00,0.000000000000000000e+00,0.000000000000000000e+00,0.000000000000000000e+00,0.000000000000000000e+00,0.000000000000000000e+00,0.000000000000000000e+00,0.000000000000000000e+00,0.000000000000000000e+00,0.000000000000000000e+00,0.000000000000000000e+00,1.246777018748788812e+01
