0.000000000000000000e+00,0.000000000000000000e+00,0.000000000000000000e+00,0.000000000000000000e+00,0.000000000000000000e+00,0.000000000000000000e+00,0.000000000000000000e+00,0.000000000000000000e+00,0.000000000000000000e+00,0.000000000000000000e+00,0.000000000000000000e+00,0.000000000000000000e+00,0.000000000000000000e+00,0.000000000000000000e+00,0.000000000000000000e+00,0.000000000000000000e+00,0.000000000000000000e+00,0.000000000000000000e+00,0.000000000000000000e+00,0.000000000000000000e+00,9.395964145660400391e-01,1.055861040949821472e-01,1.762981712818145752e-01,1.370632648468017578e-01,-7.412853185087442398e-03,-6.523342430591583252e-02,1.112038567662239075e-01,-9.414595365524291992e-02,9.816291928291320801e-02,-4.485278576612472534e-02,-7.356489077210426331e-03,-7.302321493625640869e-02,8.971609175205230713e-02,-2.147284336388111115e-02,1.808791607618331909e-02,1.280331909656524658e-01,1.140961125493049622e-01,2.842691540718078613e-02,5.736405774950981140e-02,1.853954792022705078e-01,-3.319213911890983582e-02,-1.126416176557540894e-01,1.451785117387771606e-01
0.000000000000000000e+00,0.000000000000000000e+00,0.000000000000000000e+00,0.000000000000000000e+00,0.000000000000000000e+00,0.000000000000000000e+00,0.000000000000000000e+00,0.000000000000000000e+00,0.000000000000000000e+00,0.000000000000000000e+00,0.000000000000000000e+00,0.000000000000000000e+00,0.000000000000000000e+00,0.000000000000000000e+00,0.000000000000000000e+00,0.000000000000000000e+00,0.000000000000000000e+00,0.000000000000000000e+00,0.000000000000000000e+00,0.000000000000000000e+00,8.839805126190185547e-01,2.502856850624084473e-01,8.561719954013824463e-02,2.093997597694396973e-01,8.700592070817947388e-02,-3.254202380776405334e-02,-1.299429833889007568e-01,-9.092831611633300781e-02,-5.068005993962287903e-02,4.920022562146186829e-02,-1.631591841578483582e-02,2.117799967527389526e-02,4.923251271247863770e-02,9.736066311597824097e-02,5.624752957373857498e-03,1.331306397914886475e-01,3.042524680495262146e-02,6.884385831654071808e-03,5.432007089257240295e-02,6.587635725736618042e-02,2.863710001111030579e-02,1.107115224003791809e-01,1.811828613281250000e-01
0.000000000000000000e+00,0.000000000000000000e+00,0.000000000000000000e+00,0.000000000000000000e+00,0.000000000000000000e+00,0.000000000000000000e+00,0.000000000000000000e+00,0.000000000000000000e+00,0.000000000000000000e+00,0.000000000000000000e+00,0.000000000000000000e+00,0.000000000000000000e+00,0.000000000000000000e+00,0.000000000000000000e+00,0.000000000000000000e+00,0.000000000000000000e+00,0.000000000000000000e+00,0.000000000000000000e+00,0.000000000000000000e+00,0.000000000000000000e+00,8.730458617210388184e-01,1.669237166643142700e-01,5.047586932778358459e-02,2.245609164237976074e-01,8.547152578830718994e-02,2.329149655997753143e-02,5.929267778992652893e-02,-8.106687664985656738e-02,-1.760791055858135223e-02,3.003202378749847412e-02,1.585483551025390625e-01,4.961488302797079086e-03,3.604857623577117920e-02,5.302356183528900146e-02,8.448667079210281372e-02,1.693913042545318604e-01,8.833381533622741699e-02,-6.136306561529636383e-03,5.329800397157669067e-02,6.034374609589576721e-02,4.659317806363105774e-02,-1.739440485835075378e-02,2.296943962574005127e-01
0.000000000000000000e+00,0.000000000000000000e+00,0.000000000000000000e+00,0.000000000000000000e+00,0.000000000000000000e+00,0.000000000000000000e+00,0.000000000000000000e+00,0.000000000000000000e+00,0.000000000000000000e+00,0.000000000000000000e+00,0.000000000000000000e+00,0.000000000000000000e+00,0.000000000000000000e+00,0.000000000000000000e+00,0.000000000000000000e+00,0.000000000000000000e+00,0.000000000000000000e+00,0.000000000000000000e+00,0.000000000000000000e+00,0.000000000000000000e+00,8.017225265502929688e-01,2.034494280815124512e-01,2.239729836583137512e-02,1.855952739715576172e-01,6.565302610397338867e-02,1.429891884326934814e-01,1.114455312490463257e-01,-3.203629702329635620e-02,1.994313672184944153e-03,7.302179932594299316e-02,1.756791323423385620e-01,-9.695193730294704437e-03,6.178746931254863739e-03,1.286258101463317871e-01,9.889771789312362671e-02,1.748425215482711792e-01,4.487111419439315796e-02,-1.454329676926136017e-02,5.845572799444198608e-02,7.841441035270690918e-02,2.767041884362697601e-02,2.146229706704616547e-02,2.752165496349334717e-01
0.000000000000000000e+00,0.000000000000000000e+00,0.000000000000000000e+00,0.000000000000000000e+00,0.000000000000000000e+00,0.000000000000000000e+00,0.000000000000000000e+00,0.000000000000000000e+00,0.000000000000000000e+00,0.000000000000000000e+00,0.000000000000000000e+00,0.000000000000000000e+00,0.000000000000000000e+00,0.000000000000000000e+00,0.000000000000000000e+00,0.000000000000000000e+00,0.000000000000000000e+00,0.000000000000000000e+00,0.000000000000000000e+00,0.000000000000000000e+00,7.976557016372680664e-01,2.291038334369659424e-01,-3.989315126091241837e-03,1.816424578428268433e-01,1.120413914322853088e-01,1.410940289497375488e-01,2.125011980533599854e-01,1.383955590426921844e-02,8.136444538831710815e-02,9.949331730604171753e-02,1.289507895708084106e-01,1.113065704703330994e-02,-1.337086036801338196e-02,1.204525306820869446e-01,1.405029892921447754e-01,1.993671506643295288e-01,5.132013931870460510e-02,6.557017564773559570e-02,6.433030962944030762e-02,1.006902083754539490e-01,3.523870557546615601e-02,9.787101298570632935e-03,2.537586092948913574e-01
0.000000000000000000e+00,0.000000000000000000e+00,0.000000000000000000e+00,0.000000000000000000e+00,0.000000000000000000e+00,0.000000000000000000e+00,0.000000000000000000e+00,0.000000000000000000e+00,0.000000000000000000e+00,0.000000000000000000e+00,0.000000000000000000e+00,0.000000000000000000e+00,0.000000000000000000e+00,0.000000000000000000e+00,0.000000000000000000e+00,0.000000000000000000e+00,0.000000000000000000e+00,0.000000000000000000e+00,0.000000000000000000e+00,0.000000000000000000e+00,7.929726839065551758e-01,2.485194504261016846e-01,1.291456632316112518e-02,1.069309934973716736e-01,6.433597207069396973e-02,9.717428684234619141e-02,1.324469894170761108e-01,5.236225947737693787e-02,5.911956354975700378e-02,5.452147126197814941e-02,1.376740783452987671e-01,5.715462565422058105e-02,-1.949641481041908264e-02,3.241189569234848022e-02,9.979118406772613525e-02,1.948724538087844849e-01,5.172198265790939331e-02,1.046421974897384644e-01,5.578232929110527039e-03,1.354464590549468994e-01,-2.571750245988368988e-02,2.880163118243217468e-02,2.724955677986145020e-01
0.000000000000000000e+00,0.000000000000000000e+00,0.000000000000000000e+00,0.000000000000000000e+00,0.000000000000000000e+00,0.000000000000000000e+00,0.000000000000000000e+00,0.000000000000000000e+00,0.000000000000000000e+00,0.000000000000000000e+00,0.000000000000000000e+00,0.000000000000000000e+00,0.000000000000000000e+00,0.000000000000000000e+00,0.000000000000000000e+00,0.000000000000000000e+00,0.000000000000000000e+00,0.000000000000000000e+00,0.000000000000000000e+00,0.000000000000000000e+00,7.995065450668334961e-01,3.021796941757202148e-01,3.133345767855644226e-02,1.374452710151672363e-01,9.498790651559829712e-02,9.619424492120742798e-02,8.194703608751296997e-02,-8.177193813025951385e-03,5.371004343032836914e-02,8.477798104286193848e-02,9.345144778490066528e-02,7.105554640293121338e-02,2.501308359205722809e-02,4.123465716838836670e-02,1.008913218975067139e-01,2.105079889297485352e-01,6.133507192134857178e-02,9.347736090421676636e-02,-2.068362757563591003e-02,1.355848610401153564e-01,-1.090854592621326447e-02,2.568065933883190155e-02,2.434568852186203003e-01
0.000000000000000000e+00,0.000000000000000000e+00,0.000000000000000000e+00,0.000000000000000000e+00,0.000000000000000000e+00,0.000000000000000000e+00,0.000000000000000000e+00,0.000000000000000000e+00,0.000000000000000000e+00,0.000000000000000000e+00,0.000000000000000000e+00,0.000000000000000000e+00,0.000000000000000000e+00,0.000000000000000000e+00,0.000000000000000000e+00,0.000000000000000000e+00,0.000000000000000000e+00,0.000000000000000000e+00,0.000000000000000000e+00,0.000000000000000000e+00,7.749195098876953125e-01,3.139928877353668213e-01,6.312855333089828491e-02,9.686671197414398193e-02,1.027840599417686462e-01,9.476494789123535156e-02,8.476722240447998047e-02,-3.387288888916373253e-03,7.847047597169876099e-02,1.105297356843948364e-01,9.017087519168853760e-02,6.018040701746940613e-02,-8.550735190510749817e-03,5.539996176958084106e-02,4.427522048354148865e-02,1.641979664564132690e-01,3.646835312247276306e-02,1.125271320343017578e-01,-1.087013538926839828e-02,1.034319624304771423e-01,4.384104907512664795e-02,5.682128947228193283e-03,2.410871982574462891e-01
0.000000000000000000e+00,0.000000000000000000e+00,0.000000000000000000e+00,0.000000000000000000e+00,0.000000000000000000e+00,0.000000000000000000e+00,0.000000000000000000e+00,0.000000000000000000e+00,0.000000000000000000e+00,0.000000000000000000e+00,0.000000000000000000e+00,0.000000000000000000e+00,0.000000000000000000e+00,0.000000000000000000e+00,0.000000000000000000e+00,0.000000000000000000e+00,0.000000000000000000e+00,0.000000000000000000e+00,0.000000000000000000e+00,0.000000000000000000e+00,7.775702476501464844e-01,2.787551879882812500e-01,4.161966964602470398e-02,8.095569163560867310e-02,1.180881187319755554e-01,1.259106099605560303e-01,9.214463829994201660e-02,-1.537545304745435715e-02,1.377369314432144165e-01,1.062551587820053101e-01,-9.202704764902591705e-03,6.426405906677246094e-02,-3.528001019731163979e-03,6.556887179613113403e-02,7.386013865470886230e-02,1.617068201303482056e-01,2.729858830571174622e-02,1.002318933606147766e-01,1.718823239207267761e-02,1.207482293248176575e-01,5.907856673002243042e-02,2.750395424664020538e-02,1.983932554721832275e-01
0.000000000000000000e+00,0.000000000000000000e+00,0.000000000000000000e+00,0.000000000000000000e+00,0.000000000000000000e+00,0.000000000000000000e+00,0.000000000000000000e+00,0.000000000000000000e+00,0.000000000000000000e+00,0.000000000000000000e+00,0.000000000000000000e+00,0.000000000000000000e+00,0.000000000000000000e+00,0.000000000000000000e+00,0.000000000000000000e+00,0.000000000000000000e+00,0.000000000000000000e+00,0.000000000000000000e+00,0.000000000000000000e+00,0.000000000000000000e+00,7.596191167831420898e-01,2.368402034044265747e-01,4.672598093748092651e-02,4.748164489865303040e-02,7.233048230409622192e-02,1.516998708248138428e-01,1.088723316788673401e-01,-9.023459628224372864e-03,6.794408708810806274e-02,1.255152821540832520e-01,1.436700522899627686e-01,6.945020705461502075e-02,4.961843136698007584e-03,5.800481140613555908e-02,3.079936839640140533e-02,1.781360954046249390e-01,4.197500273585319519e-02,1.015181317925453186e-01,1.590964011847972870e-02,1.191292777657508850e-01,3.810790181159973145e-02,3.653337806463241577e-02,1.899422407150268555e-01
0.000000000000000000e+00,0.000000000000000000e+00,0.000000000000000000e+00,0.000000000000000000e+00,0.000000000000000000e+00,0.000000000000000000e+00,0.000000000000000000e+00,0.000000000000000000e+00,0.000000000000000000e+00,0.000000000000000000e+00,0.000000000000000000e+00,0.000000000000000000e+00,0.000000000000000000e+00,0.000000000000000000e+00,0.000000000000000000e+00,0.000000000000000000e+00,0.000000000000000000e+00,0.000000000000000000e+00,0.000000000000000000e+00,0.000000000000000000e+00,7.284187078475952148e-01,2.148263752460479736e-01,5.035487562417984009e-02,8.199149370193481445e-02,1.350477039813995361e-01,1.400425434112548828e-01,8.284217119216918945e-02,3.006282635033130646e-02,9.388197213411331177e-02,9.495669603347778320e-02,2.090404331684112549e-01,1.016669645905494690e-01,-4.280025884509086609e-02,3.788268566131591797e-02,1.251537352800369263e-02,1.413774490356445312e-01,6.487498432397842407e-02,7.120355963706970215e-02,-1.897495426237583160e-02,8.178097754716873169e-02,3.110312297940254211e-02,1.201591268181800842e-02,2.004029005765914917e-01
0.000000000000000000e+00,0.000000000000000000e+00,0.000000000000000000e+00,0.000000000000000000e+00,0.000000000000000000e+00,0.000000000000000000e+00,0.000000000000000000e+00,0.000000000000000000e+00,0.000000000000000000e+00,0.000000000000000000e+00,0.000000000000000000e+00,0.000000000000000000e+00,0.000000000000000000e+00,0.000000000000000000e+00,0.000000000000000000e+00,0.000000000000000000e+00,0.000000000000000000e+00,0.000000000000000000e+00,0.000000000000000000e+00,0.000000000000000000e+00,7.596814036369323730e-01,2.397776991128921509e-01,7.379247993230819702e-02,5.364252999424934387e-02,9.774705022573471069e-02,1.933574080467224121e-01,1.275141090154647827e-01,2.417226321995258331e-03,1.348519623279571533e-01,1.075357347726821899e-01,2.330575138330459595e-01,1.186196058988571167e-01,-9.277744591236114502e-02,1.145521178841590881e-02,-1.861438527703285217e-02,1.014453470706939697e-01,-2.968923188745975494e-03,3.071557357907295227e-02,-3.548106923699378967e-02,6.162191182374954224e-02,3.424127399921417236e-02,7.286928594112396240e-03,2.118995636701583862e-01
0.000000000000000000e+00,0.000000000000000000e+00,0.000000000000000000e+00,0.000000000000000000e+00,0.000000000000000000e+00,0.000000000000000000e+00,0.000000000000000000e+00,0.000000000000000000e+00,0.000000000000000000e+00,0.000000000000000000e+00,0.000000000000000000e+00,0.000000000000000000e+00,0.000000000000000000e+00,0.000000000000000000e+00,0.000000000000000000e+00,0.000000000000000000e+00,0.000000000000000000e+00,0.000000000000000000e+00,0.000000000000000000e+00,0.000000000000000000e+00,7.537633180618286133e-01,2.053243517875671387e-01,7.756005972623825073e-02,-2.313576638698577881e-02,1.401885151863098145e-01,2.958784699440002441e-01,1.764018535614013672e-01,-9.514445438981056213e-03,1.165077835321426392e-01,7.160992920398712158e-02,1.999928504228591919e-01,1.363380253314971924e-01,-5.363538116216659546e-02,-6.775973015464842319e-04,4.378726298455148935e-04,1.129848361015319824e-01,1.912221871316432953e-02,1.920957677066326141e-02,-3.550774976611137390e-02,7.221096754074096680e-02,2.947123721241950989e-02,9.507318027317523956e-03,1.780628859996795654e-01
0.000000000000000000e+00,0.000000000000000000e+00,0.000000000000000000e+00,0.000000000000000000e+00,0.000000000000000000e+00,0.000000000000000000e+00,0.000000000000000000e+00,0.000000000000000000e+00,0.000000000000000000e+00,0.000000000000000000e+00,0.000000000000000000e+00,0.000000000000000000e+00,0.000000000000000000e+00,0.000000000000000000e+00,0.000000000000000000e+00,0.000000000000000000e+00,0.000000000000000000e+00,0.000000000000000000e+00,0.000000000000000000e+00,0.000000000000000000e+00,7.547937631607055664e-01,1.844584494829177856e-01,1.629879474639892578e-01,3.588894009590148926e-02,1.855512112379074097e-01,2.574082016944885254e-01,1.364391595125198364e-01,3.342758491635322571e-02,1.182010993361473083e-01,7.671698182821273804e-02,2.047226577997207642e-01,7.163446396589279175e-02,-1.595498248934745789e-02,-3.634366730693727732e-04,-2.894809469580650330e-02,1.338888853788375854e-01,4.367585107684135437e-02,1.965533196926116943e-02,-5.295789986848831177e-02,1.419338956475257874e-02,3.543758066371083260e-03,-2.921781130135059357e-02,1.760277152061462402e-01
0.000000000000000000e+00,0.000000000000000000e+00,0.000000000000000000e+00,0.000000000000000000e+00,0.000000000000000000e+00,0.000000000000000000e+00,0.000000000000000000e+00,0.000000000000000000e+00,0.000000000000000000e+00,0.000000000000000000e+00,0.000000000000000000e+00,0.000000000000000000e+00,0.000000000000000000e+00,0.000000000000000000e+00,0.000000000000000000e+00,0.000000000000000000e+00,0.000000000000000000e+00,0.000000000000000000e+00,0.000000000000000000e+00,0.000000000000000000e+00,7.990702390670776367e-01,2.053827196359634399e-01,9.417842328548431396e-02,5.447161570191383362e-02,2.054085880517959595e-01,2.579249739646911621e-01,1.018908396363258362e-01,2.993335761129856110e-02,9.957869350910186768e-02,1.254891604185104370e-01,2.245012521743774414e-01,4.676651954650878906e-02,4.064504057168960571e-02,2.840629080310463905e-03,-4.304608330130577087e-02,1.284048706293106079e-01,5.903240665793418884e-02,-4.888675641268491745e-03,-3.146709501743316650e-02,1.338701788336038589e-02,2.139642834663391113e-02,-4.227744787931442261e-02,1.390997171401977539e-01
0.000000000000000000e+00,0.000000000000000000e+00,0.000000000000000000e+00,0.000000000000000000e+00,0.000000000000000000e+00,0.000000000000000000e+00,0.000000000000000000e+00,0.000000000000000000e+00,0.000000000000000000e+00,0.000000000000000000e+00,0.000000000000000000e+00,0.000000000000000000e+00,0.000000000000000000e+00,0.000000000000000000e+00,0.000000000000000000e+00,0.000000000000000000e+00,0.000000000000000000e+00,0.000000000000000000e+00,0.000000000000000000e+00,0.000000000000000000e+00,8.201662302017211914e-01,1.995644271373748779e-01,5.972668528556823730e-02,1.490278542041778564e-02,8.956318721175193787e-03,1.150207966566085815e-01,1.456770300865173340e-02,5.181536078453063965e-02,9.973298758268356323e-02,1.863167285919189453e-01,1.053339689970016479e-01,5.766529962420463562e-02,2.568746358156204224e-02,-2.067017136141657829e-03,-1.700564846396446228e-02,1.167386770248413086e-01,8.170612901449203491e-02,8.490966260433197021e-02,-8.419432491064071655e-02,-2.962337061762809753e-02,1.482049934566020966e-02,-6.307039409875869751e-02,3.174239695072174072e-01
0.000000000000000000e+00,0.000000000000000000e+00,0.000000000000000000e+00,0.000000000000000000e+00,0.000000000000000000e+00,0.000000000000000000e+00,0.000000000000000000e+00,0.000000000000000000e+00,0.000000000000000000e+00,0.000000000000000000e+00,0.000000000000000000e+00,0.000000000000000000e+00,0.000000000000000000e+00,0.000000000000000000e+00,0.000000000000000000e+00,0.000000000000000000e+00,0.000000000000000000e+00,0.000000000000000000e+00,0.000000000000000000e+00,0.000000000000000000e+00,7.695756554603576660e-01,6.027954816818237305e-02,5.856740474700927734e-02,-2.532048849388957024e-03,6.086345389485359192e-02,2.133906334638595581e-01,1.542453467845916748e-01,1.229623407125473022e-01,8.381970226764678955e-02,2.486821413040161133e-01,1.741391718387603760e-01,2.853123471140861511e-02,8.247809112071990967e-02,9.271647781133651733e-03,-7.327390834689140320e-03,5.733535811305046082e-02,-1.066640857607126236e-02,4.218175262212753296e-02,-5.543949455022811890e-02,-3.974094986915588379e-02,2.579004503786563873e-02,-6.205993518233299255e-02,3.185666501522064209e-01
0.000000000000000000e+00,0.000000000000000000e+00,0.000000000000000000e+00,0.000000000000000000e+00,0.000000000000000000e+00,0.000000000000000000e+00,0.000000000000000000e+00,0.000000000000000000e+00,0.000000000000000000e+00,0.000000000000000000e+00,0.000000000000000000e+00,0.000000000000000000e+00,0.000000000000000000e+00,0.000000000000000000e+00,0.000000000000000000e+00,0.000000000000000000e+00,0.000000000000000000e+00,0.000000000000000000e+00,0.000000000000000000e+00,0.000000000000000000e+00,7.903978824615478516e-01,4.043544083833694458e-02,8.394210785627365112e-02,1.745632290840148926e-02,4.731000959873199463e-02,1.861495822668075562e-01,9.472064673900604248e-02,1.121550798416137695e-01,6.429795175790786743e-02,2.098016738891601562e-01,1.232118010520935059e-01,4.190682992339134216e-02,4.189822822809219360e-02,-6.373291462659835815e-02,4.509301856160163879e-03,7.058002799749374390e-02,-4.159336909651756287e-02,8.448105305433273315e-02,-4.317755252122879028e-02,6.558724492788314819e-02,2.165099047124385834e-02,-5.914270505309104919e-02,3.126321434974670410e-01
0.000000000000000000e+00,0.000000000000000000e+00,0.000000000000000000e+00,0.000000000000000000e+00,0.000000000000000000e+00,0.000000000000000000e+00,0.000000000000000000e+00,0.000000000000000000e+00,0.000000000000000000e+00,0.000000000000000000e+00,0.000000000000000000e+00,0.000000000000000000e+00,0.000000000000000000e+00,0.000000000000000000e+00,0.000000000000000000e+00,0.000000000000000000e+00,0.000000000000000000e+00,0.000000000000000000e+00,0.000000000000000000e+00,0.000000000000000000e+00,8.521006703376770020e-01,4.866227880120277405e-02,5.536410585045814514e-02,3.387700021266937256e-02,3.369706869125366211e-02,9.122338891029357910e-02,7.869047671556472778e-02,5.605219677090644836e-02,8.753155171871185303e-02,1.498509794473648071e-01,7.271710038185119629e-02,3.368915617465972900e-02,7.295674830675125122e-02,-6.769026815891265869e-02,8.076454699039459229e-02,7.819249480962753296e-02,-3.040826320648193359e-02,5.868570134043693542e-02,5.982197821140289307e-02,9.349187463521957397e-02,-1.543544698506593704e-02,1.595824584364891052e-02,2.567891180515289307e-01
0.000000000000000000e+00,0.000000000000000000e+00,0.000000000000000000e+00,0.000000000000000000e+00,0.000000000000000000e+00,0.000000000000000000e+00,0.000000000000000000e+00,0.000000000000000000e+00,0.000000000000000000e+00,0.000000000000000000e+00,0.000000000000000000e+00,0.000000000000000000e+00,0.000000000000000000e+00,0.000000000000000000e+00,0.000000000000000000e+00,0.000000000000000000e+00,0.000000000000000000e+00,0.000000000000000000e+00,0.000000000000000000e+00,0.000000000000000000e+00,9.154783487319946289e-01,4.342634975910186768e-02,4.411321878433227539e-02,1.917296834290027618e-02,4.138114303350448608e-02,1.100425571203231812e-01,8.744280785322189331e-02,-8.814356289803981781e-03,1.137382239103317261e-01,1.513583958148956299e-01,2.556632831692695618e-02,-2.097664028406143188e-02,-2.935671433806419373e-02,2.285169623792171478e-02,9.312475100159645081e-03,9.060552716255187988e-02,-6.915228813886642456e-02,-6.629727780818939209e-02,1.282244548201560974e-02,5.812506005167961121e-02,-4.574838280677795410e-02,-2.503212913870811462e-02,1.861057728528976440e-01
0.000000000000000000e+00,0.000000000000000000e+00,0.000000000000000000e+00,0.000000000000000000e+00,0.000000000000000000e+00,0.000000000000000000e+00,0.000000000000000000e+00,0.000000000000000000e+00,0.000000000000000000e+00,0.000000000000000000e+00,0.000000000000000000e+00,0.000000000000000000e+00,0.000000000000000000e+00,0.000000000000000000e+00,0.000000000000000000e+00,0.000000000000000000e+00,0.000000000000000000e+00,0.000000000000000000e+00,0.000000000000000000e+00,0.000000000000000000e+00,9.455113410949707031e-01,-1.187599916011095047e-02,4.812752828001976013e-03,-3.642204403877258301e-02,2.032101154327392578e-02,1.770783215761184692e-01,3.370207175612449646e-02,-3.499357402324676514e-02,8.128803968429565430e-02,1.986272186040878296e-01,1.021734327077865601e-01,-4.134045541286468506e-02,-1.376025099307298660e-02,2.144972421228885651e-02,-3.989887237548828125e-02,2.885657921433448792e-02,2.525417134165763855e-02,1.108658909797668457e-01,9.098052047193050385e-03,1.975085586309432983e-02,-4.014740139245986938e-02,-1.135258818976581097e-03,2.092008739709854126e-01
0.000000000000000000e+00,0.000000000000000000e+00,0.000000000000000000e+00,0.000000000000000000e+00,0.000000000000000000e+00,0.000000000000000000e+00,0.000000000000000000e+00,0.000000000000000000e+00,0.000000000000000000e+00,0.000000000000000000e+00,0.000000000000000000e+00,0.000000000000000000e+00,0.000000000000000000e+00,0.000000000000000000e+00,0.000000000000000000e+00,0.000000000000000000e+00,0.000000000000000000e+00,0.000000000000000000e+00,0.000000000000000000e+00,0.000000000000000000e+00,9.282416701316833496e-01,5.319999158382415771e-02,9.905110299587249756e-02,5.052622780203819275e-02,7.440892979502677917e-03,-5.347990617156028748e-02,-3.909195587038993835e-02,-1.069096773862838745e-01,2.779285609722137451e-02,5.745997279882431030e-02,3.642631322145462036e-02,-6.507471203804016113e-02,-4.505054280161857605e-02,3.188724815845489502e-02,1.872153021395206451e-03,-5.644011497497558594e-02,2.075632102787494659e-02,1.803669929504394531e-01,-1.898025511763989925e-03,-3.430492430925369263e-02,2.513195201754570007e-02,5.110656842589378357e-02,4.575548768043518066e-01
0.000000000000000000e+00,0.000000000000000000e+00,0.000000000000000000e+00,0.000000000000000000e+00,0.000000000000000000e+00,0.000000000000000000e+00,0.000000000000000000e+00,0.000000000000000000e+00,0.000000000000000000e+00,0.000000000000000000e+00,0.000000000000000000e+00,0.000000000000000000e+00,0.000000000000000000e+00,0.000000000000000000e+00,0.000000000000000000e+00,0.000000000000000000e+00,0.000000000000000000e+00,0.000000000000000000e+00,0.000000000000000000e+00,0.000000000000000000e+00,8.240159153938293457e-01,2.653864026069641113e-02,2.396142669022083282e-02,6.290908902883529663e-02,-2.931419946253299713e-02,4.193670675158500671e-02,-1.029905602335929871e-01,-9.569781273603439331e-02,-2.201969362795352936e-02,3.059009555727243423e-03,4.284595325589179993e-02,4.774603247642517090e-02,4.945852793753147125e-03,3.217570483684539795e-02,2.961121872067451477e-02,7.168487459421157837e-02,8.253445848822593689e-03,1.825392842292785645e-01,-8.351188153028488159e-02,-1.577946916222572327e-02,7.279058545827865601e-02,1.668084412813186646e-01,8.435756564140319824e-01
0.000000000000000000e+00,0.000000000000000000e+00,0.000000000000000000e+00,0.000000000000000000e+00,0.000000000000000000e+00,0.000000000000000000e+00,0.000000000000000000e+00,0.000000000000000000e+00,0.000000000000000000e+00,0.000000000000000000e+00,0.000000000000000000e+00,0.000000000000000000e+00,0.000000000000000000e+00,0.000000000000000000e+00,0.000000000000000000e+00,0.000000000000000000e+00,0.000000000000000000e+00,0.000000000000000000e+00,0.000000000000000000e+00,0.000000000000000000e+00,-1.685738712549209595e-01,-8.921631425619125366e-02,3.715052083134651184e-02,5.837452784180641174e-02,4.089524969458580017e-02,1.271573156118392944e-01,5.147895589470863342e-02,1.746673882007598877e-02,-2.030736766755580902e-03,4.296167194843292236e-02,5.873982608318328857e-02,5.218698829412460327e-02,3.519753739237785339e-02,-1.080554537475109100e-02,4.120639711618423462e-02,1.069729104638099670e-01,3.307129442691802979e-02,2.275669276714324951e-01,2.474589273333549500e-02,8.397890627384185791e-02,6.188622117042541504e-02,2.538582086563110352e-01,9.625194072723388672e-01
0.000000000000000000e+00,0.000000000000000000e+00,0.000000000000000000e+00,0.000000000000000000e+00,0.000000000000000000e+00,0.000000000000000000e+00,0.000000000000000000e+00,0.000000000000000000e+00,0.000000000000000000e+00,0.000000000000000000e+00,0.000000000000000000e+00,0.000000000000000000e+00,0.000000000000000000e+00,0.000000000000000000e+00,0.000000000000000000e+00,0.000000000000000000e+00,0.000000000000000000e+00,0.000000000000000000e+00,0.000000000000000000e+00,0.000000000000000000e+00,-4.974409937858581543e-03,-2.065004780888557434e-02,1.102744019590318203e-03,2.746202051639556885e-02,-5.171219352632761002e-03,5.260507576167583466e-03,2.178455889225006104e-02,7.492065429687500000e-03,1.261113584041595459e-02,7.042392622679471970e-03,9.215551614761352539e-02,-3.749775514006614685e-02,2.720310352742671967e-02,-3.636162355542182922e-02,1.176443975418806076e-02,5.067245662212371826e-02,-6.265187403187155724e-04,3.860047459602355957e-02,-2.025634422898292542e-02,-4.749746527522802353e-03,6.120763346552848816e-02,1.793205440044403076e-01,9.662256240844726562e-01
0.000000000000000000e+00,0.000000000000000000e+00,0.000000000000000000e+00,0.000000000000000000e+00,0.000000000000000000e+00,0.000000000000000000e+00,0.000000000000000000e+00,0.000000000000000000e+00,0.000000000000000000e+00,0.000000000000000000e+00,0.000000000000000000e+00,0.000000000000000000e+00,0.000000000000000000e+00,0.000000000000000000e+00,0.000000000000000000e+00,0.000000000000000000e+00,0.000000000000000000e+00,0.000000000000000000e+00,0.000000000000000000e+00,0.000000000000000000e+00,2.667980790138244629e-01,7.039414346218109131e-02,-4.153578355908393860e-02,7.451396435499191284e-02,-5.870074033737182617e-03,1.157901063561439514e-02,1.141312271356582642e-01,9.546642750501632690e-02,1.076170243322849274e-02,2.802042104303836823e-02,2.028579637408256531e-02,4.524161573499441147e-03,3.240488097071647644e-02,-6.329417228698730469e-04,6.278523802757263184e-02,1.379018574953079224e-01,4.746249318122863770e-02,2.027414441108703613e-01,1.606124825775623322e-02,3.084673359990119934e-02,-7.866822183132171631e-02,2.762363255023956299e-01,9.613111019134521484e-01
0.000000000000000000e+00,0.000000000000000000e+00,0.000000000000000000e+00,0.000000000000000000e+00,0.000000000000000000e+00,0.000000000000000000e+00,0.000000000000000000e+00,0.000000000000000000e+00,0.000000000000000000e+00,0.000000000000000000e+00,0.000000000000000000e+00,0.000000000000000000e+00,0.000000000000000000e+00,0.000000000000000000e+00,0.000000000000000000e+00,0.000000000000000000e+00,0.000000000000000000e+00,0.000000000000000000e+00,0.000000000000000000e+00,0.000000000000000000e+00,1.637938618659973145e-01,4.963389784097671509e-02,-1.153485476970672607e-02,6.864467263221740723e-02,1.863386109471321106e-02,1.117722690105438232e-02,8.727231621742248535e-02,7.754985988140106201e-02,-1.867647655308246613e-02,2.759687229990959167e-02,2.435847744345664978e-02,4.186993464827537537e-02,1.443124096840620041e-02,-1.760534942150115967e-04,4.212217405438423157e-03,1.903129741549491882e-04,3.364938497543334961e-02,1.611341238021850586e-01,2.081581577658653259e-02,3.848380595445632935e-02,-5.394781008362770081e-03,2.950249314308166504e-01,9.736852645874023438e-01
0.000000000000000000e+00,0.000000000000000000e+00,0.000000000000000000e+00,0.000000000000000000e+00,0.000000000000000000e+00,0.000000000000000000e+00,0.000000000000000000e+00,0.000000000000000000e+00,0.000000000000000000e+00,0.000000000000000000e+00,0.000000000000000000e+00,0.000000000000000000e+00,0.000000000000000000e+00,0.000000000000000000e+00,0.000000000000000000e+00,0.000000000000000000e+00,0.000000000000000000e+00,0.000000000000000000e+00,0.000000000000000000e+00,0.000000000000000000e+00,0.000000000000000000e+00,0.000000000000000000e+00,0.000000000000000000e+00,0.000000000000000000e+00,0.000000000000000000e+00,0.000000000000000000e+00,0.000000000000000000e+00,0.000000000000000000e+00,0.000000000000000000e+00,0.000000000000000000e+00,0.000000000000000000e+00,0.000000000000000000e+00,0.000000000000000000e+00,0.000000000000000000e+00,0.000000000000000000e+00,0.000000000000000000e+00,0.000000000000000000e+00,0.000000000000000000e+00,0.000000000000000000e+00,0.000000000000000000e+00,0.000000000000000000e+00,0.000000000000000000e+00,0.000000000000000000e+00
