0.000000000000000000e+00,0.000000000000000000e+00,0.000000000000000000e+00,0.000000000000000000e+00,0.000000000000000000e+00,0.000000000000000000e+00,0.000000000000000000e+00,0.000000000000000000e+00,0.000000000000000000e+00,0.000000000000000000e+00,0.000000000000000000e+00,0.000000000000000000e+00,0.000000000000000000e+00,0.000000000000000000e+00,0.000000000000000000e+00,0.000000000000000000e+00,2.896903038024902344e+01,-1.354789733886718750e-02,-1.152610778808593750e-02,-6.540298461914062500e-03,-1.957511901855468750e-02,-2.567291259765625000e-03,3.459930419921875000e-03,-9.670257568359375000e-04,-5.777359008789062500e-03,6.893157958984375000e-03,-2.975463867187500000e-04,-4.539489746093750000e-04,5.817413330078125000e-04,-2.803802490234375000e-04,1.125335693359375000e-03,6.885528564453125000e-04
0.000000000000000000e+00,0.000000000000000000e+00,0.000000000000000000e+00,0.000000000000000000e+00,0.000000000000000000e+00,0.000000000000000000e+00,0.000000000000000000e+00,0.000000000000000000e+00,0.000000000000000000e+00,0.000000000000000000e+00,0.000000000000000000e+00,0.000000000000000000e+00,0.000000000000000000e+00,0.000000000000000000e+00,0.000000000000000000e+00,0.000000000000000000e+00,2.906657600402832031e+01,2.677230834960937500e-01,6.513214111328125000e-02,-3.104782104492187500e-02,3.878593444824218750e-02,2.403259277343750000e-03,-6.402969360351562500e-03,-5.044937133789062500e-03,9.346008300781250000e-04,5.512237548828125000e-03,-6.179809570312500000e-04,-4.978179931640625000e-04,3.234863281250000000e-03,4.844665527343750000e-04,3.646850585937500000e-03,8.964538574218750000e-03
0.000000000000000000e+00,0.000000000000000000e+00,0.000000000000000000e+00,0.000000000000000000e+00,0.000000000000000000e+00,0.000000000000000000e+00,0.000000000000000000e+00,0.000000000000000000e+00,0.000000000000000000e+00,0.000000000000000000e+00,0.000000000000000000e+00,0.000000000000000000e+00,0.000000000000000000e+00,0.000000000000000000e+00,0.000000000000000000e+00,0.000000000000000000e+00,2.905629348754882812e+01,1.178932189941406250e-01,2.048225402832031250e-01,-2.210235595703125000e-02,1.161117553710937500e-01,-3.536224365234375000e-02,-5.226135253906250000e-03,-8.996963500976562500e-03,2.515411376953125000e-02,1.647758483886718750e-02,-6.532669067382812500e-03,-1.155853271484375000e-03,1.353073120117187500e-02,5.168914794921875000e-04,6.008148193359375000e-04,2.164840698242187500e-03
0.000000000000000000e+00,0.000000000000000000e+00,0.000000000000000000e+00,0.000000000000000000e+00,0.000000000000000000e+00,0.000000000000000000e+00,0.000000000000000000e+00,0.000000000000000000e+00,0.000000000000000000e+00,0.000000000000000000e+00,0.000000000000000000e+00,0.000000000000000000e+00,0.000000000000000000e+00,0.000000000000000000e+00,0.000000000000000000e+00,0.000000000000000000e+00,2.905831909179687500e+01,7.378959655761718750e-02,1.703243255615234375e-01,-4.851150512695312500e-02,1.598243713378906250e-01,-1.717567443847656250e-02,-7.432937622070312500e-03,-1.595878601074218750e-02,5.388259887695312500e-03,2.465057373046875000e-02,-5.229949951171875000e-03,-3.643035888671875000e-04,1.716041564941406250e-02,1.571655273437500000e-03,9.786605834960937500e-03,3.868103027343750000e-03
0.000000000000000000e+00,0.000000000000000000e+00,0.000000000000000000e+00,0.000000000000000000e+00,0.000000000000000000e+00,0.000000000000000000e+00,0.000000000000000000e+00,0.000000000000000000e+00,0.000000000000000000e+00,0.000000000000000000e+00,0.000000000000000000e+00,0.000000000000000000e+00,0.000000000000000000e+00,0.000000000000000000e+00,0.000000000000000000e+00,0.000000000000000000e+00,2.891240310668945312e+01,1.999111175537109375e-01,4.035110473632812500e-01,-9.483337402343750000e-03,6.324691772460937500e-01,-7.076263427734375000e-04,5.607604980468750000e-04,-1.432037353515625000e-02,-1.125335693359375000e-04,2.912521362304687500e-02,-2.344131469726562500e-03,2.365112304687500000e-04,1.835441589355468750e-02,1.197814941406250000e-03,1.141166687011718750e-02,-1.362037658691406250e-02
0.000000000000000000e+00,0.000000000000000000e+00,0.000000000000000000e+00,0.000000000000000000e+00,0.000000000000000000e+00,0.000000000000000000e+00,0.000000000000000000e+00,0.000000000000000000e+00,0.000000000000000000e+00,0.000000000000000000e+00,0.000000000000000000e+00,0.000000000000000000e+00,0.000000000000000000e+00,0.000000000000000000e+00,0.000000000000000000e+00,0.000000000000000000e+00,2.849299430847167969e+01,1.962509155273437500e-01,2.923049926757812500e-01,4.507064819335937500e-03,1.608762741088867188e+00,6.656646728515625000e-03,6.465911865234375000e-04,-2.103805541992187500e-02,4.831314086914062500e-03,-3.221511840820312500e-03,-9.708404541015625000e-03,1.029968261718750000e-04,1.845359802246093750e-02,5.626678466796875000e-04,1.404380798339843750e-02,-2.004432678222656250e-02
0.000000000000000000e+00,0.000000000000000000e+00,0.000000000000000000e+00,0.000000000000000000e+00,0.000000000000000000e+00,0.000000000000000000e+00,0.000000000000000000e+00,0.000000000000000000e+00,0.000000000000000000e+00,0.000000000000000000e+00,0.000000000000000000e+00,0.000000000000000000e+00,0.000000000000000000e+00,0.000000000000000000e+00,0.000000000000000000e+00,0.000000000000000000e+00,2.834011077880859375e+01,6.396484375000000000e-02,2.790527343750000000e-01,3.838729858398437500e-02,1.672719955444335938e+00,-3.376007080078125000e-04,-1.187705993652343750e-02,-3.147888183593750000e-02,3.704261779785156250e-02,-7.457733154296875000e-04,-1.199722290039062500e-02,-1.754760742187500000e-04,1.817131042480468750e-02,-4.043579101562500000e-04,1.314163208007812500e-02,-2.870178222656250000e-02
0.000000000000000000e+00,0.000000000000000000e+00,0.000000000000000000e+00,0.000000000000000000e+00,0.000000000000000000e+00,0.000000000000000000e+00,0.000000000000000000e+00,0.000000000000000000e+00,0.000000000000000000e+00,0.000000000000000000e+00,0.000000000000000000e+00,0.000000000000000000e+00,0.000000000000000000e+00,0.000000000000000000e+00,0.000000000000000000e+00,0.000000000000000000e+00,2.823506355285644531e+01,-9.585571289062500000e-02,2.420768737792968750e-01,8.120346069335937500e-02,1.906471252441406250e+00,2.473258972167968750e-02,-5.481719970703125000e-03,-3.846549987792968750e-02,3.835487365722656250e-02,-4.143333435058593750e-02,4.182815551757812500e-03,6.084442138671875000e-04,2.057838439941406250e-02,-5.588531494140625000e-04,1.020431518554687500e-02,-1.173973083496093750e-02
0.000000000000000000e+00,0.000000000000000000e+00,0.000000000000000000e+00,0.000000000000000000e+00,0.000000000000000000e+00,0.000000000000000000e+00,0.000000000000000000e+00,0.000000000000000000e+00,0.000000000000000000e+00,0.000000000000000000e+00,0.000000000000000000e+00,0.000000000000000000e+00,0.000000000000000000e+00,0.000000000000000000e+00,0.000000000000000000e+00,0.000000000000000000e+00,2.775515174865722656e+01,2.279510498046875000e-01,5.021400451660156250e-01,1.926479339599609375e-01,2.519302368164062500e+00,1.212902069091796875e-01,-1.183319091796875000e-02,-3.104019165039062500e-02,3.667449951171875000e-02,1.970481872558593750e-02,-3.166198730468750000e-03,3.032684326171875000e-04,1.900863647460937500e-02,-1.045227050781250000e-03,8.615493774414062500e-03,-4.003524780273437500e-02
0.000000000000000000e+00,0.000000000000000000e+00,0.000000000000000000e+00,0.000000000000000000e+00,0.000000000000000000e+00,0.000000000000000000e+00,0.000000000000000000e+00,0.000000000000000000e+00,0.000000000000000000e+00,0.000000000000000000e+00,0.000000000000000000e+00,0.000000000000000000e+00,0.000000000000000000e+00,0.000000000000000000e+00,0.000000000000000000e+00,0.000000000000000000e+00,2.756674194335937500e+01,2.530689239501953125e-01,3.724651336669921875e-01,2.466697692871093750e-01,3.585039138793945312e+00,2.862777709960937500e-01,-2.040863037109375000e-03,-2.506828308105468750e-02,3.905677795410156250e-02,1.286315917968750000e-02,8.691787719726562500e-03,1.182556152343750000e-04,2.862930297851562500e-02,-6.294250488281250000e-04,4.686355590820312500e-03,-6.323432922363281250e-02
0.000000000000000000e+00,0.000000000000000000e+00,0.000000000000000000e+00,0.000000000000000000e+00,0.000000000000000000e+00,0.000000000000000000e+00,0.000000000000000000e+00,0.000000000000000000e+00,0.000000000000000000e+00,0.000000000000000000e+00,0.000000000000000000e+00,0.000000000000000000e+00,0.000000000000000000e+00,0.000000000000000000e+00,0.000000000000000000e+00,0.000000000000000000e+00,2.701081085205078125e+01,3.498363494873046875e-01,3.113117218017578125e-01,1.989593505859375000e-01,5.784597396850585938e+00,4.535484313964843750e-02,9.714126586914062500e-03,-8.434295654296875000e-03,4.000282287597656250e-02,4.930877685546875000e-02,-4.634857177734375000e-04,-1.115798950195312500e-03,1.196289062500000000e-02,-6.427764892578125000e-04,-4.472732543945312500e-03,1.260566711425781250e-02
0.000000000000000000e+00,0.000000000000000000e+00,0.000000000000000000e+00,0.000000000000000000e+00,0.000000000000000000e+00,0.000000000000000000e+00,0.000000000000000000e+00,0.000000000000000000e+00,0.000000000000000000e+00,0.000000000000000000e+00,0.000000000000000000e+00,0.000000000000000000e+00,0.000000000000000000e+00,0.000000000000000000e+00,0.000000000000000000e+00,0.000000000000000000e+00,2.677364158630371094e+01,2.776412963867187500e-01,3.413925170898437500e-01,2.126178741455078125e-01,1.208307266235351562e+01,1.875457763671875000e-01,1.626014709472656250e-02,-5.629539489746093750e-02,1.981544494628906250e-02,6.066703796386718750e-02,-4.020500183105468750e-02,-2.502441406250000000e-03,2.037048339843750000e-03,-5.435943603515625000e-04,-6.122589111328125000e-04,8.583068847656250000e-02
0.000000000000000000e+00,0.000000000000000000e+00,0.000000000000000000e+00,0.000000000000000000e+00,0.000000000000000000e+00,0.000000000000000000e+00,0.000000000000000000e+00,0.000000000000000000e+00,0.000000000000000000e+00,0.000000000000000000e+00,0.000000000000000000e+00,0.000000000000000000e+00,0.000000000000000000e+00,0.000000000000000000e+00,0.000000000000000000e+00,0.000000000000000000e+00,1.178159713745117188e+00,2.027626037597656250e-01,2.596836090087890625e-01,2.218151092529296875e-01,2.917882537841796875e+01,1.336193084716796875e-01,9.267807006835937500e-03,-5.557632446289062500e-02,2.407264709472656250e-02,4.231834411621093750e-02,-3.733825683593750000e-02,-6.103515625000000000e-05,1.567840576171875000e-03,-1.182556152343750000e-04,4.638671875000000000e-03,9.998321533203125000e-02
0.000000000000000000e+00,0.000000000000000000e+00,0.000000000000000000e+00,0.000000000000000000e+00,0.000000000000000000e+00,0.000000000000000000e+00,0.000000000000000000e+00,0.000000000000000000e+00,0.000000000000000000e+00,0.000000000000000000e+00,0.000000000000000000e+00,0.000000000000000000e+00,0.000000000000000000e+00,0.000000000000000000e+00,0.000000000000000000e+00,0.000000000000000000e+00,4.844264984130859375e-01,2.101707458496093750e-01,6.859169006347656250e-01,1.686553955078125000e-01,2.917595672607421875e+01,1.679031372070312500e+00,4.043960571289062500e-02,-4.711151123046875000e-02,2.393722534179687500e-02,4.401397705078125000e-02,-1.602935791015625000e-02,5.702972412109375000e-03,2.927970886230468750e-02,7.629394531250000000e-06,4.787445068359375000e-04,2.472095489501953125e-01
0.000000000000000000e+00,0.000000000000000000e+00,0.000000000000000000e+00,0.000000000000000000e+00,0.000000000000000000e+00,0.000000000000000000e+00,0.000000000000000000e+00,0.000000000000000000e+00,0.000000000000000000e+00,0.000000000000000000e+00,0.000000000000000000e+00,0.000000000000000000e+00,0.000000000000000000e+00,0.000000000000000000e+00,0.000000000000000000e+00,0.000000000000000000e+00,5.318412780761718750e-01,1.559696197509765625e-01,6.605701446533203125e-01,5.249977111816406250e-02,2.913152503967285156e+01,1.952064514160156250e+00,-3.070831298828125000e-04,-6.170082092285156250e-02,1.920318603515625000e-02,6.724548339843750000e-02,-9.859085083007812500e-03,3.824234008789062500e-03,2.831268310546875000e-02,4.005432128906250000e-05,-1.009368896484375000e-02,3.618469238281250000e-01
0.000000000000000000e+00,0.000000000000000000e+00,0.000000000000000000e+00,0.000000000000000000e+00,0.000000000000000000e+00,0.000000000000000000e+00,0.000000000000000000e+00,0.000000000000000000e+00,0.000000000000000000e+00,0.000000000000000000e+00,0.000000000000000000e+00,0.000000000000000000e+00,0.000000000000000000e+00,0.000000000000000000e+00,0.000000000000000000e+00,0.000000000000000000e+00,4.644565582275390625e-01,-1.973228454589843750e-01,2.243099212646484375e-01,-1.668663024902343750e-01,2.640077972412109375e+01,7.387720108032226562e+00,1.113128662109375000e-02,-3.880310058593750000e-02,1.461410522460937500e-02,2.668972015380859375e-01,3.119850158691406250e-01,6.458282470703125000e-03,1.865406036376953125e-01,-1.201629638671875000e-04,-1.281356811523437500e-02,2.808254241943359375e+00
0.000000000000000000e+00,0.000000000000000000e+00,0.000000000000000000e+00,0.000000000000000000e+00,0.000000000000000000e+00,0.000000000000000000e+00,0.000000000000000000e+00,0.000000000000000000e+00,0.000000000000000000e+00,0.000000000000000000e+00,0.000000000000000000e+00,0.000000000000000000e+00,0.000000000000000000e+00,0.000000000000000000e+00,0.000000000000000000e+00,0.000000000000000000e+00,5.927143096923828125e-01,-2.024974822998046875e-01,1.189041137695312500e-02,-2.054271697998046875e-01,9.553052902221679688e+00,8.531913757324218750e+00,7.189941406250000000e-02,-2.460479736328125000e-02,7.776260375976562500e-03,1.418552398681640625e-01,1.109397888183593750e+00,5.550384521484375000e-03,8.211708068847656250e-01,-7.629394531250000000e-06,2.408218383789062500e-02,1.906918907165527344e+01
0.000000000000000000e+00,0.000000000000000000e+00,0.000000000000000000e+00,0.000000000000000000e+00,0.000000000000000000e+00,0.000000000000000000e+00,0.000000000000000000e+00,0.000000000000000000e+00,0.000000000000000000e+00,0.000000000000000000e+00,0.000000000000000000e+00,0.000000000000000000e+00,0.000000000000000000e+00,0.000000000000000000e+00,0.000000000000000000e+00,0.000000000000000000e+00,5.604991912841796875e-01,-1.556034088134765625e-01,1.432609558105468750e-01,-2.111587524414062500e-01,3.139923095703125000e+00,3.433372497558593750e+00,5.980300903320312500e-02,-3.639030456542968750e-02,1.860618591308593750e-02,1.429538726806640625e-01,1.360614776611328125e+00,3.938674926757812500e-03,1.069852828979492188e+00,1.312255859375000000e-03,8.156280517578125000e-01,2.573955154418945312e+01
0.000000000000000000e+00,0.000000000000000000e+00,0.000000000000000000e+00,0.000000000000000000e+00,0.000000000000000000e+00,0.000000000000000000e+00,0.000000000000000000e+00,0.000000000000000000e+00,0.000000000000000000e+00,0.000000000000000000e+00,0.000000000000000000e+00,0.000000000000000000e+00,0.000000000000000000e+00,0.000000000000000000e+00,0.000000000000000000e+00,0.000000000000000000e+00,4.575939178466796875e-01,-1.723251342773437500e-01,1.677875518798828125e-01,-1.876068115234375000e-01,2.515153884887695312e+00,3.084249496459960938e+00,1.006679534912109375e-01,-2.334785461425781250e-02,-6.841659545898437500e-03,8.164596557617187500e-02,1.127544403076171875e+00,5.264282226562500000e-04,2.168903350830078125e-01,3.164291381835937500e-03,1.131927490234375000e+00,2.575705337524414062e+01
0.000000000000000000e+00,0.000000000000000000e+00,0.000000000000000000e+00,0.000000000000000000e+00,0.000000000000000000e+00,0.000000000000000000e+00,0.000000000000000000e+00,0.000000000000000000e+00,0.000000000000000000e+00,0.000000000000000000e+00,0.000000000000000000e+00,0.000000000000000000e+00,0.000000000000000000e+00,0.000000000000000000e+00,0.000000000000000000e+00,0.000000000000000000e+00,4.275188446044921875e-01,-1.750373840332031250e-01,1.435184478759765625e-01,-2.189960479736328125e-01,2.706485748291015625e+00,3.119947433471679688e+00,1.200656890869140625e-01,-2.887725830078125000e-03,-8.598327636718750000e-03,4.940795898437500000e-02,8.108654022216796875e-01,6.599426269531250000e-04,4.256248474121093750e-02,-7.362365722656250000e-04,1.579013824462890625e+00,2.630894660949707031e+01
0.000000000000000000e+00,0.000000000000000000e+00,0.000000000000000000e+00,0.000000000000000000e+00,0.000000000000000000e+00,0.000000000000000000e+00,0.000000000000000000e+00,0.000000000000000000e+00,0.000000000000000000e+00,0.000000000000000000e+00,0.000000000000000000e+00,0.000000000000000000e+00,0.000000000000000000e+00,0.000000000000000000e+00,0.000000000000000000e+00,0.000000000000000000e+00,2.502613067626953125e-01,-1.311264038085937500e-01,-1.986503601074218750e-02,-1.964149475097656250e-01,-2.864646911621093750e-02,5.227794647216796875e-01,1.063652038574218750e-01,-2.016067504882812500e-03,-8.203506469726562500e-03,-9.374618530273437500e-03,6.834144592285156250e-01,7.705688476562500000e-04,1.535606384277343750e-02,6.008148193359375000e-04,1.740484237670898438e+00,2.603852272033691406e+01
0.000000000000000000e+00,0.000000000000000000e+00,0.000000000000000000e+00,0.000000000000000000e+00,0.000000000000000000e+00,0.000000000000000000e+00,0.000000000000000000e+00,0.000000000000000000e+00,0.000000000000000000e+00,0.000000000000000000e+00,0.000000000000000000e+00,0.000000000000000000e+00,0.000000000000000000e+00,0.000000000000000000e+00,0.000000000000000000e+00,0.000000000000000000e+00,2.881584167480468750e-01,-1.735687255859375000e-02,-4.366493225097656250e-02,-1.900901794433593750e-01,-7.606506347656250000e-02,3.760356903076171875e-01,1.075534820556640625e-01,3.007888793945312500e-03,-6.258010864257812500e-03,-7.352828979492187500e-03,5.001144409179687500e-01,7.057189941406250000e-04,-3.387451171875000000e-03,7.038116455078125000e-04,1.657106399536132812e+00,2.645581817626953125e+01
0.000000000000000000e+00,0.000000000000000000e+00,0.000000000000000000e+00,0.000000000000000000e+00,0.000000000000000000e+00,0.000000000000000000e+00,0.000000000000000000e+00,0.000000000000000000e+00,0.000000000000000000e+00,0.000000000000000000e+00,0.000000000000000000e+00,0.000000000000000000e+00,0.000000000000000000e+00,0.000000000000000000e+00,0.000000000000000000e+00,0.000000000000000000e+00,-1.305313110351562500e-01,5.809783935546875000e-03,-1.716804504394531250e-02,7.735061645507812500e-02,-9.318542480468750000e-02,3.689517974853515625e-01,1.162528991699218750e-01,7.749557495117187500e-03,-5.359649658203125000e-03,-2.197265625000000000e-03,4.813442230224609375e-01,1.663208007812500000e-03,-1.024246215820312500e-03,4.577636718750000000e-05,1.471050262451171875e+00,2.704912567138671875e+01
0.000000000000000000e+00,0.000000000000000000e+00,0.000000000000000000e+00,0.000000000000000000e+00,0.000000000000000000e+00,0.000000000000000000e+00,0.000000000000000000e+00,0.000000000000000000e+00,0.000000000000000000e+00,0.000000000000000000e+00,0.000000000000000000e+00,0.000000000000000000e+00,0.000000000000000000e+00,0.000000000000000000e+00,0.000000000000000000e+00,0.000000000000000000e+00,-5.168533325195312500e-02,4.991531372070312500e-03,-1.020050048828125000e-02,9.632873535156250000e-02,-1.172752380371093750e-01,2.429714202880859375e-01,1.135177612304687500e-01,1.000595092773437500e-02,-5.495071411132812500e-03,2.038955688476562500e-03,3.437042236328125000e-01,7.476806640625000000e-04,-8.602142333984375000e-04,-5.664825439453125000e-04,5.494575500488281250e-01,2.786237335205078125e+01
0.000000000000000000e+00,0.000000000000000000e+00,0.000000000000000000e+00,0.000000000000000000e+00,0.000000000000000000e+00,0.000000000000000000e+00,0.000000000000000000e+00,0.000000000000000000e+00,0.000000000000000000e+00,0.000000000000000000e+00,0.000000000000000000e+00,0.000000000000000000e+00,0.000000000000000000e+00,0.000000000000000000e+00,0.000000000000000000e+00,0.000000000000000000e+00,-1.551151275634765625e-01,2.657699584960937500e-02,-2.647399902343750000e-03,9.046745300292968750e-02,-1.203842163085937500e-01,1.718521118164062500e-03,9.035110473632812500e-03,1.533508300781250000e-03,-4.299163818359375000e-03,3.736495971679687500e-03,-1.541328430175781250e-02,-2.479553222656250000e-05,-1.100540161132812500e-02,-2.021789550781250000e-04,4.246139526367187500e-02,2.890339660644531250e+01
0.000000000000000000e+00,0.000000000000000000e+00,0.000000000000000000e+00,0.000000000000000000e+00,0.000000000000000000e+00,0.000000000000000000e+00,0.000000000000000000e+00,0.000000000000000000e+00,0.000000000000000000e+00,0.000000000000000000e+00,0.000000000000000000e+00,0.000000000000000000e+00,0.000000000000000000e+00,0.000000000000000000e+00,0.000000000000000000e+00,0.000000000000000000e+00,-1.605701446533203125e-01,1.076698303222656250e-02,-1.505088806152343750e-02,8.535385131835937500e-02,-1.324043273925781250e-01,2.710342407226562500e-03,1.213073730468750000e-02,2.647399902343750000e-03,-4.203796386718750000e-03,1.319885253906250000e-03,-1.725578308105468750e-02,-5.855560302734375000e-04,-7.820129394531250000e-03,-5.397796630859375000e-04,3.543472290039062500e-02,2.887287330627441406e+01
0.000000000000000000e+00,0.000000000000000000e+00,0.000000000000000000e+00,0.000000000000000000e+00,0.000000000000000000e+00,0.000000000000000000e+00,0.000000000000000000e+00,0.000000000000000000e+00,0.000000000000000000e+00,0.000000000000000000e+00,0.000000000000000000e+00,0.000000000000000000e+00,0.000000000000000000e+00,0.000000000000000000e+00,0.000000000000000000e+00,0.000000000000000000e+00,-1.404495239257812500e-01,-9.279251098632812500e-03,-1.625061035156250000e-03,3.852844238281250000e-03,-1.148605346679687500e-02,7.743835449218750000e-04,5.496978759765625000e-03,-1.070022583007812500e-03,-2.441406250000000000e-04,6.381988525390625000e-03,-9.325027465820312500e-03,-1.085281372070312500e-03,-5.369186401367187500e-03,-3.223419189453125000e-04,2.332878112792968750e-02,2.887933158874511719e+01
0.000000000000000000e+00,0.000000000000000000e+00,0.000000000000000000e+00,0.000000000000000000e+00,0.000000000000000000e+00,0.000000000000000000e+00,0.000000000000000000e+00,0.000000000000000000e+00,0.000000000000000000e+00,0.000000000000000000e+00,0.000000000000000000e+00,0.000000000000000000e+00,0.000000000000000000e+00,0.000000000000000000e+00,0.000000000000000000e+00,0.000000000000000000e+00,0.000000000000000000e+00,0.000000000000000000e+00,0.000000000000000000e+00,0.000000000000000000e+00,0.000000000000000000e+00,0.000000000000000000e+00,0.000000000000000000e+00,0.000000000000000000e+00,0.000000000000000000e+00,0.000000000000000000e+00,0.000000000000000000e+00,0.000000000000000000e+00,0.000000000000000000e+00,0.000000000000000000e+00,0.000000000000000000e+00,2.897434043884277344e+01
