0.000000000000000000e+00,0.000000000000000000e+00,0.000000000000000000e+00,0.000000000000000000e+00,0.000000000000000000e+00,0.000000000000000000e+00,0.000000000000000000e+00,0.000000000000000000e+00,0.000000000000000000e+00,0.000000000000000000e+00,0.000000000000000000e+00,0.000000000000000000e+00,0.000000000000000000e+00,0.000000000000000000e+00,0.000000000000000000e+00,0.000000000000000000e+00,2.896903038024902344e+01,-1.354789733886718750e-02,-1.152610778808593750e-02,-6.540298461914062500e-03,-1.957511901855468750e-02,-2.567291259765625000e-03,-1.131057739257812500e-03,-9.670257568359375000e-04,-5.777359008789062500e-03,5.607604980468750000e-04,-2.975463867187500000e-04,-4.539489746093750000e-04,3.376007080078125000e-04,-2.803802490234375000e-04,-6.599426269531250000e-04,-8.277893066406250000e-04
0.000000000000000000e+00,0.000000000000000000e+00,0.000000000000000000e+00,0.000000000000000000e+00,0.000000000000000000e+00,0.000000000000000000e+00,0.000000000000000000e+00,0.000000000000000000e+00,0.000000000000000000e+00,0.000000000000000000e+00,0.000000000000000000e+00,0.000000000000000000e+00,0.000000000000000000e+00,0.000000000000000000e+00,0.000000000000000000e+00,0.000000000000000000e+00,2.858106613159179688e+01,-7.092475891113281250e-02,-3.166580200195312500e-02,-3.104782104492187500e-02,4.358291625976562500e-03,6.446838378906250000e-04,-6.402969360351562500e-03,-5.044937133789062500e-03,2.155303955078125000e-04,9.098052978515625000e-04,-6.179809570312500000e-04,-4.978179931640625000e-04,-3.814697265625000000e-05,4.844665527343750000e-04,-2.412796020507812500e-03,-1.006317138671875000e-02
0.000000000000000000e+00,0.000000000000000000e+00,0.000000000000000000e+00,0.000000000000000000e+00,0.000000000000000000e+00,0.000000000000000000e+00,0.000000000000000000e+00,0.000000000000000000e+00,0.000000000000000000e+00,0.000000000000000000e+00,0.000000000000000000e+00,0.000000000000000000e+00,0.000000000000000000e+00,0.000000000000000000e+00,0.000000000000000000e+00,0.000000000000000000e+00,2.854132080078125000e+01,1.827430725097656250e-02,-3.952217102050781250e-02,-3.299903869628906250e-02,-3.763580322265625000e-02,-3.536224365234375000e-02,-5.226135253906250000e-03,-8.996963500976562500e-03,-1.912307739257812500e-02,-7.301330566406250000e-03,-6.532669067382812500e-03,-1.155853271484375000e-03,-4.701614379882812500e-03,-7.381439208984375000e-04,-2.885818481445312500e-03,-6.284713745117187500e-03
0.000000000000000000e+00,0.000000000000000000e+00,0.000000000000000000e+00,0.000000000000000000e+00,0.000000000000000000e+00,0.000000000000000000e+00,0.000000000000000000e+00,0.000000000000000000e+00,0.000000000000000000e+00,0.000000000000000000e+00,0.000000000000000000e+00,0.000000000000000000e+00,0.000000000000000000e+00,0.000000000000000000e+00,0.000000000000000000e+00,0.000000000000000000e+00,2.857471466064453125e+01,6.578254699707031250e-02,-5.992698669433593750e-02,-4.851150512695312500e-02,-4.513931274414062500e-02,-1.717567443847656250e-02,-7.432937622070312500e-03,-1.595878601074218750e-02,-8.695602416992187500e-03,-1.529693603515625000e-02,-5.229949951171875000e-03,-3.643035888671875000e-04,-7.713317871093750000e-03,-2.237319946289062500e-03,-8.899688720703125000e-03,-9.290695190429687500e-03
0.000000000000000000e+00,0.000000000000000000e+00,0.000000000000000000e+00,0.000000000000000000e+00,0.000000000000000000e+00,0.000000000000000000e+00,0.000000000000000000e+00,0.000000000000000000e+00,0.000000000000000000e+00,0.000000000000000000e+00,0.000000000000000000e+00,0.000000000000000000e+00,0.000000000000000000e+00,0.000000000000000000e+00,0.000000000000000000e+00,0.000000000000000000e+00,2.753679084777832031e+01,-2.365493774414062500e-02,-8.137893676757812500e-02,-2.204322814941406250e-02,6.944656372070312500e-03,-7.076263427734375000e-04,-5.632400512695312500e-03,-1.432037353515625000e-02,-3.393173217773437500e-03,-2.926826477050781250e-02,-2.344131469726562500e-03,2.365112304687500000e-04,-9.172439575195312500e-03,-2.296447753906250000e-03,-9.330749511718750000e-03,-1.362037658691406250e-02
0.000000000000000000e+00,0.000000000000000000e+00,0.000000000000000000e+00,0.000000000000000000e+00,0.000000000000000000e+00,0.000000000000000000e+00,0.000000000000000000e+00,0.000000000000000000e+00,0.000000000000000000e+00,0.000000000000000000e+00,0.000000000000000000e+00,0.000000000000000000e+00,0.000000000000000000e+00,0.000000000000000000e+00,0.000000000000000000e+00,0.000000000000000000e+00,2.630536651611328125e+01,-2.587318420410156250e-02,-9.150886535644531250e-02,4.507064819335937500e-03,3.783321380615234375e-01,-3.233909606933593750e-02,-5.847930908203125000e-03,-2.103805541992187500e-02,-8.527755737304687500e-03,-4.441833496093750000e-02,-9.708404541015625000e-03,1.029968261718750000e-04,-9.086608886718750000e-03,-1.665115356445312500e-03,-1.182174682617187500e-02,-2.004432678222656250e-02
0.000000000000000000e+00,0.000000000000000000e+00,0.000000000000000000e+00,0.000000000000000000e+00,0.000000000000000000e+00,0.000000000000000000e+00,0.000000000000000000e+00,0.000000000000000000e+00,0.000000000000000000e+00,0.000000000000000000e+00,0.000000000000000000e+00,0.000000000000000000e+00,0.000000000000000000e+00,0.000000000000000000e+00,0.000000000000000000e+00,0.000000000000000000e+00,2.630680084228515625e+01,-2.102088928222656250e-02,-9.282302856445312500e-02,7.638931274414062500e-03,4.877300262451171875e-01,-6.460189819335937500e-03,-1.187705993652343750e-02,-3.147888183593750000e-02,-2.208137512207031250e-02,-5.270004272460937500e-02,-1.199722290039062500e-02,-1.754760742187500000e-04,-8.760452270507812500e-03,-7.266998291015625000e-04,-1.063346862792968750e-02,-2.870178222656250000e-02
0.000000000000000000e+00,0.000000000000000000e+00,0.000000000000000000e+00,0.000000000000000000e+00,0.000000000000000000e+00,0.000000000000000000e+00,0.000000000000000000e+00,0.000000000000000000e+00,0.000000000000000000e+00,0.000000000000000000e+00,0.000000000000000000e+00,0.000000000000000000e+00,0.000000000000000000e+00,0.000000000000000000e+00,0.000000000000000000e+00,0.000000000000000000e+00,2.586525917053222656e+01,-9.585571289062500000e-02,-1.213607788085937500e-01,-3.124809265136718750e-02,6.298961639404296875e-01,5.102157592773437500e-03,-7.238388061523437500e-03,-3.846549987792968750e-02,-2.956771850585937500e-02,-4.143333435058593750e-02,4.028320312500000000e-03,-7.839202880859375000e-04,-6.645202636718750000e-03,-5.588531494140625000e-04,-1.379966735839843750e-02,-2.929878234863281250e-02
0.000000000000000000e+00,0.000000000000000000e+00,0.000000000000000000e+00,0.000000000000000000e+00,0.000000000000000000e+00,0.000000000000000000e+00,0.000000000000000000e+00,0.000000000000000000e+00,0.000000000000000000e+00,0.000000000000000000e+00,0.000000000000000000e+00,0.000000000000000000e+00,0.000000000000000000e+00,0.000000000000000000e+00,0.000000000000000000e+00,0.000000000000000000e+00,2.255495262145996094e+01,-1.109066009521484375e-01,-1.154937744140625000e-01,-3.360939025878906250e-02,7.495918273925781250e-01,-3.507423400878906250e-02,-1.183319091796875000e-02,-3.104019165039062500e-02,-2.315521240234375000e-02,-3.158950805664062500e-02,-3.166198730468750000e-03,-9.174346923828125000e-04,-4.688262939453125000e-03,-1.045227050781250000e-03,-1.398658752441406250e-02,-4.003524780273437500e-02
0.000000000000000000e+00,0.000000000000000000e+00,0.000000000000000000e+00,0.000000000000000000e+00,0.000000000000000000e+00,0.000000000000000000e+00,0.000000000000000000e+00,0.000000000000000000e+00,0.000000000000000000e+00,0.000000000000000000e+00,0.000000000000000000e+00,0.000000000000000000e+00,0.000000000000000000e+00,0.000000000000000000e+00,0.000000000000000000e+00,0.000000000000000000e+00,1.954943275451660156e+01,-1.008186340332031250e-01,-1.995773315429687500e-01,-4.057312011718750000e-02,7.786598205566406250e-01,-4.770278930664062500e-03,-2.040863037109375000e-03,-2.506828308105468750e-02,-2.598762512207031250e-02,-2.355575561523437500e-02,8.665084838867187500e-03,1.049041748046875000e-04,-8.220672607421875000e-04,-6.294250488281250000e-04,-1.515960693359375000e-02,-6.323432922363281250e-02
0.000000000000000000e+00,0.000000000000000000e+00,0.000000000000000000e+00,0.000000000000000000e+00,0.000000000000000000e+00,0.000000000000000000e+00,0.000000000000000000e+00,0.000000000000000000e+00,0.000000000000000000e+00,0.000000000000000000e+00,0.000000000000000000e+00,0.000000000000000000e+00,0.000000000000000000e+00,0.000000000000000000e+00,0.000000000000000000e+00,0.000000000000000000e+00,1.613212776184082031e+01,-1.194324493408203125e-01,-3.520812988281250000e-01,-7.108688354492187500e-02,9.678382873535156250e-01,4.535484313964843750e-02,1.602172851562500000e-04,-8.434295654296875000e-03,-2.035522460937500000e-02,-8.899688720703125000e-03,-4.634857177734375000e-04,-1.115798950195312500e-03,-1.386642456054687500e-02,-6.427764892578125000e-04,-1.485824584960937500e-02,9.902954101562500000e-03
0.000000000000000000e+00,0.000000000000000000e+00,0.000000000000000000e+00,0.000000000000000000e+00,0.000000000000000000e+00,0.000000000000000000e+00,0.000000000000000000e+00,0.000000000000000000e+00,0.000000000000000000e+00,0.000000000000000000e+00,0.000000000000000000e+00,0.000000000000000000e+00,0.000000000000000000e+00,0.000000000000000000e+00,0.000000000000000000e+00,0.000000000000000000e+00,1.479903984069824219e+01,-8.396148681640625000e-02,-4.944839477539062500e-01,-7.971954345703125000e-02,2.079856872558593750e+00,1.536445617675781250e-01,-1.241302490234375000e-02,-5.629539489746093750e-02,-4.323959350585937500e-03,6.782531738281250000e-03,-4.020500183105468750e-02,-2.502441406250000000e-03,2.037048339843750000e-03,-7.610321044921875000e-04,-2.061843872070312500e-02,-3.901100158691406250e-02
0.000000000000000000e+00,0.000000000000000000e+00,0.000000000000000000e+00,0.000000000000000000e+00,0.000000000000000000e+00,0.000000000000000000e+00,0.000000000000000000e+00,0.000000000000000000e+00,0.000000000000000000e+00,0.000000000000000000e+00,0.000000000000000000e+00,0.000000000000000000e+00,0.000000000000000000e+00,0.000000000000000000e+00,0.000000000000000000e+00,0.000000000000000000e+00,3.006458282470703125e-01,-9.889984130859375000e-02,-4.863319396972656250e-01,-9.243583679199218750e-02,2.665070724487304688e+01,9.428215026855468750e-02,-1.199722290039062500e-02,-5.557632446289062500e-02,-9.689331054687500000e-03,1.598358154296875000e-02,-3.733825683593750000e-02,-6.103515625000000000e-05,1.567840576171875000e-03,-1.703262329101562500e-03,-2.945137023925781250e-02,-3.217697143554687500e-02
0.000000000000000000e+00,0.000000000000000000e+00,0.000000000000000000e+00,0.000000000000000000e+00,0.000000000000000000e+00,0.000000000000000000e+00,0.000000000000000000e+00,0.000000000000000000e+00,0.000000000000000000e+00,0.000000000000000000e+00,0.000000000000000000e+00,0.000000000000000000e+00,0.000000000000000000e+00,0.000000000000000000e+00,0.000000000000000000e+00,0.000000000000000000e+00,1.473770141601562500e-01,-1.293659210205078125e-01,-4.591808319091796875e-01,-1.172370910644531250e-01,2.430195236206054688e+01,2.509689331054687500e-01,-1.069259643554687500e-02,-4.711151123046875000e-02,-1.285552978515625000e-02,1.735496520996093750e-02,-1.602935791015625000e-02,-2.086639404296875000e-03,1.759529113769531250e-02,-1.644134521484375000e-03,-2.884101867675781250e-02,-3.031730651855468750e-02
0.000000000000000000e+00,0.000000000000000000e+00,0.000000000000000000e+00,0.000000000000000000e+00,0.000000000000000000e+00,0.000000000000000000e+00,0.000000000000000000e+00,0.000000000000000000e+00,0.000000000000000000e+00,0.000000000000000000e+00,0.000000000000000000e+00,0.000000000000000000e+00,0.000000000000000000e+00,0.000000000000000000e+00,0.000000000000000000e+00,0.000000000000000000e+00,1.276626586914062500e-01,-6.707954406738281250e-02,-4.712390899658203125e-01,-3.614425659179687500e-02,2.403770828247070312e+01,1.847267150878906250e-01,-3.746032714843750000e-03,-6.170082092285156250e-02,-1.067543029785156250e-02,2.485847473144531250e-02,-9.859085083007812500e-03,-1.926422119140625000e-03,1.848030090332031250e-02,-1.926422119140625000e-03,-2.167129516601562500e-02,4.777908325195312500e-03
0.000000000000000000e+00,0.000000000000000000e+00,0.000000000000000000e+00,0.000000000000000000e+00,0.000000000000000000e+00,0.000000000000000000e+00,0.000000000000000000e+00,0.000000000000000000e+00,0.000000000000000000e+00,0.000000000000000000e+00,0.000000000000000000e+00,0.000000000000000000e+00,0.000000000000000000e+00,0.000000000000000000e+00,0.000000000000000000e+00,0.000000000000000000e+00,1.413993835449218750e-01,-1.973228454589843750e-01,-2.872142791748046875e-01,-1.668663024902343750e-01,1.232995033264160156e+01,3.165798187255859375e-01,1.113128662109375000e-02,-3.880310058593750000e-02,-1.143455505371093750e-02,-2.234458923339843750e-02,6.549453735351562500e-02,-1.403808593750000000e-03,1.084175109863281250e-01,-2.521514892578125000e-03,-1.444435119628906250e-02,1.821899414062500000e-02
0.000000000000000000e+00,0.000000000000000000e+00,0.000000000000000000e+00,0.000000000000000000e+00,0.000000000000000000e+00,0.000000000000000000e+00,0.000000000000000000e+00,0.000000000000000000e+00,0.000000000000000000e+00,0.000000000000000000e+00,0.000000000000000000e+00,0.000000000000000000e+00,0.000000000000000000e+00,0.000000000000000000e+00,0.000000000000000000e+00,0.000000000000000000e+00,7.823562622070312500e-02,-2.024974822998046875e-01,-1.624431610107421875e-01,-2.054271697998046875e-01,9.697494506835937500e-01,3.588638305664062500e-01,1.198005676269531250e-02,-2.460479736328125000e-02,-8.544921875000000000e-03,-9.691238403320312500e-03,2.440204620361328125e-01,-1.426696777343750000e-03,3.015956878662109375e-01,-2.620697021484375000e-03,-1.204872131347656250e-02,3.008975982666015625e+00
0.000000000000000000e+00,0.000000000000000000e+00,0.000000000000000000e+00,0.000000000000000000e+00,0.000000000000000000e+00,0.000000000000000000e+00,0.000000000000000000e+00,0.000000000000000000e+00,0.000000000000000000e+00,0.000000000000000000e+00,0.000000000000000000e+00,0.000000000000000000e+00,0.000000000000000000e+00,0.000000000000000000e+00,0.000000000000000000e+00,0.000000000000000000e+00,6.798171997070312500e-02,-1.556034088134765625e-01,-9.571075439453125000e-02,-2.111587524414062500e-01,3.217620849609375000e-01,-4.345703125000000000e-02,8.829116821289062500e-03,-3.639030456542968750e-02,-5.031585693359375000e-03,-6.731033325195312500e-03,4.057579040527343750e-01,-2.574920654296875000e-03,2.234535217285156250e-01,-4.928588867187500000e-03,3.133049011230468750e-01,1.612689781188964844e+01
0.000000000000000000e+00,0.000000000000000000e+00,0.000000000000000000e+00,0.000000000000000000e+00,0.000000000000000000e+00,0.000000000000000000e+00,0.000000000000000000e+00,0.000000000000000000e+00,0.000000000000000000e+00,0.000000000000000000e+00,0.000000000000000000e+00,0.000000000000000000e+00,0.000000000000000000e+00,0.000000000000000000e+00,0.000000000000000000e+00,0.000000000000000000e+00,1.106014251708984375e-01,-1.723251342773437500e-01,-1.127281188964843750e-01,-1.876068115234375000e-01,3.671512603759765625e-01,-1.196727752685546875e-01,-2.338409423828125000e-02,-2.334785461425781250e-02,-6.841659545898437500e-03,-3.957748413085937500e-03,4.768295288085937500e-01,-2.622604370117187500e-03,1.956806182861328125e-01,-3.293991088867187500e-03,7.237796783447265625e-01,2.029888534545898438e+01
0.000000000000000000e+00,0.000000000000000000e+00,0.000000000000000000e+00,0.000000000000000000e+00,0.000000000000000000e+00,0.000000000000000000e+00,0.000000000000000000e+00,0.000000000000000000e+00,0.000000000000000000e+00,0.000000000000000000e+00,0.000000000000000000e+00,0.000000000000000000e+00,0.000000000000000000e+00,0.000000000000000000e+00,0.000000000000000000e+00,0.000000000000000000e+00,8.619117736816406250e-02,-1.750373840332031250e-01,-9.957504272460937500e-02,-2.189960479736328125e-01,2.051391601562500000e-01,-1.002197265625000000e-01,-4.073333740234375000e-02,-2.887725830078125000e-03,-8.598327636718750000e-03,3.196144104003906250e-02,3.807277679443359375e-01,-3.471374511718750000e-04,3.476333618164062500e-02,-7.362365722656250000e-04,1.064102172851562500e+00,2.036273002624511719e+01
0.000000000000000000e+00,0.000000000000000000e+00,0.000000000000000000e+00,0.000000000000000000e+00,0.000000000000000000e+00,0.000000000000000000e+00,0.000000000000000000e+00,0.000000000000000000e+00,0.000000000000000000e+00,0.000000000000000000e+00,0.000000000000000000e+00,0.000000000000000000e+00,0.000000000000000000e+00,0.000000000000000000e+00,0.000000000000000000e+00,0.000000000000000000e+00,1.593647003173828125e-01,-1.311264038085937500e-01,-1.986503601074218750e-02,-1.964149475097656250e-01,-2.864646911621093750e-02,2.532634735107421875e-01,-7.240295410156250000e-03,-2.016067504882812500e-03,-8.203506469726562500e-03,-9.374618530273437500e-03,5.445060729980468750e-01,-3.337860107421875000e-04,2.498626708984375000e-03,3.814697265625000000e-04,1.459156036376953125e+00,2.547624969482421875e+01
0.000000000000000000e+00,0.000000000000000000e+00,0.000000000000000000e+00,0.000000000000000000e+00,0.000000000000000000e+00,0.000000000000000000e+00,0.000000000000000000e+00,0.000000000000000000e+00,0.000000000000000000e+00,0.000000000000000000e+00,0.000000000000000000e+00,0.000000000000000000e+00,0.000000000000000000e+00,0.000000000000000000e+00,0.000000000000000000e+00,0.000000000000000000e+00,1.580600738525390625e-01,-2.529525756835937500e-02,-4.366493225097656250e-02,-1.900901794433593750e-01,-7.606506347656250000e-02,2.381248474121093750e-01,-3.183364868164062500e-03,3.007888793945312500e-03,-6.258010864257812500e-03,-7.352828979492187500e-03,4.122219085693359375e-01,4.577636718750000000e-04,-3.387451171875000000e-03,1.525878906250000000e-04,1.438278198242187500e+00,2.568436241149902344e+01
0.000000000000000000e+00,0.000000000000000000e+00,0.000000000000000000e+00,0.000000000000000000e+00,0.000000000000000000e+00,0.000000000000000000e+00,0.000000000000000000e+00,0.000000000000000000e+00,0.000000000000000000e+00,0.000000000000000000e+00,0.000000000000000000e+00,0.000000000000000000e+00,0.000000000000000000e+00,0.000000000000000000e+00,0.000000000000000000e+00,0.000000000000000000e+00,-1.305313110351562500e-01,5.809783935546875000e-03,-1.716804504394531250e-02,-1.669311523437500000e-02,-9.318542480468750000e-02,2.054538726806640625e-01,1.665878295898437500e-02,7.749557495117187500e-03,-5.359649658203125000e-03,-2.197265625000000000e-03,3.738307952880859375e-01,3.700256347656250000e-04,-1.024246215820312500e-03,4.577636718750000000e-05,1.147266387939453125e+00,2.635376358032226562e+01
0.000000000000000000e+00,0.000000000000000000e+00,0.000000000000000000e+00,0.000000000000000000e+00,0.000000000000000000e+00,0.000000000000000000e+00,0.000000000000000000e+00,0.000000000000000000e+00,0.000000000000000000e+00,0.000000000000000000e+00,0.000000000000000000e+00,0.000000000000000000e+00,0.000000000000000000e+00,0.000000000000000000e+00,0.000000000000000000e+00,0.000000000000000000e+00,-5.168533325195312500e-02,4.991531372070312500e-03,-1.020050048828125000e-02,-1.535034179687500000e-02,-1.172752380371093750e-01,1.316986083984375000e-01,1.212882995605468750e-02,1.000595092773437500e-02,-5.495071411132812500e-03,2.038955688476562500e-03,2.025737762451171875e-01,-4.547119140625000000e-03,-8.602142333984375000e-04,-5.664825439453125000e-04,5.494575500488281250e-01,2.755765914916992188e+01
0.000000000000000000e+00,0.000000000000000000e+00,0.000000000000000000e+00,0.000000000000000000e+00,0.000000000000000000e+00,0.000000000000000000e+00,0.000000000000000000e+00,0.000000000000000000e+00,0.000000000000000000e+00,0.000000000000000000e+00,0.000000000000000000e+00,0.000000000000000000e+00,0.000000000000000000e+00,0.000000000000000000e+00,0.000000000000000000e+00,0.000000000000000000e+00,-1.551151275634765625e-01,2.069473266601562500e-02,-2.647399902343750000e-03,-6.273269653320312500e-03,-1.203842163085937500e-01,1.718521118164062500e-03,3.131866455078125000e-03,1.533508300781250000e-03,-4.299163818359375000e-03,3.736495971679687500e-03,-2.537727355957031250e-02,-4.215240478515625000e-03,-1.100540161132812500e-02,-3.166198730468750000e-04,1.501655578613281250e-02,2.890339660644531250e+01
0.000000000000000000e+00,0.000000000000000000e+00,0.000000000000000000e+00,0.000000000000000000e+00,0.000000000000000000e+00,0.000000000000000000e+00,0.000000000000000000e+00,0.000000000000000000e+00,0.000000000000000000e+00,0.000000000000000000e+00,0.000000000000000000e+00,0.000000000000000000e+00,0.000000000000000000e+00,0.000000000000000000e+00,0.000000000000000000e+00,0.000000000000000000e+00,-1.605701446533203125e-01,1.076698303222656250e-02,-1.505088806152343750e-02,-6.130218505859375000e-03,-1.324043273925781250e-01,2.710342407226562500e-03,-2.080917358398437500e-03,2.647399902343750000e-03,-4.203796386718750000e-03,1.319885253906250000e-03,-2.175140380859375000e-02,-4.611968994140625000e-03,-7.820129394531250000e-03,-5.397796630859375000e-04,3.161048889160156250e-02,2.887287330627441406e+01
0.000000000000000000e+00,0.000000000000000000e+00,0.000000000000000000e+00,0.000000000000000000e+00,0.000000000000000000e+00,0.000000000000000000e+00,0.000000000000000000e+00,0.000000000000000000e+00,0.000000000000000000e+00,0.000000000000000000e+00,0.000000000000000000e+00,0.000000000000000000e+00,0.000000000000000000e+00,0.000000000000000000e+00,0.000000000000000000e+00,0.000000000000000000e+00,-1.404495239257812500e-01,-9.279251098632812500e-03,-1.625061035156250000e-03,3.852844238281250000e-03,-2.155494689941406250e-02,7.743835449218750000e-04,3.242492675781250000e-05,-1.070022583007812500e-03,-2.441406250000000000e-04,6.381988525390625000e-03,-1.676559448242187500e-02,-5.752563476562500000e-03,-5.369186401367187500e-03,-3.223419189453125000e-04,4.386901855468750000e-05,2.887933158874511719e+01
0.000000000000000000e+00,0.000000000000000000e+00,0.000000000000000000e+00,0.000000000000000000e+00,0.000000000000000000e+00,0.000000000000000000e+00,0.000000000000000000e+00,0.000000000000000000e+00,0.000000000000000000e+00,0.000000000000000000e+00,0.000000000000000000e+00,0.000000000000000000e+00,0.000000000000000000e+00,0.000000000000000000e+00,0.000000000000000000e+00,0.000000000000000000e+00,0.000000000000000000e+00,0.000000000000000000e+00,0.000000000000000000e+00,0.000000000000000000e+00,0.000000000000000000e+00,0.000000000000000000e+00,0.000000000000000000e+00,0.000000000000000000e+00,0.000000000000000000e+00,0.000000000000000000e+00,0.000000000000000000e+00,0.000000000000000000e+00,0.000000000000000000e+00,0.000000000000000000e+00,0.000000000000000000e+00,2.897434043884277344e+01
