0.000000000000000000e+00,0.000000000000000000e+00,0.000000000000000000e+00,0.000000000000000000e+00,0.000000000000000000e+00,0.000000000000000000e+00,0.000000000000000000e+00,0.000000000000000000e+00,0.000000000000000000e+00,0.000000000000000000e+00,0.000000000000000000e+00,0.000000000000000000e+00,0.000000000000000000e+00,0.000000000000000000e+00,0.000000000000000000e+00,0.000000000000000000e+00,9.814687967300415039e-01,1.927207708358764648e-01,1.590686440467834473e-01,-2.093240022659301758e-01,-6.090336479246616364e-03,1.760323643684387207e-01,-6.858612596988677979e-02,3.493630141019821167e-02,-2.765363827347755432e-02,7.809749990701675415e-02,5.149848014116287231e-02,4.841906018555164337e-03,1.708477139472961426e-01,4.795591905713081360e-02,-1.990932226181030273e-02,-1.332503091543912888e-02
0.000000000000000000e+00,0.000000000000000000e+00,0.000000000000000000e+00,0.000000000000000000e+00,0.000000000000000000e+00,0.000000000000000000e+00,0.000000000000000000e+00,0.000000000000000000e+00,0.000000000000000000e+00,0.000000000000000000e+00,0.000000000000000000e+00,0.000000000000000000e+00,0.000000000000000000e+00,0.000000000000000000e+00,0.000000000000000000e+00,0.000000000000000000e+00,8.744109272956848145e-01,4.273325204849243164e-01,2.567247748374938965e-01,-1.671176552772521973e-01,3.583358228206634521e-02,1.630581915378570557e-01,1.847053132951259613e-02,5.900377780199050903e-02,1.650744490325450897e-02,1.297706551849842072e-02,7.045900821685791016e-02,-6.033643707633018494e-02,1.567169576883316040e-01,2.614626719150692225e-04,-7.304175943136215210e-02,4.560624063014984131e-02
0.000000000000000000e+00,0.000000000000000000e+00,0.000000000000000000e+00,0.000000000000000000e+00,0.000000000000000000e+00,0.000000000000000000e+00,0.000000000000000000e+00,0.000000000000000000e+00,0.000000000000000000e+00,0.000000000000000000e+00,0.000000000000000000e+00,0.000000000000000000e+00,0.000000000000000000e+00,0.000000000000000000e+00,0.000000000000000000e+00,0.000000000000000000e+00,8.318351507186889648e-01,3.342594206333160400e-01,2.603316605091094971e-01,-6.296339910477399826e-03,7.990521937608718872e-02,1.827662587165832520e-01,7.955508679151535034e-02,7.145141810178756714e-02,-7.894234359264373779e-02,-9.771397337317466736e-03,1.026016995310783386e-01,-2.572042495012283325e-02,1.815634667873382568e-01,-1.660090638324618340e-03,2.036865986883640289e-02,5.917452275753021240e-02
0.000000000000000000e+00,0.000000000000000000e+00,0.000000000000000000e+00,0.000000000000000000e+00,0.000000000000000000e+00,0.000000000000000000e+00,0.000000000000000000e+00,0.000000000000000000e+00,0.000000000000000000e+00,0.000000000000000000e+00,0.000000000000000000e+00,0.000000000000000000e+00,0.000000000000000000e+00,0.000000000000000000e+00,0.000000000000000000e+00,0.000000000000000000e+00,8.332338333129882812e-01,2.570303976535797119e-01,2.191830575466156006e-01,2.938716113567352295e-02,1.531996279954910278e-01,5.735844373703002930e-02,-1.387876179069280624e-02,7.236531376838684082e-02,2.562871202826499939e-02,6.916885729879140854e-03,1.372128725051879883e-02,4.290094971656799316e-02,9.391492605209350586e-02,-2.362605184316635132e-02,-2.139401389285922050e-03,2.074775397777557373e-01
0.000000000000000000e+00,0.000000000000000000e+00,0.000000000000000000e+00,0.000000000000000000e+00,0.000000000000000000e+00,0.000000000000000000e+00,0.000000000000000000e+00,0.000000000000000000e+00,0.000000000000000000e+00,0.000000000000000000e+00,0.000000000000000000e+00,0.000000000000000000e+00,0.000000000000000000e+00,0.000000000000000000e+00,0.000000000000000000e+00,0.000000000000000000e+00,7.817955017089843750e-01,2.794932425022125244e-01,2.588706910610198975e-01,1.709332913160324097e-01,3.206589519977569580e-01,9.649056196212768555e-02,7.716452330350875854e-02,8.821885287761688232e-02,-4.387361183762550354e-02,2.037136442959308624e-02,1.585442572832107544e-02,6.173373758792877197e-02,6.964644044637680054e-02,-4.759725928306579590e-02,-2.551994519308209419e-03,1.964172720909118652e-01
0.000000000000000000e+00,0.000000000000000000e+00,0.000000000000000000e+00,0.000000000000000000e+00,0.000000000000000000e+00,0.000000000000000000e+00,0.000000000000000000e+00,0.000000000000000000e+00,0.000000000000000000e+00,0.000000000000000000e+00,0.000000000000000000e+00,0.000000000000000000e+00,0.000000000000000000e+00,0.000000000000000000e+00,0.000000000000000000e+00,0.000000000000000000e+00,7.299916744232177734e-01,2.164621055126190186e-01,2.450258582830429077e-01,2.149815559387207031e-01,3.862214088439941406e-01,1.439717411994934082e-01,9.949084371328353882e-02,4.385110735893249512e-02,-7.926638936623930931e-04,3.569928929209709167e-02,7.778526842594146729e-02,-7.715108338743448257e-03,6.388292461633682251e-02,-3.940754011273384094e-02,-3.137301281094551086e-02,2.115790545940399170e-01
0.000000000000000000e+00,0.000000000000000000e+00,0.000000000000000000e+00,0.000000000000000000e+00,0.000000000000000000e+00,0.000000000000000000e+00,0.000000000000000000e+00,0.000000000000000000e+00,0.000000000000000000e+00,0.000000000000000000e+00,0.000000000000000000e+00,0.000000000000000000e+00,0.000000000000000000e+00,0.000000000000000000e+00,0.000000000000000000e+00,0.000000000000000000e+00,7.281311750411987305e-01,2.120576351881027222e-01,2.209062129259109497e-01,2.023761421442031860e-01,4.050779938697814941e-01,9.235077351331710815e-02,8.536125719547271729e-02,3.577679023146629333e-02,-8.796834386885166168e-03,4.036125913262367249e-02,7.044748961925506592e-02,-3.389162570238113403e-02,5.408656224608421326e-02,-9.729493176564574242e-04,-1.615642942488193512e-02,1.905419230461120605e-01
0.000000000000000000e+00,0.000000000000000000e+00,0.000000000000000000e+00,0.000000000000000000e+00,0.000000000000000000e+00,0.000000000000000000e+00,0.000000000000000000e+00,0.000000000000000000e+00,0.000000000000000000e+00,0.000000000000000000e+00,0.000000000000000000e+00,0.000000000000000000e+00,0.000000000000000000e+00,0.000000000000000000e+00,0.000000000000000000e+00,0.000000000000000000e+00,7.615587115287780762e-01,2.108720541000366211e-01,2.092432081699371338e-01,1.193843036890029907e-01,4.030857980251312256e-01,2.041046619415283203e-01,4.878760874271392822e-02,3.577869385480880737e-02,-5.878089740872383118e-02,5.934791639447212219e-02,1.077843233942985535e-01,-1.100028958171606064e-02,3.963619843125343323e-02,-3.336218744516372681e-02,-2.187963016331195831e-02,1.767060756683349609e-01
0.000000000000000000e+00,0.000000000000000000e+00,0.000000000000000000e+00,0.000000000000000000e+00,0.000000000000000000e+00,0.000000000000000000e+00,0.000000000000000000e+00,0.000000000000000000e+00,0.000000000000000000e+00,0.000000000000000000e+00,0.000000000000000000e+00,0.000000000000000000e+00,0.000000000000000000e+00,0.000000000000000000e+00,0.000000000000000000e+00,0.000000000000000000e+00,7.370520234107971191e-01,2.774143815040588379e-01,2.222527265548706055e-01,1.923210769891738892e-01,4.211409687995910645e-01,1.908152550458908081e-01,6.500713527202606201e-02,5.741309374570846558e-02,-8.396826684474945068e-02,4.566596820950508118e-02,1.654828935861587524e-01,2.631436474621295929e-02,5.213448405265808105e-02,-3.793800622224807739e-02,-2.019335143268108368e-02,1.751567721366882324e-01
0.000000000000000000e+00,0.000000000000000000e+00,0.000000000000000000e+00,0.000000000000000000e+00,0.000000000000000000e+00,0.000000000000000000e+00,0.000000000000000000e+00,0.000000000000000000e+00,0.000000000000000000e+00,0.000000000000000000e+00,0.000000000000000000e+00,0.000000000000000000e+00,0.000000000000000000e+00,0.000000000000000000e+00,0.000000000000000000e+00,0.000000000000000000e+00,7.746017575263977051e-01,2.808083593845367432e-01,1.912763863801956177e-01,2.138172090053558350e-01,4.334734976291656494e-01,1.591071486473083496e-01,3.810699284076690674e-02,1.675634086132049561e-02,-9.806201606988906860e-02,1.065538227558135986e-01,1.382434070110321045e-01,5.236485041677951813e-03,6.741839647293090820e-02,-6.012671440839767456e-02,-1.742308586835861206e-02,1.802663505077362061e-01
0.000000000000000000e+00,0.000000000000000000e+00,0.000000000000000000e+00,0.000000000000000000e+00,0.000000000000000000e+00,0.000000000000000000e+00,0.000000000000000000e+00,0.000000000000000000e+00,0.000000000000000000e+00,0.000000000000000000e+00,0.000000000000000000e+00,0.000000000000000000e+00,0.000000000000000000e+00,0.000000000000000000e+00,0.000000000000000000e+00,0.000000000000000000e+00,7.668233513832092285e-01,2.547949850559234619e-01,1.349981576204299927e-01,1.694242209196090698e-01,4.352019131183624268e-01,2.169779092073440552e-01,2.750595845282077789e-02,3.167743608355522156e-02,-2.431141212582588196e-02,3.012452460825443268e-02,1.375706642866134644e-01,3.226591274142265320e-02,3.580939769744873047e-02,-5.747082084417343140e-02,-3.820411488413810730e-02,2.297075241804122925e-01
0.000000000000000000e+00,0.000000000000000000e+00,0.000000000000000000e+00,0.000000000000000000e+00,0.000000000000000000e+00,0.000000000000000000e+00,0.000000000000000000e+00,0.000000000000000000e+00,0.000000000000000000e+00,0.000000000000000000e+00,0.000000000000000000e+00,0.000000000000000000e+00,0.000000000000000000e+00,0.000000000000000000e+00,0.000000000000000000e+00,0.000000000000000000e+00,7.983129024505615234e-01,2.525355815887451172e-01,-1.704402267932891846e-02,1.110288649797439575e-01,5.399280190467834473e-01,1.738111078739166260e-01,6.875991821289062500e-02,1.136458292603492737e-01,1.132830046117305756e-02,4.671299457550048828e-02,1.298576593399047852e-01,4.685703665018081665e-02,1.800234243273735046e-02,-1.738200485706329346e-01,-5.414637178182601929e-02,1.565593481063842773e-01
0.000000000000000000e+00,0.000000000000000000e+00,0.000000000000000000e+00,0.000000000000000000e+00,0.000000000000000000e+00,0.000000000000000000e+00,0.000000000000000000e+00,0.000000000000000000e+00,0.000000000000000000e+00,0.000000000000000000e+00,0.000000000000000000e+00,0.000000000000000000e+00,0.000000000000000000e+00,0.000000000000000000e+00,0.000000000000000000e+00,0.000000000000000000e+00,1.450813412666320801e-01,2.619310617446899414e-01,-1.479060505516827106e-03,1.193142160773277283e-01,9.304933547973632812e-01,1.368339955806732178e-01,1.014794707298278809e-01,1.649224013090133667e-01,-1.002086047083139420e-02,3.556447848677635193e-02,1.097615957260131836e-01,-9.815378114581108093e-03,2.063007093966007233e-02,-2.047484964132308960e-01,-6.727681308984756470e-02,8.365818113088607788e-02
0.000000000000000000e+00,0.000000000000000000e+00,0.000000000000000000e+00,0.000000000000000000e+00,0.000000000000000000e+00,0.000000000000000000e+00,0.000000000000000000e+00,0.000000000000000000e+00,0.000000000000000000e+00,0.000000000000000000e+00,0.000000000000000000e+00,0.000000000000000000e+00,0.000000000000000000e+00,0.000000000000000000e+00,0.000000000000000000e+00,0.000000000000000000e+00,1.770659238100051880e-01,1.972002536058425903e-01,-9.576290100812911987e-02,-3.520533069968223572e-02,9.106968641281127930e-01,2.114227265119552612e-01,1.108998209238052368e-01,1.053432598710060120e-01,-3.461870551109313965e-02,1.291861291974782944e-02,1.634290516376495361e-01,2.290511690080165863e-02,7.875709235668182373e-02,-2.054558247327804565e-01,-8.804037421941757202e-02,1.756036430597305298e-01
0.000000000000000000e+00,0.000000000000000000e+00,0.000000000000000000e+00,0.000000000000000000e+00,0.000000000000000000e+00,0.000000000000000000e+00,0.000000000000000000e+00,0.000000000000000000e+00,0.000000000000000000e+00,0.000000000000000000e+00,0.000000000000000000e+00,0.000000000000000000e+00,0.000000000000000000e+00,0.000000000000000000e+00,0.000000000000000000e+00,0.000000000000000000e+00,1.935378611087799072e-01,2.522947788238525391e-01,-1.599218510091304779e-02,2.138406038284301758e-01,9.636005759239196777e-01,2.071052193641662598e-01,8.444034308195114136e-02,5.956011638045310974e-02,8.125049062073230743e-03,6.130106002092361450e-02,1.795737296342849731e-01,3.116014972329139709e-02,8.786625415086746216e-02,-1.836902648210525513e-01,-6.963785737752914429e-02,6.946601718664169312e-02
0.000000000000000000e+00,0.000000000000000000e+00,0.000000000000000000e+00,0.000000000000000000e+00,0.000000000000000000e+00,0.000000000000000000e+00,0.000000000000000000e+00,0.000000000000000000e+00,0.000000000000000000e+00,0.000000000000000000e+00,0.000000000000000000e+00,0.000000000000000000e+00,0.000000000000000000e+00,0.000000000000000000e+00,0.000000000000000000e+00,0.000000000000000000e+00,1.565080285072326660e-01,2.337725758552551270e-01,-5.138441920280456543e-04,2.003349363803863525e-01,8.473495841026306152e-01,2.375501990318298340e-01,1.006599515676498413e-02,7.205477356910705566e-02,-1.169488877058029175e-01,1.609626633580774069e-04,1.330755650997161865e-01,4.497156292200088501e-02,-1.526909647509455681e-03,-1.750881969928741455e-01,-3.948144242167472839e-02,2.826395332813262939e-01
0.000000000000000000e+00,0.000000000000000000e+00,0.000000000000000000e+00,0.000000000000000000e+00,0.000000000000000000e+00,0.000000000000000000e+00,0.000000000000000000e+00,0.000000000000000000e+00,0.000000000000000000e+00,0.000000000000000000e+00,0.000000000000000000e+00,0.000000000000000000e+00,0.000000000000000000e+00,0.000000000000000000e+00,0.000000000000000000e+00,0.000000000000000000e+00,1.175567060708999634e-01,2.214739173650741577e-01,1.339228637516498566e-02,1.349409110844135284e-02,4.212347567081451416e-01,2.259784638881683350e-01,8.608153089880943298e-03,3.902737051248550415e-02,-1.384733915328979492e-01,4.588569328188896179e-02,1.925821155309677124e-01,5.409976840019226074e-02,1.060324907302856445e-01,-1.884098500013351440e-01,5.603234097361564636e-02,6.038318872451782227e-01
0.000000000000000000e+00,0.000000000000000000e+00,0.000000000000000000e+00,0.000000000000000000e+00,0.000000000000000000e+00,0.000000000000000000e+00,0.000000000000000000e+00,0.000000000000000000e+00,0.000000000000000000e+00,0.000000000000000000e+00,0.000000000000000000e+00,0.000000000000000000e+00,0.000000000000000000e+00,0.000000000000000000e+00,0.000000000000000000e+00,0.000000000000000000e+00,1.062041670083999634e-01,1.555039137601852417e-01,2.875965787097811699e-03,-2.628598175942897797e-02,2.410134524106979370e-01,7.283547520637512207e-02,-1.310551189817488194e-03,4.524325951933860779e-02,-1.110972911119461060e-01,-1.274165580980479717e-03,2.238223999738693237e-01,5.567923933267593384e-02,9.568071365356445312e-02,-2.559646964073181152e-03,3.321745097637176514e-01,9.223321080207824707e-01
0.000000000000000000e+00,0.000000000000000000e+00,0.000000000000000000e+00,0.000000000000000000e+00,0.000000000000000000e+00,0.000000000000000000e+00,0.000000000000000000e+00,0.000000000000000000e+00,0.000000000000000000e+00,0.000000000000000000e+00,0.000000000000000000e+00,0.000000000000000000e+00,0.000000000000000000e+00,0.000000000000000000e+00,0.000000000000000000e+00,0.000000000000000000e+00,1.317988038063049316e-01,1.289282590150833130e-01,-5.020279809832572937e-02,-1.064160391688346863e-01,1.731814146041870117e-01,5.417918041348457336e-02,-5.103404447436332703e-02,2.558959834277629852e-02,-5.512778833508491516e-02,4.383293166756629944e-02,3.201529085636138916e-01,1.162996795028448105e-02,2.875601351261138916e-01,-4.430525377392768860e-02,4.442853927612304688e-01,9.519240260124206543e-01
0.000000000000000000e+00,0.000000000000000000e+00,0.000000000000000000e+00,0.000000000000000000e+00,0.000000000000000000e+00,0.000000000000000000e+00,0.000000000000000000e+00,0.000000000000000000e+00,0.000000000000000000e+00,0.000000000000000000e+00,0.000000000000000000e+00,0.000000000000000000e+00,0.000000000000000000e+00,0.000000000000000000e+00,0.000000000000000000e+00,0.000000000000000000e+00,1.308790594339370728e-01,1.114968657493591309e-01,-8.392868936061859131e-02,-6.025972217321395874e-02,1.550173461437225342e-01,-8.283692412078380585e-03,-2.031640522181987762e-02,8.124491432681679726e-04,-1.130336374044418335e-01,7.747421041131019592e-03,2.143559008836746216e-01,-4.515437781810760498e-02,4.914292693138122559e-02,7.246930897235870361e-02,4.249872863292694092e-01,9.500374794006347656e-01
0.000000000000000000e+00,0.000000000000000000e+00,0.000000000000000000e+00,0.000000000000000000e+00,0.000000000000000000e+00,0.000000000000000000e+00,0.000000000000000000e+00,0.000000000000000000e+00,0.000000000000000000e+00,0.000000000000000000e+00,0.000000000000000000e+00,0.000000000000000000e+00,0.000000000000000000e+00,0.000000000000000000e+00,0.000000000000000000e+00,0.000000000000000000e+00,1.464761942625045776e-01,1.541505306959152222e-01,1.020746976137161255e-01,-6.380792241543531418e-03,1.026835590600967407e-01,2.293986678123474121e-01,8.649308979511260986e-02,3.315268456935882568e-02,-3.112994832918047905e-03,1.368868723511695862e-02,3.847116231918334961e-01,-1.838909229263663292e-03,4.288155585527420044e-02,7.882896810770034790e-02,4.981947839260101318e-01,9.796725511550903320e-01
0.000000000000000000e+00,0.000000000000000000e+00,0.000000000000000000e+00,0.000000000000000000e+00,0.000000000000000000e+00,0.000000000000000000e+00,0.000000000000000000e+00,0.000000000000000000e+00,0.000000000000000000e+00,0.000000000000000000e+00,0.000000000000000000e+00,0.000000000000000000e+00,0.000000000000000000e+00,0.000000000000000000e+00,0.000000000000000000e+00,0.000000000000000000e+00,1.839306354522705078e-01,4.606937617063522339e-02,3.463020920753479004e-02,-4.342549294233322144e-02,-1.492014806717634201e-02,3.390125036239624023e-01,8.344916999340057373e-02,5.232879146933555603e-02,-8.284341543912887573e-02,1.277958154678344727e-01,3.591681718826293945e-01,1.149038970470428467e-01,1.516637951135635376e-02,1.018575429916381836e-01,4.921025037765502930e-01,9.787117838859558105e-01
0.000000000000000000e+00,0.000000000000000000e+00,0.000000000000000000e+00,0.000000000000000000e+00,0.000000000000000000e+00,0.000000000000000000e+00,0.000000000000000000e+00,0.000000000000000000e+00,0.000000000000000000e+00,0.000000000000000000e+00,0.000000000000000000e+00,0.000000000000000000e+00,0.000000000000000000e+00,0.000000000000000000e+00,0.000000000000000000e+00,0.000000000000000000e+00,1.061829328536987305e-01,4.293532110750675201e-03,2.819377183914184570e-02,-1.837046444416046143e-02,-2.817191556096076965e-02,3.321762979030609131e-01,1.541046947240829468e-01,3.934602066874504089e-02,3.451384603977203369e-02,4.226158931851387024e-02,3.838808238506317139e-01,9.032664448022842407e-02,-3.087155334651470184e-02,-2.313932776451110840e-02,4.273094236850738525e-01,9.897581934928894043e-01
0.000000000000000000e+00,0.000000000000000000e+00,0.000000000000000000e+00,0.000000000000000000e+00,0.000000000000000000e+00,0.000000000000000000e+00,0.000000000000000000e+00,0.000000000000000000e+00,0.000000000000000000e+00,0.000000000000000000e+00,0.000000000000000000e+00,0.000000000000000000e+00,0.000000000000000000e+00,0.000000000000000000e+00,0.000000000000000000e+00,0.000000000000000000e+00,1.261109858751296997e-01,3.936981409788131714e-02,4.211750254034996033e-02,-3.144162893295288086e-02,2.602802403271198273e-02,2.720785140991210938e-01,1.748914718627929688e-01,4.504464566707611084e-02,-8.360302075743675232e-03,2.992422133684158325e-02,3.938634991645812988e-01,1.615994796156883240e-02,-1.098297908902168274e-02,-2.623825520277023315e-02,4.251273572444915771e-01,9.928451180458068848e-01
0.000000000000000000e+00,0.000000000000000000e+00,0.000000000000000000e+00,0.000000000000000000e+00,0.000000000000000000e+00,0.000000000000000000e+00,0.000000000000000000e+00,0.000000000000000000e+00,0.000000000000000000e+00,0.000000000000000000e+00,0.000000000000000000e+00,0.000000000000000000e+00,0.000000000000000000e+00,0.000000000000000000e+00,0.000000000000000000e+00,0.000000000000000000e+00,5.330557748675346375e-02,7.809557020664215088e-02,2.996977977454662323e-02,-3.405977785587310791e-02,2.985752071253955364e-04,2.956404536962509155e-02,1.043908577412366867e-02,5.582455918192863464e-02,4.253961890935897827e-02,2.043508738279342651e-02,7.048951089382171631e-02,-1.294103823602199554e-02,-1.652687205933034420e-03,-4.051078855991363525e-02,9.957261383533477783e-02,9.961509704589843750e-01
0.000000000000000000e+00,0.000000000000000000e+00,0.000000000000000000e+00,0.000000000000000000e+00,0.000000000000000000e+00,0.000000000000000000e+00,0.000000000000000000e+00,0.000000000000000000e+00,0.000000000000000000e+00,0.000000000000000000e+00,0.000000000000000000e+00,0.000000000000000000e+00,0.000000000000000000e+00,0.000000000000000000e+00,0.000000000000000000e+00,0.000000000000000000e+00,1.083843708038330078e-01,-1.375478319823741913e-02,-5.594571121037006378e-03,-8.270716667175292969e-02,-3.053183667361736298e-02,6.213370710611343384e-02,4.188451170921325684e-02,1.204019412398338318e-02,3.295147418975830078e-02,1.149131543934345245e-02,1.509952247142791748e-01,-1.763882860541343689e-02,-8.905734866857528687e-03,-5.008552968502044678e-02,1.218017935752868652e-01,9.944057464599609375e-01
0.000000000000000000e+00,0.000000000000000000e+00,0.000000000000000000e+00,0.000000000000000000e+00,0.000000000000000000e+00,0.000000000000000000e+00,0.000000000000000000e+00,0.000000000000000000e+00,0.000000000000000000e+00,0.000000000000000000e+00,0.000000000000000000e+00,0.000000000000000000e+00,0.000000000000000000e+00,0.000000000000000000e+00,0.000000000000000000e+00,0.000000000000000000e+00,2.269200384616851807e-01,7.426543626934289932e-03,6.529602408409118652e-02,3.985780104994773865e-02,-8.607099205255508423e-02,5.681568384170532227e-02,1.421562768518924713e-02,-9.640195965766906738e-02,-2.491555735468864441e-02,2.145263925194740295e-02,1.464068591594696045e-01,1.618100702762603760e-02,9.320831298828125000e-02,-8.144143223762512207e-02,1.231931224465370178e-01,9.890462756156921387e-01
0.000000000000000000e+00,0.000000000000000000e+00,0.000000000000000000e+00,0.000000000000000000e+00,0.000000000000000000e+00,0.000000000000000000e+00,0.000000000000000000e+00,0.000000000000000000e+00,0.000000000000000000e+00,0.000000000000000000e+00,0.000000000000000000e+00,0.000000000000000000e+00,0.000000000000000000e+00,0.000000000000000000e+00,0.000000000000000000e+00,0.000000000000000000e+00,0.000000000000000000e+00,0.000000000000000000e+00,0.000000000000000000e+00,0.000000000000000000e+00,0.000000000000000000e+00,0.000000000000000000e+00,0.000000000000000000e+00,0.000000000000000000e+00,0.000000000000000000e+00,0.000000000000000000e+00,0.000000000000000000e+00,0.000000000000000000e+00,0.000000000000000000e+00,0.000000000000000000e+00,0.000000000000000000e+00,0.000000000000000000e+00
