0.000000000000000000e+00,0.000000000000000000e+00,0.000000000000000000e+00,0.000000000000000000e+00,0.000000000000000000e+00,0.000000000000000000e+00,0.000000000000000000e+00,0.000000000000000000e+00,0.000000000000000000e+00,0.000000000000000000e+00,0.000000000000000000e+00,0.000000000000000000e+00,0.000000000000000000e+00,0.000000000000000000e+00,0.000000000000000000e+00,0.000000000000000000e+00,8.572854995727539062e-01,3.251785412430763245e-02,7.567769847810268402e-03,-8.515075896866619587e-04,-6.514149717986583710e-03,2.160526346415281296e-03,-2.681100158952176571e-04,6.127849337644875050e-04,-3.990810364484786987e-04,9.668956627137959003e-04,4.871725104749202728e-04,-1.342552423011511564e-05,2.659099875018000603e-03,-1.456331374356523156e-04,-5.162845263839699328e-05,1.982728717848658562e-03
0.000000000000000000e+00,0.000000000000000000e+00,0.000000000000000000e+00,0.000000000000000000e+00,0.000000000000000000e+00,0.000000000000000000e+00,0.000000000000000000e+00,0.000000000000000000e+00,0.000000000000000000e+00,0.000000000000000000e+00,0.000000000000000000e+00,0.000000000000000000e+00,0.000000000000000000e+00,0.000000000000000000e+00,0.000000000000000000e+00,0.000000000000000000e+00,6.554727554321289062e-01,1.530964821577072144e-01,3.642862290143966675e-02,-4.505258984863758087e-03,8.870227611623704433e-04,1.766059733927249908e-02,-7.272543385624885559e-03,1.569386688061058521e-03,-1.008008141070604324e-03,-1.130326563725247979e-04,2.258482389152050018e-03,-1.225096173584461212e-03,1.169876754283905029e-02,-2.214370761066675186e-03,-1.144566456787288189e-03,1.178414933383464813e-02
0.000000000000000000e+00,0.000000000000000000e+00,0.000000000000000000e+00,0.000000000000000000e+00,0.000000000000000000e+00,0.000000000000000000e+00,0.000000000000000000e+00,0.000000000000000000e+00,0.000000000000000000e+00,0.000000000000000000e+00,0.000000000000000000e+00,0.000000000000000000e+00,0.000000000000000000e+00,0.000000000000000000e+00,0.000000000000000000e+00,0.000000000000000000e+00,6.572649478912353516e-01,5.314251407980918884e-02,3.891468793153762817e-02,2.888678805902600288e-03,1.346056908369064331e-02,3.368796408176422119e-02,1.700673718005418777e-03,2.992394147440791130e-03,-3.679762594401836395e-03,-3.964702598750591278e-03,7.248260080814361572e-03,1.116407001973129809e-04,3.853207826614379883e-02,6.620080239372327924e-05,1.349409227259457111e-03,1.534979324787855148e-03
0.000000000000000000e+00,0.000000000000000000e+00,0.000000000000000000e+00,0.000000000000000000e+00,0.000000000000000000e+00,0.000000000000000000e+00,0.000000000000000000e+00,0.000000000000000000e+00,0.000000000000000000e+00,0.000000000000000000e+00,0.000000000000000000e+00,0.000000000000000000e+00,0.000000000000000000e+00,0.000000000000000000e+00,0.000000000000000000e+00,0.000000000000000000e+00,6.578447818756103516e-01,2.646651491522789001e-02,1.950501091778278351e-02,3.063546493649482727e-03,2.488516084849834442e-02,3.584578633308410645e-03,-1.206956245005130768e-02,3.525383537635207176e-03,1.368952915072441101e-03,1.587915234267711639e-03,-2.769274171441793442e-03,1.974745828192681074e-04,7.486870046705007553e-03,9.560158650856465101e-05,1.323940086876973510e-04,7.322633266448974609e-02
0.000000000000000000e+00,0.000000000000000000e+00,0.000000000000000000e+00,0.000000000000000000e+00,0.000000000000000000e+00,0.000000000000000000e+00,0.000000000000000000e+00,0.000000000000000000e+00,0.000000000000000000e+00,0.000000000000000000e+00,0.000000000000000000e+00,0.000000000000000000e+00,0.000000000000000000e+00,0.000000000000000000e+00,0.000000000000000000e+00,0.000000000000000000e+00,5.711709856986999512e-01,3.456406667828559875e-02,3.357209265232086182e-02,1.148476079106330872e-02,7.256051152944564819e-02,7.620868738740682602e-03,4.650088492780923843e-03,5.968119949102401733e-03,-4.221710551064461470e-04,6.536304950714111328e-03,-1.067229895852506161e-03,2.348409616388380527e-04,4.329944495111703873e-03,6.130636757006868720e-05,7.446435047313570976e-04,5.575171858072280884e-02
0.000000000000000000e+00,0.000000000000000000e+00,0.000000000000000000e+00,0.000000000000000000e+00,0.000000000000000000e+00,0.000000000000000000e+00,0.000000000000000000e+00,0.000000000000000000e+00,0.000000000000000000e+00,0.000000000000000000e+00,0.000000000000000000e+00,0.000000000000000000e+00,0.000000000000000000e+00,0.000000000000000000e+00,0.000000000000000000e+00,0.000000000000000000e+00,5.268494486808776855e-01,1.965367235243320465e-02,2.742997184395790100e-02,9.055080823600292206e-03,8.461630344390869141e-02,1.507042814046144485e-02,3.114967374131083488e-03,1.934179919771850109e-03,3.097697917837649584e-04,1.168358232825994492e-02,3.843883285298943520e-03,6.597333413083106279e-05,7.150635123252868652e-03,1.036542380461469293e-04,-1.144345696957316250e-05,7.165606319904327393e-02
0.000000000000000000e+00,0.000000000000000000e+00,0.000000000000000000e+00,0.000000000000000000e+00,0.000000000000000000e+00,0.000000000000000000e+00,0.000000000000000000e+00,0.000000000000000000e+00,0.000000000000000000e+00,0.000000000000000000e+00,0.000000000000000000e+00,0.000000000000000000e+00,0.000000000000000000e+00,0.000000000000000000e+00,0.000000000000000000e+00,0.000000000000000000e+00,5.419331192970275879e-01,1.458832249045372009e-02,2.119717188179492950e-02,7.054576184600591660e-03,9.396796673536300659e-02,7.030787412077188492e-03,2.505735727027058601e-03,1.219503814354538918e-03,1.613664207980036736e-03,1.222689077258110046e-02,3.183622844517230988e-03,-7.153952174121513963e-05,4.879151005297899246e-03,1.729230134515091777e-04,2.478224341757595539e-04,6.928485631942749023e-02
0.000000000000000000e+00,0.000000000000000000e+00,0.000000000000000000e+00,0.000000000000000000e+00,0.000000000000000000e+00,0.000000000000000000e+00,0.000000000000000000e+00,0.000000000000000000e+00,0.000000000000000000e+00,0.000000000000000000e+00,0.000000000000000000e+00,0.000000000000000000e+00,0.000000000000000000e+00,0.000000000000000000e+00,0.000000000000000000e+00,0.000000000000000000e+00,5.576114058494567871e-01,1.291786134243011475e-02,2.151878736913204193e-02,3.968406468629837036e-03,8.771889656782150269e-02,1.655665785074234009e-02,2.344455569982528687e-03,1.878194510936737061e-03,-1.052353763952851295e-04,1.270418614149093628e-02,8.621061220765113831e-03,-1.951723679667338729e-04,5.363461561501026154e-03,2.317251710337586701e-05,1.130722157540731132e-04,5.949974805116653442e-02
0.000000000000000000e+00,0.000000000000000000e+00,0.000000000000000000e+00,0.000000000000000000e+00,0.000000000000000000e+00,0.000000000000000000e+00,0.000000000000000000e+00,0.000000000000000000e+00,0.000000000000000000e+00,0.000000000000000000e+00,0.000000000000000000e+00,0.000000000000000000e+00,0.000000000000000000e+00,0.000000000000000000e+00,0.000000000000000000e+00,0.000000000000000000e+00,5.051110386848449707e-01,2.011535130441188812e-02,2.312686666846275330e-02,8.991568349301815033e-03,9.668757766485214233e-02,2.011499926447868347e-02,1.916426233947277069e-03,1.221910584717988968e-03,-1.793151750462129712e-04,1.325577683746814728e-02,1.484302803874015808e-02,7.175192877184599638e-05,7.568611763417720795e-03,9.833399963099509478e-05,7.458986365236341953e-04,5.270413309335708618e-02
0.000000000000000000e+00,0.000000000000000000e+00,0.000000000000000000e+00,0.000000000000000000e+00,0.000000000000000000e+00,0.000000000000000000e+00,0.000000000000000000e+00,0.000000000000000000e+00,0.000000000000000000e+00,0.000000000000000000e+00,0.000000000000000000e+00,0.000000000000000000e+00,0.000000000000000000e+00,0.000000000000000000e+00,0.000000000000000000e+00,0.000000000000000000e+00,4.791051149368286133e-01,1.988266035914421082e-02,1.795748248696327209e-02,1.080503966659307480e-02,9.752473980188369751e-02,3.139269351959228516e-02,-4.400680190883576870e-04,3.875461115967482328e-04,-1.459027844248339534e-04,1.161841675639152527e-02,1.467853318899869919e-02,6.867559568490833044e-05,9.274574927985668182e-03,7.798120691404619720e-07,7.289479253813624382e-04,4.352937266230583191e-02
0.000000000000000000e+00,0.000000000000000000e+00,0.000000000000000000e+00,0.000000000000000000e+00,0.000000000000000000e+00,0.000000000000000000e+00,0.000000000000000000e+00,0.000000000000000000e+00,0.000000000000000000e+00,0.000000000000000000e+00,0.000000000000000000e+00,0.000000000000000000e+00,0.000000000000000000e+00,0.000000000000000000e+00,0.000000000000000000e+00,0.000000000000000000e+00,4.283744096755981445e-01,1.865883916616439819e-02,1.381948869675397873e-02,8.172508329153060913e-03,1.022831127047538757e-01,1.773362979292869568e-02,1.218013698235154152e-03,7.101169321686029434e-04,1.186506051453761756e-04,1.641154661774635315e-02,9.198668412864208221e-03,5.801432416774332523e-05,7.167694158852100372e-03,-2.182958525054345955e-07,1.084711111616343260e-04,6.497818231582641602e-02
0.000000000000000000e+00,0.000000000000000000e+00,0.000000000000000000e+00,0.000000000000000000e+00,0.000000000000000000e+00,0.000000000000000000e+00,0.000000000000000000e+00,0.000000000000000000e+00,0.000000000000000000e+00,0.000000000000000000e+00,0.000000000000000000e+00,0.000000000000000000e+00,0.000000000000000000e+00,0.000000000000000000e+00,0.000000000000000000e+00,0.000000000000000000e+00,4.267109036445617676e-01,1.369658485054969788e-02,4.575569182634353638e-04,4.131909925490617752e-03,1.493591666221618652e-01,1.380288507789373398e-02,1.143326400779187679e-03,4.298786807339638472e-04,-9.455602412344887853e-05,4.977584350854158401e-03,2.366638742387294769e-03,4.427675594342872500e-05,2.794610336422920227e-03,-3.821997597697190940e-05,3.458728315308690071e-05,6.528235226869583130e-02
0.000000000000000000e+00,0.000000000000000000e+00,0.000000000000000000e+00,0.000000000000000000e+00,0.000000000000000000e+00,0.000000000000000000e+00,0.000000000000000000e+00,0.000000000000000000e+00,0.000000000000000000e+00,0.000000000000000000e+00,0.000000000000000000e+00,0.000000000000000000e+00,0.000000000000000000e+00,0.000000000000000000e+00,0.000000000000000000e+00,0.000000000000000000e+00,9.970282204449176788e-03,1.500848587602376938e-02,1.642965828068554401e-03,4.606652539223432541e-03,7.047189474105834961e-01,1.078367698937654495e-02,1.369713805615901947e-03,6.288181175477802753e-04,-1.326067558693466708e-05,4.708442836999893188e-03,4.781071038451045752e-04,-2.988276537507772446e-05,6.982308113947510719e-04,-8.137933764373883605e-05,2.863536064978688955e-05,2.476441860198974609e-02
0.000000000000000000e+00,0.000000000000000000e+00,0.000000000000000000e+00,0.000000000000000000e+00,0.000000000000000000e+00,0.000000000000000000e+00,0.000000000000000000e+00,0.000000000000000000e+00,0.000000000000000000e+00,0.000000000000000000e+00,0.000000000000000000e+00,0.000000000000000000e+00,0.000000000000000000e+00,0.000000000000000000e+00,0.000000000000000000e+00,0.000000000000000000e+00,1.043758075684309006e-02,1.397648081183433533e-02,-4.932393785566091537e-03,4.565944545902311802e-04,6.834240555763244629e-01,2.682805620133876801e-02,2.176763257011771202e-03,4.928701091557741165e-04,-3.588155959732830524e-05,1.072747982107102871e-03,2.593959216028451920e-03,-1.847693056333810091e-05,3.861470147967338562e-03,-5.345277168089523911e-05,-2.973343653138726950e-04,3.801093623042106628e-02
0.000000000000000000e+00,0.000000000000000000e+00,0.000000000000000000e+00,0.000000000000000000e+00,0.000000000000000000e+00,0.000000000000000000e+00,0.000000000000000000e+00,0.000000000000000000e+00,0.000000000000000000e+00,0.000000000000000000e+00,0.000000000000000000e+00,0.000000000000000000e+00,0.000000000000000000e+00,0.000000000000000000e+00,0.000000000000000000e+00,0.000000000000000000e+00,1.144937612116336823e-02,1.608255319297313690e-02,2.202229341492056847e-03,7.119272369891405106e-03,7.305084466934204102e-01,2.569486573338508606e-02,4.843945498578250408e-04,1.988688163692131639e-04,2.564595524745527655e-05,9.372405475005507469e-04,1.778389327228069305e-03,1.919666829053312540e-05,1.225732732564210892e-03,-4.992000322090461850e-05,-3.212261071894317865e-04,2.664671046659350395e-03
0.000000000000000000e+00,0.000000000000000000e+00,0.000000000000000000e+00,0.000000000000000000e+00,0.000000000000000000e+00,0.000000000000000000e+00,0.000000000000000000e+00,0.000000000000000000e+00,0.000000000000000000e+00,0.000000000000000000e+00,0.000000000000000000e+00,0.000000000000000000e+00,0.000000000000000000e+00,0.000000000000000000e+00,0.000000000000000000e+00,0.000000000000000000e+00,8.307221345603466034e-03,1.138183847069740295e-02,4.789860686287283897e-04,3.932722844183444977e-03,4.285844564437866211e-01,3.141119331121444702e-02,4.792356048710644245e-05,2.396591444266960025e-04,-1.841752673499286175e-04,-1.591522304806858301e-04,1.971635036170482635e-03,2.761647556326352060e-05,-1.976794883375987411e-04,-6.061662497813813388e-05,-1.910640130518004298e-04,5.973423644900321960e-02
0.000000000000000000e+00,0.000000000000000000e+00,0.000000000000000000e+00,0.000000000000000000e+00,0.000000000000000000e+00,0.000000000000000000e+00,0.000000000000000000e+00,0.000000000000000000e+00,0.000000000000000000e+00,0.000000000000000000e+00,0.000000000000000000e+00,0.000000000000000000e+00,0.000000000000000000e+00,0.000000000000000000e+00,0.000000000000000000e+00,0.000000000000000000e+00,4.688468296080827713e-03,1.014814525842666626e-02,5.286703526508063078e-05,-7.536949124187231064e-05,5.675365403294563293e-02,2.751355431973934174e-02,3.165834277751855552e-05,8.700131002115085721e-05,-2.146429324056953192e-04,3.135162405669689178e-04,4.826305434107780457e-03,2.955988747999072075e-05,3.267876803874969482e-03,-6.540131289511919022e-05,4.064243694301694632e-04,2.233691215515136719e-01
0.000000000000000000e+00,0.000000000000000000e+00,0.000000000000000000e+00,0.000000000000000000e+00,0.000000000000000000e+00,0.000000000000000000e+00,0.000000000000000000e+00,0.000000000000000000e+00,0.000000000000000000e+00,0.000000000000000000e+00,0.000000000000000000e+00,0.000000000000000000e+00,0.000000000000000000e+00,0.000000000000000000e+00,0.000000000000000000e+00,0.000000000000000000e+00,4.356387536972761154e-03,4.746505524963140488e-03,-3.135712759103626013e-04,-4.787188081536442041e-04,1.557345595210790634e-02,1.154847792349755764e-03,-2.277575986227020621e-04,1.585374702699482441e-04,-1.821287587517872453e-04,-2.593389654066413641e-04,7.350532803684473038e-03,1.199553571495926008e-05,3.216684330254793167e-03,-4.774386070494074374e-06,9.046821855008602142e-03,6.018531918525695801e-01
0.000000000000000000e+00,0.000000000000000000e+00,0.000000000000000000e+00,0.000000000000000000e+00,0.000000000000000000e+00,0.000000000000000000e+00,0.000000000000000000e+00,0.000000000000000000e+00,0.000000000000000000e+00,0.000000000000000000e+00,0.000000000000000000e+00,0.000000000000000000e+00,0.000000000000000000e+00,0.000000000000000000e+00,0.000000000000000000e+00,0.000000000000000000e+00,6.792022380977869034e-03,3.436831058934330940e-03,-2.654505195096135139e-03,-1.252169371582567692e-03,9.598608128726482391e-03,-4.452239372767508030e-04,-5.353108863346278667e-04,1.046741090249270201e-04,-7.652873318875208497e-05,3.680402005556970835e-04,1.188788935542106628e-02,8.620166227046865970e-06,6.897039245814085007e-03,-4.028657713206484914e-05,1.717308908700942993e-02,6.886780261993408203e-01
0.000000000000000000e+00,0.000000000000000000e+00,0.000000000000000000e+00,0.000000000000000000e+00,0.000000000000000000e+00,0.000000000000000000e+00,0.000000000000000000e+00,0.000000000000000000e+00,0.000000000000000000e+00,0.000000000000000000e+00,0.000000000000000000e+00,0.000000000000000000e+00,0.000000000000000000e+00,0.000000000000000000e+00,0.000000000000000000e+00,0.000000000000000000e+00,6.845574826002120972e-03,3.032385837286710739e-03,-3.020144533365964890e-03,-1.272599678486585617e-03,8.249244652688503265e-03,-3.308413550257682800e-03,-6.915679841767996550e-05,-6.563303486473159865e-06,-1.374144776491448283e-04,-8.985857130028307438e-05,6.494310684502124786e-03,-1.773222174961119890e-05,3.517904551699757576e-04,2.830079756677150726e-05,2.227019146084785461e-02,6.691745519638061523e-01
0.000000000000000000e+00,0.000000000000000000e+00,0.000000000000000000e+00,0.000000000000000000e+00,0.000000000000000000e+00,0.000000000000000000e+00,0.000000000000000000e+00,0.000000000000000000e+00,0.000000000000000000e+00,0.000000000000000000e+00,0.000000000000000000e+00,0.000000000000000000e+00,0.000000000000000000e+00,0.000000000000000000e+00,0.000000000000000000e+00,0.000000000000000000e+00,8.596631698310375214e-03,3.073185216635465622e-03,1.209537498652935028e-03,-1.064409734681248665e-03,2.615733537822961807e-03,5.572167690843343735e-03,8.559287525713443756e-04,1.150635434896685183e-04,5.779004936812270898e-07,8.411096496274694800e-05,1.282671745866537094e-02,-5.193620609134086408e-07,1.448387629352509975e-04,2.481798946973867714e-05,3.461960703134536743e-02,8.000286817550659180e-01
0.000000000000000000e+00,0.000000000000000000e+00,0.000000000000000000e+00,0.000000000000000000e+00,0.000000000000000000e+00,0.000000000000000000e+00,0.000000000000000000e+00,0.000000000000000000e+00,0.000000000000000000e+00,0.000000000000000000e+00,0.000000000000000000e+00,0.000000000000000000e+00,0.000000000000000000e+00,0.000000000000000000e+00,0.000000000000000000e+00,0.000000000000000000e+00,1.061276905238628387e-02,6.109506357461214066e-04,2.146374754374846816e-04,-1.374752260744571686e-03,-1.820328761823475361e-04,5.342145916074514389e-03,9.139830945059657097e-04,1.385504729114472866e-04,-8.151457586791366339e-05,7.417927845381200314e-04,1.071182172745466232e-02,1.547630199638660997e-05,5.616368071059696376e-05,2.945604137494228780e-05,3.867255896329879761e-02,7.896015048027038574e-01
0.000000000000000000e+00,0.000000000000000000e+00,0.000000000000000000e+00,0.000000000000000000e+00,0.000000000000000000e+00,0.000000000000000000e+00,0.000000000000000000e+00,0.000000000000000000e+00,0.000000000000000000e+00,0.000000000000000000e+00,0.000000000000000000e+00,0.000000000000000000e+00,0.000000000000000000e+00,0.000000000000000000e+00,0.000000000000000000e+00,0.000000000000000000e+00,5.317543633282184601e-03,4.426932719070464373e-06,1.122682369896210730e-04,-1.252064364962279797e-03,-1.696867693681269884e-04,5.325778853148221970e-03,1.373192295432090759e-03,1.097513813874684274e-04,5.844558108947239816e-05,1.378130837110802531e-04,1.168657001107931137e-02,1.351524842903017998e-04,-3.877399649354629219e-05,-1.297062590310815722e-05,3.133866190910339355e-02,8.511198163032531738e-01
0.000000000000000000e+00,0.000000000000000000e+00,0.000000000000000000e+00,0.000000000000000000e+00,0.000000000000000000e+00,0.000000000000000000e+00,0.000000000000000000e+00,0.000000000000000000e+00,0.000000000000000000e+00,0.000000000000000000e+00,0.000000000000000000e+00,0.000000000000000000e+00,0.000000000000000000e+00,0.000000000000000000e+00,0.000000000000000000e+00,0.000000000000000000e+00,6.367356050759553909e-03,2.904919674620032310e-04,1.048603589879348874e-04,-1.553409034386277199e-03,1.476589532103389502e-04,4.022914916276931763e-03,1.639043446630239487e-03,1.140681779361329973e-04,1.637515197216998786e-05,8.515977242495864630e-05,8.225517347455024719e-03,1.948138378793373704e-05,-2.373659299337305129e-05,-1.240958044945728034e-05,1.950707472860813141e-02,8.773663043975830078e-01
0.000000000000000000e+00,0.000000000000000000e+00,0.000000000000000000e+00,0.000000000000000000e+00,0.000000000000000000e+00,0.000000000000000000e+00,0.000000000000000000e+00,0.000000000000000000e+00,0.000000000000000000e+00,0.000000000000000000e+00,0.000000000000000000e+00,0.000000000000000000e+00,0.000000000000000000e+00,0.000000000000000000e+00,0.000000000000000000e+00,0.000000000000000000e+00,6.453881971538066864e-03,4.961860249750316143e-04,1.002784556476399302e-04,-1.239852630533277988e-03,2.444876008667051792e-05,1.337738649453967810e-04,3.867028499371372163e-05,6.352663331199437380e-05,6.977553130127489567e-05,3.563942664186470211e-05,9.788458701223134995e-04,8.805875040707178414e-06,-3.456150352576514706e-06,-1.039240851241629571e-05,1.218727673403918743e-03,9.327825307846069336e-01
0.000000000000000000e+00,0.000000000000000000e+00,0.000000000000000000e+00,0.000000000000000000e+00,0.000000000000000000e+00,0.000000000000000000e+00,0.000000000000000000e+00,0.000000000000000000e+00,0.000000000000000000e+00,0.000000000000000000e+00,0.000000000000000000e+00,0.000000000000000000e+00,0.000000000000000000e+00,0.000000000000000000e+00,0.000000000000000000e+00,0.000000000000000000e+00,9.961794130504131317e-03,-8.684994827490299940e-05,-5.109567064209841192e-05,-2.111244481056928635e-03,-7.597776129841804504e-05,2.378283243160694838e-04,1.293368113692849874e-04,-8.307324605993926525e-07,7.154095510486513376e-05,5.993329978082329035e-05,1.580951618961989880e-03,2.623690306791104376e-06,2.631554525578394532e-05,-1.582246113684959710e-05,1.521695055998861790e-03,9.134033322334289551e-01
0.000000000000000000e+00,0.000000000000000000e+00,0.000000000000000000e+00,0.000000000000000000e+00,0.000000000000000000e+00,0.000000000000000000e+00,0.000000000000000000e+00,0.000000000000000000e+00,0.000000000000000000e+00,0.000000000000000000e+00,0.000000000000000000e+00,0.000000000000000000e+00,0.000000000000000000e+00,0.000000000000000000e+00,0.000000000000000000e+00,0.000000000000000000e+00,2.015542052686214447e-02,2.321314423170406371e-05,1.321842282777652144e-04,1.013163564493879676e-04,-2.130381762981414795e-03,1.964715775102376938e-04,4.113643080927431583e-05,-2.092294744215905666e-04,-3.167691829730756581e-05,1.019386909320019186e-04,1.742790685966610909e-03,4.767096106661483645e-05,2.124656166415661573e-04,-1.935466025315690786e-05,1.685224473476409912e-03,8.518717288970947266e-01
0.000000000000000000e+00,0.000000000000000000e+00,0.000000000000000000e+00,0.000000000000000000e+00,0.000000000000000000e+00,0.000000000000000000e+00,0.000000000000000000e+00,0.000000000000000000e+00,0.000000000000000000e+00,0.000000000000000000e+00,0.000000000000000000e+00,0.000000000000000000e+00,0.000000000000000000e+00,0.000000000000000000e+00,0.000000000000000000e+00,0.000000000000000000e+00,0.000000000000000000e+00,0.000000000000000000e+00,0.000000000000000000e+00,0.000000000000000000e+00,0.000000000000000000e+00,0.000000000000000000e+00,0.000000000000000000e+00,0.000000000000000000e+00,0.000000000000000000e+00,0.000000000000000000e+00,0.000000000000000000e+00,0.000000000000000000e+00,0.000000000000000000e+00,0.000000000000000000e+00,0.000000000000000000e+00,0.000000000000000000e+00
