3.847673416137695312e+00,-6.394748687744140625e-01,-3.286857604980468750e-01,-1.297325134277343750e+00,-7.292842864990234375e-01,-6.763153076171875000e-01,3.007125854492187500e-02,4.985065460205078125e-01,-2.703170776367187500e-01,3.744010925292968750e-01,-3.420276641845703125e-01,1.488220214843750000e+00,3.636207580566406250e-01,-2.560768127441406250e-01,1.351347732543945312e+01,1.246652603149414062e+00,1.147622108459472656e+01,1.652183532714843750e+00,5.307485580444335938e+00,4.933984756469726562e+00,8.918561935424804688e+00,1.667867660522460938e+00,2.718635559082031250e+00,-2.226390838623046875e-01,1.319416046142578125e+00,7.309452056884765625e+00,3.583221435546875000e-01,-4.028320312500000000e-03,2.347316741943359375e-01,3.916244506835937500e-01,-6.072463989257812500e-01,8.820801720023155212e+00
1.419920253753662109e+01,1.982404708862304688e+00,1.025217056274414062e+00,-3.969993591308593750e-01,-7.152996063232421875e-01,5.482482910156250000e-01,-3.106994628906250000e-01,1.581020355224609375e+00,-8.977680206298828125e-01,9.803886413574218750e-01,-1.857910156250000000e-01,5.119609832763671875e-01,2.743358612060546875e-01,8.141269683837890625e-01,3.554988861083984375e+00,5.409744262695312500e+00,8.080068588256835938e+00,2.336748123168945312e+00,-7.976741790771484375e-01,-4.705162048339843750e-01,1.195026588439941406e+01,-1.582593917846679688e+00,7.890796661376953125e-01,-7.560939788818359375e-01,1.988819122314453125e+00,9.626941680908203125e-01,-2.014503479003906250e-01,-1.053562164306640625e-01,-2.311935424804687500e-01,5.498123168945312500e-02,-1.396179199218750000e-01,1.497147302329540253e+01
1.495994949340820312e+01,-5.494899749755859375e-01,1.040630340576171875e-01,2.451171875000000000e-01,-2.745666503906250000e-01,1.318658828735351562e+00,-8.922977447509765625e-01,5.964450836181640625e-01,2.342147827148437500e-01,-1.441631317138671875e-01,4.480819702148437500e-01,5.134410858154296875e-01,7.852478027343750000e-01,-2.123584747314453125e-01,1.493041896820068359e+01,1.759893417358398438e+00,9.797084808349609375e+00,3.122694015502929688e+00,4.970214843750000000e+00,1.990739822387695312e+00,7.874897003173828125e+00,9.564895629882812500e-01,2.011732101440429688e+00,-2.933197021484375000e-01,2.219327926635742188e+00,1.437492370605468750e+00,9.086036682128906250e-01,7.779140472412109375e-01,2.784976959228515625e-01,4.497699737548828125e-01,2.463563919067382812e+00,6.886832565069198608e+00
1.576395893096923828e+01,-2.076721191406250000e-02,-6.136512756347656250e-02,2.741279602050781250e-01,1.147937774658203125e-01,-5.313377380371093750e-01,1.489639282226562500e-01,6.034278869628906250e-02,6.691036224365234375e-01,3.461341857910156250e-01,3.386878967285156250e-01,4.828701019287109375e-01,-4.461688995361328125e-01,-1.052423477172851562e+00,9.730682373046875000e-01,9.853858947753906250e-01,9.161472320556640625e+00,1.272979736328125000e+00,3.018777847290039062e+00,1.740468978881835938e+00,7.486955642700195312e+00,-2.372837066650390625e-01,1.499235153198242188e+00,3.329277038574218750e-02,1.932989120483398438e+00,3.172077178955078125e+00,5.895080566406250000e-01,1.469783782958984375e+00,4.605598449707031250e-01,1.036441802978515625e+00,2.078523635864257812e+00,9.743943810462951660e+00
1.246636581420898438e+01,7.982063293457031250e-02,-2.875156402587890625e-01,8.067131042480468750e-02,-3.312301635742187500e-02,2.516422271728515625e-01,-2.492122650146484375e-01,4.735565185546875000e-01,2.099933624267578125e-01,6.851387023925781250e-02,3.390731811523437500e-01,1.807136535644531250e-01,5.358428955078125000e-01,9.908046722412109375e-01,8.096752166748046875e-01,1.475528717041015625e+00,1.157357215881347656e+01,1.033391952514648438e+00,7.896089553833007812e+00,1.646041870117187500e+00,6.906822204589843750e+00,1.607936859130859375e+00,3.189929962158203125e+00,-5.440902709960937500e-02,1.101234436035156250e+00,3.843281745910644531e+00,2.944526672363281250e-01,2.393226623535156250e-01,3.795623779296875000e-02,2.967166900634765625e-01,5.072581291198730469e+00,1.510832595825195312e+01
1.553222656250000000e+01,2.535209655761718750e-01,1.947956085205078125e-01,2.300758361816406250e-01,1.368465423583984375e-01,-2.580509185791015625e-01,-1.016349792480468750e-01,-2.249145507812500000e-02,3.094863891601562500e-02,2.922935485839843750e-01,4.266929626464843750e-02,4.479560852050781250e-01,1.398754119873046875e-01,-5.759353637695312500e-01,1.311744689941406250e+00,7.866935729980468750e-01,8.517213821411132812e+00,5.167121887207031250e-01,1.734756469726562500e+00,2.588098526000976562e+00,8.066341400146484375e+00,5.901908874511718750e-02,1.660797119140625000e+00,-7.007865905761718750e-01,2.293960571289062500e+00,-3.990707397460937500e-01,8.171443939208984375e-01,1.201158523559570312e+00,7.993335723876953125e-01,6.674423217773437500e-01,1.089016246795654297e+01,1.145091772079467773e+01
1.333110618591308594e+01,-6.627464294433593750e-02,4.236564636230468750e-01,-4.782009124755859375e-01,-1.036014556884765625e-01,6.334171295166015625e-01,8.624095916748046875e-01,7.637157440185546875e-01,4.985427856445312500e-01,9.336471557617187500e-01,2.215442657470703125e-01,6.937923431396484375e-01,6.111183166503906250e-01,-1.009641647338867188e+00,9.888687133789062500e-01,3.212875366210937500e+00,1.192122459411621094e+01,2.263153076171875000e+00,3.917581558227539062e+00,3.870737075805664062e+00,8.986654281616210938e+00,4.481449127197265625e-01,8.743915557861328125e-01,-3.986587524414062500e-01,1.667400360107421875e+00,2.876630783081054688e+00,1.025867462158203125e+00,7.792377471923828125e-01,-6.996765136718750000e-01,5.352115631103515625e-01,1.837039947509765625e+00,1.520523187518119812e+01
1.692357635498046875e+01,2.597084045410156250e-01,3.096733093261718750e-01,1.051445007324218750e-01,7.045173645019531250e-01,-2.684402465820312500e-02,5.399150848388671875e-01,1.229476928710937500e+00,1.094875335693359375e-01,4.458637237548828125e-01,2.056158065795898438e+00,3.206939697265625000e-01,1.286621093750000000e+00,-2.217655181884765625e-01,7.334003448486328125e-01,2.684488296508789062e+00,8.509147644042968750e+00,5.578235626220703125e+00,8.550374984741210938e+00,3.282388687133789062e+00,1.292453956604003906e+01,-1.978340148925781250e-01,1.688772201538085938e+00,1.377349853515625000e+00,9.148426055908203125e-01,2.448804855346679688e+00,7.402534484863281250e-01,6.605720520019531250e-01,1.162252426147460938e+00,1.376939773559570312e+00,2.736450195312500000e+00,1.212517189979553223e+01
1.516700267791748047e+01,3.635597229003906250e-02,3.483676910400390625e-01,5.831851959228515625e-01,2.313671112060546875e-01,-2.448844909667968750e-02,1.532346725463867188e+00,-1.712379455566406250e-01,3.535079956054687500e-01,9.676170349121093750e-01,-5.253181457519531250e-01,1.160165786743164062e+00,1.479755401611328125e+00,5.912780761718750000e-04,2.526979446411132812e+00,1.172740936279296875e+00,4.734210968017578125e+00,2.569217681884765625e-01,9.970561981201171875e+00,1.320451736450195312e+00,1.218377304077148438e+01,-2.119312286376953125e-01,1.295415878295898438e+00,1.143836975097656250e-01,9.456386566162109375e-01,4.006114959716796875e+00,5.410156250000000000e-01,1.206783294677734375e+00,3.260879516601562500e-01,1.019611358642578125e+00,1.385570526123046875e+00,1.924055182933807373e+01
1.631663036346435547e+01,6.334209442138671875e-01,1.170806884765625000e-01,-1.862125396728515625e-01,6.662921905517578125e-01,1.188274383544921875e+00,4.412536621093750000e-01,1.691410064697265625e+00,-1.915931701660156250e-02,1.168619155883789062e+00,-2.393417358398437500e-01,7.837905883789062500e-01,1.576370239257812500e+00,-1.191425323486328125e-01,1.662372589111328125e+00,1.628532409667968750e+00,9.247404098510742188e+00,4.481237411499023438e+00,1.484437942504882812e+00,6.190938949584960938e+00,1.037383079528808594e+01,-3.899192810058593750e-02,2.895584106445312500e-01,9.734077453613281250e-01,1.121902465820312500e-02,2.874019622802734375e+00,6.929092407226562500e-01,-1.876525878906250000e-01,9.465560913085937500e-01,5.471897125244140625e-01,1.960575103759765625e+00,1.340270519256591797e+01
1.093177604675292969e+01,2.526123046875000000e+00,4.178218841552734375e-01,4.520797729492187500e-02,9.871673583984375000e-02,3.194465637207031250e-01,1.908359527587890625e-01,7.372341156005859375e-01,3.967590332031250000e-01,4.887619018554687500e-01,2.575950622558593750e-01,2.571950912475585938e+00,-4.122734069824218750e-01,1.003986358642578125e+00,8.197593688964843750e-01,1.791128158569335938e+00,2.017581939697265625e+00,3.241708755493164062e+00,4.311012268066406250e+00,2.890089035034179688e+00,5.206626892089843750e+00,-8.905467987060546875e-01,2.700786590576171875e-01,1.261970520019531250e+00,-2.626056671142578125e-01,1.436908721923828125e+00,-2.165031433105468750e-01,1.186590194702148438e+00,1.089513778686523438e+00,1.321346282958984375e+00,1.370239257812500000e+00,1.454999935626983643e+01
2.036503982543945312e+01,1.772193908691406250e-01,4.838943481445312500e-02,3.665161132812500000e-02,1.332382202148437500e+00,-2.304574966430664062e+00,1.703887939453125000e+00,-1.792964935302734375e-01,6.501197814941406250e-01,4.785919189453125000e-01,1.871801376342773438e+00,6.957740783691406250e-01,4.541187286376953125e-01,5.914726257324218750e-01,5.811061859130859375e-01,1.431787490844726562e+00,3.072443008422851562e+00,1.311651229858398438e+00,1.535638809204101562e+00,5.352024078369140625e+00,1.483045387268066406e+01,7.863922119140625000e-01,-2.491970062255859375e-01,1.347560882568359375e+00,7.071399688720703125e-01,2.380125045776367188e+00,-1.925029754638671875e-01,-1.507244110107421875e-01,9.895324707031250000e-03,4.755268096923828125e-01,2.174757003784179688e+00,7.691091060638427734e+00
-1.442238807678222656e+00,-3.725967407226562500e-01,8.377494812011718750e-01,2.361545562744140625e-01,-1.606481552124023438e+00,-1.297426223754882812e+00,8.777503967285156250e-01,5.631732940673828125e-01,3.240928649902343750e-01,7.694187164306640625e-01,1.216506958007812500e+00,-5.223159790039062500e-01,-3.999061584472656250e-01,3.426246643066406250e-01,-6.025123596191406250e-02,1.490245819091796875e+00,-1.098445892333984375e+00,2.204380035400390625e+00,3.481063842773437500e-01,1.375940322875976562e+00,1.318861198425292969e+01,-2.031194686889648438e+00,9.160614013671875000e-01,1.435298919677734375e+00,5.628089904785156250e-01,2.380697250366210938e+00,-5.095863342285156250e-02,-1.270689010620117188e+00,6.078205108642578125e-01,-4.957046508789062500e-01,1.813076019287109375e+00,6.402976512908935547e+00
9.362825393676757812e+00,8.536529541015625000e-01,9.094047546386718750e-02,1.568544387817382812e+00,-3.418159484863281250e-02,1.103509902954101562e+00,2.052116394042968750e-02,5.421428680419921875e-01,4.730796813964843750e-01,7.544841766357421875e-01,-6.611137390136718750e-01,2.401466369628906250e-01,-2.238273620605468750e-02,1.557025909423828125e-01,7.194900512695312500e-02,1.727718353271484375e+00,1.027992248535156250e+00,1.427516937255859375e-01,3.253894805908203125e+00,2.793731689453125000e-01,1.126976966857910156e+01,5.074672698974609375e-01,7.340068817138671875e-01,-4.831581115722656250e-01,1.804527282714843750e+00,2.717359542846679688e+00,2.381649017333984375e-01,-7.037734985351562500e-02,6.397342681884765625e-01,2.929592132568359375e-01,3.772125244140625000e-01,1.355022193491458893e+01
-4.359626770019531250e+00,-5.301666259765625000e-02,2.427883148193359375e-01,6.053466796875000000e-01,-3.741817474365234375e-01,2.668628692626953125e-01,5.083465576171875000e-01,2.749542236328125000e+00,2.440452575683593750e-01,-2.685317993164062500e-01,-1.452142715454101562e+00,7.660732269287109375e-01,1.624025344848632812e+00,-3.960609436035156250e-01,7.927150726318359375e-01,1.086891174316406250e+00,-6.708488464355468750e-01,9.459209442138671875e-01,-4.802513122558593750e-01,1.059314727783203125e+00,1.325461006164550781e+01,4.710369110107421875e-01,1.086015701293945312e+00,8.554077148437500000e-02,1.396217346191406250e+00,1.702024459838867188e+00,6.651935577392578125e-01,9.028587341308593750e-01,1.849510192871093750e+00,1.305028915405273438e+00,2.875175476074218750e+00,1.323919725418090820e+01
-1.750972747802734375e+00,1.970901489257812500e-01,-9.549179077148437500e-01,6.660785675048828125e-01,4.592247009277343750e-01,4.489269256591796875e-01,2.683849334716796875e-01,5.779266357421875000e-02,-6.805820465087890625e-01,7.340679168701171875e-01,1.081256866455078125e-01,2.587800979614257812e+00,8.923969268798828125e-01,2.265167236328125000e-01,6.003227233886718750e-01,1.669464111328125000e-01,1.095893859863281250e+00,-2.953548431396484375e-01,5.214405059814453125e-01,3.811187744140625000e-01,4.772811889648437500e+00,-1.176940917968750000e+00,1.210462570190429688e+00,9.002990722656250000e-01,1.427410125732421875e+00,1.668207168579101562e+00,2.578353881835937500e-01,1.648147583007812500e+00,1.362419128417968750e-01,1.334978103637695312e+00,1.478813171386718750e+00,1.818172264099121094e+01
-1.236555099487304688e+00,3.191757202148437500e-02,-1.712989807128906250e-01,7.232418060302734375e-01,-7.324218750000000000e-02,-1.678638458251953125e-01,2.093257904052734375e-01,-1.033077239990234375e-01,2.906990051269531250e-02,9.649925231933593750e-01,5.020961761474609375e-01,-9.403800964355468750e-02,3.441429138183593750e-02,5.258941650390625000e-01,-3.930873870849609375e-01,1.478185653686523438e+00,-9.365806579589843750e-01,1.437021255493164062e+00,4.904174804687500000e-01,-6.984596252441406250e-01,6.527099609375000000e-01,-1.042060852050781250e+00,-6.432189941406250000e-01,2.291564941406250000e-01,2.644786834716796875e-01,8.415489196777343750e-01,8.611488342285156250e-01,2.067623138427734375e-01,2.980995178222656250e-01,-1.017971038818359375e-01,1.427246093750000000e+00,1.865783986449241638e+01
-3.368827819824218750e+00,-2.040748596191406250e-01,-2.442073822021484375e-01,-6.979179382324218750e-02,-3.213024139404296875e-01,-1.003284454345703125e-01,-6.211853027343750000e-02,-1.381511688232421875e-01,9.455299377441406250e-02,5.476760864257812500e-01,-3.382873535156250000e-02,1.117305755615234375e-01,4.804897308349609375e-01,8.457565307617187500e-02,-2.491092681884765625e-01,6.327114105224609375e-01,-1.929759979248046875e-01,-5.055484771728515625e-01,7.550563812255859375e-01,1.061973571777343750e-01,9.409065246582031250e-01,-1.071027755737304688e+00,-3.498325347900390625e-01,-1.239395141601562500e-01,3.217086791992187500e-01,1.282651901245117188e+00,4.002399444580078125e-01,4.379997253417968750e-01,2.513217926025390625e-01,1.176069259643554688e+00,2.286472320556640625e+00,2.081692326068878174e+01
-1.763420104980468750e+00,-6.641883850097656250e-01,-1.155223846435546875e-01,-2.555770874023437500e-01,-4.393062591552734375e-01,1.058729171752929688e+00,-2.815437316894531250e-02,3.837013244628906250e-02,3.154506683349609375e-01,3.973598480224609375e-01,5.941200256347656250e-01,8.939170837402343750e-02,-8.072624206542968750e-01,8.811950683593750000e-04,-5.476570129394531250e-01,1.244144439697265625e-01,-3.852252960205078125e-01,-3.987960815429687500e-01,-2.713279724121093750e-01,-9.296798706054687500e-02,4.255485534667968750e-02,-2.338497161865234375e+00,7.406425476074218750e-01,-3.655853271484375000e-01,2.057285308837890625e-01,3.136272430419921875e-01,3.326549530029296875e-01,-1.729888916015625000e-01,3.522300720214843750e-01,3.305778503417968750e-01,1.717781066894531250e+00,1.199824047088623047e+01
9.191341400146484375e-01,-9.656333923339843750e-02,-1.137847900390625000e-01,-2.226371765136718750e-01,-3.052330017089843750e-02,3.788185119628906250e-02,-3.456306457519531250e-02,-4.988288879394531250e-02,-3.116798400878906250e-02,4.663658142089843750e-02,1.251506805419921875e-01,2.842330932617187500e-02,-1.397686004638671875e-01,-1.784725189208984375e-01,-3.076038360595703125e-01,4.048347473144531250e-02,-2.114887237548828125e-01,-5.491008758544921875e-01,1.727638244628906250e-01,-2.667808532714843750e-02,-1.097373962402343750e-01,-9.826335906982421875e-01,-7.602882385253906250e-02,-5.963134765625000000e-02,6.463432312011718750e-02,2.632999420166015625e-01,-3.699798583984375000e-01,-1.179695129394531250e-02,1.805210113525390625e-01,-1.686248779296875000e-01,7.468147277832031250e-01,1.268985986709594727e+01
-6.916084289550781250e-01,3.260421752929687500e-02,-1.234931945800781250e-01,5.053367614746093750e-01,-5.001068115234375000e-03,5.186653137207031250e-02,1.889610290527343750e-02,9.372138977050781250e-02,1.283664703369140625e-01,-3.005218505859375000e-02,-4.102706909179687500e-03,1.068687438964843750e-01,-4.572544097900390625e-01,-1.195125579833984375e-01,-1.216659545898437500e-01,-1.126981735229492188e+00,1.369457244873046875e-01,-8.458881378173828125e-01,-3.612155914306640625e-01,-4.033851623535156250e-02,-5.425834655761718750e-02,-6.967926025390625000e-02,-3.198318481445312500e-01,8.600807189941406250e-02,-6.982612609863281250e-02,9.247016906738281250e-02,1.900272369384765625e-01,-5.851173400878906250e-02,1.651935577392578125e-01,-1.025543212890625000e-01,7.420272827148437500e-01,1.445507359504699707e+01
5.414714813232421875e-01,1.169986724853515625e-01,4.107666015625000000e-02,-2.352714538574218750e-02,1.449012756347656250e-02,-2.056961059570312500e-01,-6.907272338867187500e-02,-1.699066162109375000e-02,-2.401428222656250000e-01,-1.822738647460937500e-01,-1.540546417236328125e-01,2.498016357421875000e-01,4.674301147460937500e-01,-7.694435119628906250e-02,-3.699588775634765625e-01,-7.809448242187500000e-02,-1.814193725585937500e-01,-5.500583648681640625e-01,5.660438537597656250e-02,-5.101203918457031250e-01,-2.467536926269531250e-02,-1.734580993652343750e-01,-2.142944335937500000e-01,-2.296028137207031250e-01,-5.702018737792968750e-02,1.228256225585937500e-01,4.267501831054687500e-02,-6.567192077636718750e-02,8.558902740478515625e-01,5.381660461425781250e-01,1.715087890625000000e-02,1.210625219345092773e+01
-3.171501159667968750e-01,-2.456054687500000000e-01,-3.678131103515625000e-02,1.123924255371093750e-01,1.463584899902343750e-01,1.644134521484375000e-03,1.716613769531250000e-02,-1.412258148193359375e-01,-5.886268615722656250e-02,-1.659927368164062500e-01,1.741294860839843750e-01,-4.638481140136718750e-02,3.935432434082031250e-02,-7.719230651855468750e-02,6.857681274414062500e-02,2.237110137939453125e-01,-9.553909301757812500e-03,-5.507087707519531250e-02,-4.595909118652343750e-01,-8.352088928222656250e-02,2.388668060302734375e-01,-1.176071166992187500e-02,-2.737216949462890625e-01,6.360454559326171875e-01,-1.890106201171875000e-01,2.876224517822265625e-01,-4.964675903320312500e-01,-3.008613586425781250e-01,2.113380432128906250e-01,4.499435424804687500e-03,1.155681610107421875e-01,1.977931654453277588e+01
9.843463897705078125e-01,2.838516235351562500e-02,-9.536743164062500000e-05,1.244831085205078125e-01,-5.340194702148437500e-02,-7.427406311035156250e-02,-1.940612792968750000e-01,7.324790954589843750e-02,2.629089355468750000e-02,-6.200218200683593750e-02,1.172504425048828125e-01,-5.920600891113281250e-02,5.318832397460937500e-02,-2.932357788085937500e-02,-2.459068298339843750e-01,1.290225982666015625e-01,4.574584960937500000e-02,-2.244377136230468750e-02,4.471778869628906250e-01,2.573204040527343750e-02,6.876945495605468750e-02,2.000236511230468750e-02,1.269340515136718750e-01,6.224060058593750000e-02,-4.743194580078125000e-02,-1.431503295898437500e-01,8.035659790039062500e-02,-4.238471984863281250e-01,1.763725280761718750e-01,5.429611206054687500e-01,2.121734619140625000e-01,1.517723941802978516e+01
1.150398254394531250e+00,-5.967712402343750000e-02,3.351974487304687500e-02,2.855739593505859375e-01,-4.471015930175781250e-02,-8.550643920898437500e-03,2.536773681640625000e-03,-1.486530303955078125e-01,2.612247467041015625e-01,-1.978664398193359375e-01,1.887321472167968750e-02,6.861305236816406250e-02,1.321601867675781250e-02,2.848243713378906250e-02,2.663459777832031250e-01,-1.370182037353515625e-01,-1.593475341796875000e-01,-7.489395141601562500e-02,-7.211685180664062500e-02,-6.394538879394531250e-01,5.754261016845703125e-01,1.250648498535156250e-02,-1.774616241455078125e-01,-7.869148254394531250e-02,-3.583183288574218750e-01,9.581565856933593750e-02,-1.550350189208984375e-01,-8.057670593261718750e-01,2.882957458496093750e-02,8.762168884277343750e-02,-4.110908508300781250e-02,1.364220201969146729e+01
2.232513427734375000e-01,-8.820915222167968750e-02,8.399753570556640625e-01,-1.230796813964843750e+00,1.416454315185546875e-01,1.502017974853515625e-01,-3.270416259765625000e-01,-2.749633789062500000e-02,1.788158416748046875e-01,7.562637329101562500e-03,1.263561248779296875e-01,6.677627563476562500e-03,4.425029754638671875e-01,-4.900169372558593750e-02,-2.771663665771484375e-01,1.068115234375000000e-03,-1.660728454589843750e-01,-1.076393127441406250e-01,9.177017211914062500e-02,1.689052581787109375e-01,-9.416580200195312500e-03,-8.882522583007812500e-03,-3.636360168457031250e-02,-3.548622131347656250e-02,-2.904891967773437500e-02,3.378295898437500000e-01,-5.318832397460937500e-02,1.930809020996093750e-02,2.708816528320312500e-02,-4.988479614257812500e-02,4.315185546875000000e-02,1.179805493354797363e+01
-5.012512207031250000e-02,-3.537750244140625000e-02,1.651992797851562500e-01,1.537799835205078125e-01,4.916152954101562500e-01,8.495330810546875000e-03,6.060447692871093750e-01,-1.552391052246093750e-02,-9.541511535644531250e-02,-2.035522460937500000e-02,7.480621337890625000e-03,2.916717529296875000e-02,1.062011718750000000e-02,1.696586608886718750e-02,-9.641647338867187500e-02,5.720138549804687500e-03,-7.876014709472656250e-02,-2.684593200683593750e-02,1.011657714843750000e-02,1.581954956054687500e-02,8.564338684082031250e-01,-1.021423339843750000e-01,4.738044738769531250e-02,3.404617309570312500e-03,-1.349964141845703125e-01,1.435661315917968750e-02,5.209922790527343750e-02,-6.181144714355468750e-02,1.412773132324218750e-02,1.685714721679687500e-02,6.128311157226562500e-03,1.681418502330780029e+01
0.000000000000000000e+00,0.000000000000000000e+00,0.000000000000000000e+00,0.000000000000000000e+00,0.000000000000000000e+00,0.000000000000000000e+00,0.000000000000000000e+00,0.000000000000000000e+00,0.000000000000000000e+00,0.000000000000000000e+00,0.000000000000000000e+00,0.000000000000000000e+00,0.000000000000000000e+00,0.000000000000000000e+00,0.000000000000000000e+00,0.000000000000000000e+00,0.000000000000000000e+00,0.000000000000000000e+00,0.000000000000000000e+00,0.000000000000000000e+00,0.000000000000000000e+00,0.000000000000000000e+00,0.000000000000000000e+00,0.000000000000000000e+00,0.000000000000000000e+00,0.000000000000000000e+00,0.000000000000000000e+00,0.000000000000000000e+00,0.000000000000000000e+00,0.000000000000000000e+00,0.000000000000000000e+00,1.133293986320495605e+01
