6.275517091663282638e-04,9.098836228652664875e-06,5.349785764962389129e-06,7.563438561176170710e-05,1.302126396034189371e-05,1.693293170543440059e-04,1.488274194143761981e-05,3.185290092250722043e-06,1.248433129779475786e-05,8.337672995221013977e-06,1.578628275796048960e-05,3.513135413366342262e-04,6.023340289485648553e-05,9.190052589130222891e-04,3.746731663959800507e+00,6.973888361934683748e-04,1.494288354824261367e-01,1.191232237812716482e-04,2.888085488825636524e-03,1.712578547334678855e-03,1.237972297438313940e-02,1.017212199945920909e-03,5.580851529945101211e-03,2.316406636654557219e-03,1.088195220798417011e-03,2.413086519471069114e+00,4.456160175602013099e-05,5.382598775314379071e-05,7.092108933337096808e-04,1.095751098535090520e-03,5.024027134197210989e-03,1.122735891984728163e+01
1.434576006932775094e+00,5.239570746579612619e-04,1.394481526754742296e-04,3.683209030073502477e-05,1.986992644189684268e-04,7.365897431853694237e-04,6.496585274840332926e-05,4.879065915013853344e-04,2.286934396560806398e-04,3.009379967190180661e-04,3.908957083453082348e-04,3.009025855303613115e-04,1.056819403495303216e-03,1.502500213486628261e-03,3.027373352094651048e-03,2.171758797923730323e-03,5.274853165801034714e-03,4.730086707121811834e-04,1.136311097001966908e-04,9.538971413574075416e-05,1.894005147577600134e-01,1.525101872707254925e-05,4.040492838910842181e-04,1.225063090568827967e-04,2.585156402962131999e-04,5.718791083312367400e-04,3.826250541036944420e-04,4.549146674990655714e-04,2.106299748769307741e-04,1.114819919150682425e-04,2.064513345544000122e-02,1.566782395782256998e+01
8.964420544327081686e+00,1.390271374664714833e-04,1.413485362473962524e-06,5.168787329155547237e-05,5.557668707517590586e-05,8.721822576393836420e-05,2.626347691734698303e-05,1.059531388869388219e-04,3.625251355414864032e-05,1.003538517037239384e-04,2.277247554085005401e-04,5.383460166250498056e-05,3.227999713965213236e-05,4.773151832733351540e-05,1.765077075455013045e+01,1.163356007634248099e-04,2.422226026353687875e-02,1.528073713391056804e-04,3.010116544085909103e-04,2.401236809398968265e-05,3.571978701117755391e-03,1.930279408829172524e-04,2.052293269584580526e-03,1.132655611314914912e-03,3.353769858790178228e-04,8.902349389325922568e-03,1.743584144144815721e-04,2.328822623513433787e-04,6.157667905237663606e-04,2.989895977893951805e-04,2.884452743227559207e-02,1.852235125654824088e+01
6.671491887756973327e+00,2.898326433886917692e-05,1.911310527247769405e-05,2.865373753982259573e-05,7.608007407048028589e-06,4.531206770815036824e-06,2.268166272127228786e-05,3.771824620376412279e-05,3.675551622226115242e-04,1.963277804719800053e-04,3.469856705866122934e-06,1.827374699315980182e-05,1.068552807556406929e-04,3.581769597181376914e-05,1.662748854265791703e-03,5.763244699176751999e-05,1.326953752871202694e-02,5.911078812504598707e-05,1.071614248123483568e-04,4.979924322549345896e-05,1.282934412319044690e-02,5.061202680251515921e-05,1.876680507459773349e-03,3.211376413055085197e-04,2.537601045851962532e-04,6.546752425794569175e-03,2.554139840906474203e-04,8.611866961492751658e-04,8.647312795268165004e-05,2.039243618349423197e-04,1.310951951237797385e-03,1.299223298126621984e+01
4.037304154866615313e+00,2.090419093987193398e-04,1.495465417341997570e-05,4.561462868279413146e-06,7.887312918410968018e-06,2.933317089359407755e-05,6.506758560655222896e-06,1.671835491596723820e-04,6.497671570815395902e-06,6.714940311457369415e-05,7.805417952725843787e-05,5.526540166869800021e-04,7.518618520048292811e-05,4.704184346745683199e-04,1.022832311135835190e-03,4.896668451955355590e-04,1.325251529587479216e-01,1.636427058543937091e-05,5.127442870455878668e-03,3.528312343266225694e-04,5.323289614281754949e-03,6.194673675245814708e-05,1.438488759087469234e-03,2.955422728997590350e-04,6.125785221947826565e-04,2.344263960470974878e-02,4.338719472674583958e-05,8.286108387445880212e-05,1.060085490030228741e-03,3.380475337290495203e-04,1.694161029022873688e-01,8.551722025036498920e+00
6.718616186017176695e+00,1.205073254014467582e-04,1.139381115576879521e-04,3.393762555161345616e-06,7.016077021483192502e-06,1.482808426406512587e-06,6.017512950684420571e-06,3.762844729965167936e-07,1.023382152614668801e-05,4.680531657672308129e-06,6.180461932385652330e-06,5.136987253456457093e-06,2.639453962041629851e-05,8.158206885914971143e-05,2.803006409380182995e-04,3.524509532076273554e-03,7.458465919948096060e-03,2.646512397403223641e-06,3.087372191407388214e-04,1.190524191463362351e-04,9.115210153813972302e-03,2.984830659214940342e-05,5.970939069784180799e-04,6.477090880596621031e-04,5.494480195321546634e-04,7.680239001252148721e-04,4.921394434955852392e-05,5.302435553478638446e-04,2.519920208833437559e-04,2.265499734000415489e-04,8.317033280959686081e+00,1.257413169652846108e+01
7.114952146332126359e-01,2.635522321812987370e-05,3.772270688739348470e-05,4.429034573961349593e-06,2.102331387426742957e-05,1.258268493320835328e-05,1.908008587820167478e-04,1.073565517074180963e-06,1.948852134465447968e-05,5.784979477777420725e-05,6.693924984922212603e-05,8.386862023193774986e-06,4.411353351776335700e-05,5.234417005064996543e-05,8.099665895461089426e-04,1.314605343275562592e-04,1.827121035815017225e-01,4.666272962335853809e-05,1.438200384210394775e-04,4.299871879246082223e-04,1.771009771776587208e-02,1.850969875453154994e-05,3.414166568792983904e-04,7.411802446579741389e-05,8.632420657867236296e-05,7.476051256943326909e-03,5.891484269193007648e-05,8.597385475395597404e-06,3.487685335529572468e-04,8.374356205520620822e-04,1.085888790743654020e-02,1.819022202908863406e+01
5.941779456265364523e+00,1.129982197781455198e-05,2.974670406380892511e-05,3.855592216895593891e-06,2.658736685201965985e-05,1.629202576751477921e-05,2.832350218374963510e-05,1.367421249251490282e-04,3.342757786137832555e-06,2.907302039832970061e-06,2.891416988555057209e-04,6.622646121421303341e-05,5.380513147288522487e-04,7.858756556283936028e-06,4.748364327280093144e-04,5.338927697040891517e-05,6.984126638658606258e-03,8.314450222904904092e-04,7.062448812491487968e-03,5.127882326810391739e-04,4.311395054385441239e-01,1.851240456567307055e-03,1.453372491816231271e-03,1.870979391252256387e-04,3.452200710436721030e-05,1.825734168738567037e-03,9.948399974372985476e-05,1.264583867427503474e-04,4.415075409248607301e-04,9.496132837812866403e-04,6.574934937321675298e-03,1.380748222893381438e+01
3.694591643936635972e+00,1.918534967574880303e-04,1.028411006407733031e-05,6.488038079990010555e-05,6.438007520930221945e-06,8.325232367565487375e-06,2.127273914014774769e-05,5.405046003655932863e-05,4.405630039774698054e-05,3.338520255706462690e-05,9.152231997527261216e-06,1.433821745827268596e-04,4.135978902160437480e-05,6.455334604628249341e-05,1.816572217402701766e-03,4.681759613329328505e-05,1.497652269507497406e-03,4.664951314672075342e-05,2.909748216777141225e-02,1.383679864775082026e-05,2.290353709668175586e-01,5.630121641728735204e-05,5.229971338117949580e-04,2.415734796914088676e-05,1.323178929274351854e-04,2.272863615037281487e-03,2.023700176895646115e-05,3.476882918598622556e-04,1.077199433501929541e-04,2.210329791738835435e-04,1.856794396088496139e-03,1.535305368705846085e+01
6.994355485856304178e+00,4.052075622563223230e-04,1.369767568183837408e-05,2.929944214451355247e-05,6.564789284046274158e-06,1.607960147335200986e-05,1.141049068052574878e-04,1.556140923645389683e-04,3.947568980154781543e-06,3.957903733679146328e-04,2.140240094918394867e-05,4.117066099896340314e-05,4.190547064418460236e-04,1.333171785354912524e-04,3.773015761445184038e-04,2.866358064424816233e-04,1.388925751450815517e-02,3.539204502258850291e-04,3.792687372867571606e-05,1.673803745273018395e-03,4.375394105707183789e-02,3.426439006153660788e-03,1.301094038634040338e-04,2.389233466945370275e-04,2.271136461035270970e-05,1.309990508322683451e-03,5.557706254778798711e-06,4.218269930222213462e-04,1.932203389077868406e-04,1.556112078947048400e-04,1.485728643651260290e-02,1.579748726285083293e+01
9.920772033992079908e-02,2.001289501287335706e-03,2.532358840585233989e-05,2.887349284348511458e-05,1.700597803876073941e-06,3.190307689894631136e-06,1.724619091757879130e-05,1.703033954658386099e-04,1.035079473700257135e-04,2.564798269229983125e-05,4.995244948420465673e-05,2.590343472549462068e-04,4.484587239539736546e-05,9.433505446530640766e-06,9.978832440869387851e-04,3.359867111006523523e-04,4.545353871664222921e-04,6.781035519677930010e-05,5.570147840375697752e-04,6.840520430173983348e-04,2.969608459747478252e-03,1.715759520976092314e-04,3.602001577817183010e-05,3.391760906365290503e-04,3.369801711206418153e-05,5.710237804772781136e-04,5.913808245003798281e-04,3.115156585261546151e-04,6.380029443761050210e-05,7.378602460829061273e-05,4.354131567710718513e-03,1.934896596301812721e+01
7.572598752709254200e+00,6.028601603906098423e-06,2.025256669887357300e-05,8.795280392911823675e-06,1.849226379417811227e-04,1.057432068567682940e-05,7.650885990696254264e-04,6.336014025200698883e-06,1.213673170922859463e-05,3.273234052006553335e-04,9.891154699234718450e-05,1.108319852677973786e-05,3.649480339355175800e-05,4.637025176674497320e-04,2.078503539746486754e-04,8.255503441141359038e-05,7.696530327303032480e-05,1.284581824509466261e-04,9.546856814320175142e-04,2.977340809180583411e-03,1.525035166512775930e+00,2.660623476184120761e-03,2.525443281762173480e-05,1.565899427081937352e-04,2.494198096904460572e-04,1.884951249380487884e-04,1.237661103990499623e-04,2.395430303276786105e-03,1.462028803387215310e-05,1.555062125182449503e-05,8.077553593189009751e-04,1.386043892795853338e+01
6.710762366572914708e-04,3.041254955203942273e-04,6.180657695106712944e-06,3.970744918535782689e-06,1.070692523481276651e-04,8.340781345135652228e-05,2.114613126785146180e-04,2.220323808791981263e-05,1.002029560088052012e-05,1.097911568979686227e-04,9.688392795928164132e-05,4.414533604478135541e-05,2.466641145174041944e-05,2.765879762630209585e-05,2.304067639637049627e-05,5.281969772707048675e-05,6.052000987623133292e-05,9.295933246607321516e-05,7.750212145096903706e-05,1.000316741697436767e-03,5.277786221490894381e-01,1.573854806789221875e-04,5.791564547937130478e-04,2.560706940405585376e-04,1.182837699787741865e-04,7.167065088400488776e-04,1.008711923214206505e-05,1.384339391724377980e-04,1.193767613640368971e-04,8.907687837535055566e-06,4.637711672055306461e-03,1.715805029880254295e+01
1.812947453693243213e-02,3.318136447058162421e-05,7.591245741789651614e-05,9.667778237557706714e-05,1.343812867918738241e-06,5.396519809049373813e-05,2.263359061614241363e-05,1.235833487513980056e-05,1.355150471589716463e-05,1.998080160740369100e-03,7.540199348883062339e-05,1.035483846462565594e-05,1.425608103985175697e-04,2.628320461840541467e-04,2.567424660023069627e-04,8.482381365022106229e-05,3.092699505066413682e-04,7.544612691646774161e-05,1.114987179291457558e-03,1.750966782204659253e-05,9.741658200348470020e-02,7.872498665488327548e-04,2.717433305778895153e-04,1.504226019623265029e-05,1.538988790904902365e-03,2.219977476464688056e-04,6.560159994362663584e-05,1.241638694474325039e-04,9.110440681061640329e-05,2.544507061339724123e-05,1.576688697665495225e-04,1.562221430223976881e+01
1.115272216648385481e-03,2.128014396869762143e-06,4.834328480708546198e-05,4.398948512030098616e-06,1.317444272486649183e-05,4.613886949227404943e-05,2.036430824927266134e-05,2.794731825426519729e-04,1.025943751845764038e-05,1.104482751152248556e-04,1.445125933601210892e-04,4.691595133656784570e-05,1.518501022130186798e-03,3.918875626095300193e-05,1.396503918707866403e-03,1.414883036214044105e-04,5.062865436636977576e-05,1.436150197649744740e-04,2.799920995453411120e-04,1.343275174902137156e-04,5.554721181209294478e-01,3.922941786209363556e-04,1.376260670081139420e-04,8.400299598958877682e-05,6.127651592474011872e-05,3.138628165155374588e-04,1.673928885522510906e-05,4.104445080845234447e-04,6.376841422755211326e-04,9.971302647536174017e-04,4.935513809485054387e-03,1.825998252656172127e+01
1.915430115556244507e-04,6.936722082830826437e-05,3.173439622141738177e-05,1.722720298174792216e-04,2.181448452717400571e-04,7.236146236904580854e-06,2.209071561686368307e-05,1.171483031128345153e-05,2.901182601494594726e-05,1.314032702872560256e-04,3.627277385410284890e-05,9.004334878882978670e-05,1.210287273242544471e-05,4.954735380121983106e-06,1.006769451017377548e-03,1.229711591633615936e-04,3.933525485827717356e-04,3.751353805659846693e-05,2.068086515094042559e-05,2.218233068135602151e-05,1.291078964365235211e-03,2.008457270933905470e-04,8.237108361608843330e-05,9.653202351876109301e-05,1.000990816261134391e-04,2.261389576633850303e-04,8.513165963433477962e-05,5.640126709929564218e-04,2.377585237542003793e-05,4.072546736176615024e-04,1.745473457929185446e-03,1.831669264303718592e+01
4.253841101205109681e-04,8.844765493216593608e-06,2.521376335044550898e-06,1.783528971342567514e-04,5.421594725237055860e-06,1.078477529769547940e-05,5.597981192271706127e-05,6.585851498867787400e-05,1.622829450957872637e-05,8.582661311554893268e-05,1.696241488291215537e-05,8.640074826365958330e-05,1.120009685881274806e-04,2.280664381745616993e-05,1.156083515014889212e-04,1.249584350642647494e-03,8.819166567174988264e-05,4.168106683714454717e-04,4.689947941557241897e-05,1.646209269533930168e-05,3.393172632116392287e-05,3.487374763852334582e-04,3.996286561964971129e-05,6.794228521740293143e-04,5.551829038439292237e-05,1.832435370880158672e-05,3.419737539856409310e-05,2.669825808781094335e-05,2.625589041067211322e-05,3.636708839115502015e-04,1.062973852770777864e-03,2.204581525692700339e+01
4.654851258510017318e-04,7.444524351582324955e-07,8.764644371232424179e-05,3.204316156660514302e-06,4.311418117527424435e-07,5.867997418421537943e-06,4.598691681856629311e-06,7.029343713827461662e-06,1.623183930229201170e-04,2.594832293000122077e-05,7.376542078962043905e-06,4.118034685453452371e-04,5.972994284884143752e-05,3.812173650277865798e-06,9.438620053611957101e-05,6.251179042554801037e-05,5.099026385142422098e-05,4.116210898342844560e-05,9.170430362465913489e-05,1.868339901593558860e-05,1.135206376381340767e-04,8.887558508919350339e-05,1.958155391865943948e-05,5.429820727098014837e-06,6.089743895602568562e-05,2.890788498049183557e-05,3.218614697063763874e-05,3.089667198647067805e-04,8.866491026020329635e-06,2.290475784189915139e-04,8.059683087727744985e-04,2.429422897557262218e+01
3.366044305647567588e-04,7.687499926414649553e-07,7.543199663853690828e-06,1.580942271862176096e-06,2.706740847336094356e-05,7.951862955175891586e-05,5.626318066109046092e-06,2.490685561015642755e-06,1.136341723096228485e-05,4.339874756220033812e-06,2.576019490477809507e-05,5.750287698209770121e-06,1.813795837666011524e-05,8.947353521123842509e-06,4.473146225095226016e-05,4.468866845481693671e-06,7.278775769877183261e-06,1.375433774895773581e-05,1.171609716077739690e-05,1.161233442716826588e-06,1.841620285234159117e-05,7.231620972287365018e-06,1.411060767058694941e-04,3.849292594781086098e-05,2.259138090707348234e-05,3.150475211829564462e-05,4.888750221739883544e-06,1.327901808372351468e-06,3.316395133491977645e-06,2.678314485979670187e-05,7.286811425276800997e-04,1.577136559667139970e+01
1.660524171107670432e-04,1.136655343368244354e-07,5.967604757535257317e-07,1.705381095240067709e-06,2.859746140710414998e-06,1.647149060420768441e-06,2.650441157852975542e-08,2.711164319948999021e-06,7.210456067534629218e-07,1.546081753755212979e-06,6.209151403410175060e-07,4.697583282358736084e-06,3.160667922406830320e-06,1.822798289047360766e-05,4.415840357441675059e-05,1.346230464273484169e-06,1.069118464087071725e-06,3.332910357668326695e-05,1.446189234999821273e-05,3.037990512804906464e-06,2.716238895613134213e-06,1.740266049514606130e-05,5.402679472033939795e-06,3.120178643654025934e-07,4.060762417490003352e-07,2.530369231098962156e-05,3.377741045895465439e-06,8.572031919248096906e-07,3.806079606245808325e-06,3.586107392442240968e-06,1.957372282526329943e-04,1.657553699823705529e+01
2.665115534917209179e-04,6.204469563543521005e-06,7.863947400786783278e-07,1.208303971981884449e-06,3.650981412994995395e-06,6.381117727560021148e-07,1.122858188809444195e-07,6.362691131894367895e-06,3.523140452311804243e-06,1.718951614681931405e-07,1.771627107391318505e-06,8.322348013605476010e-07,1.309456341214648991e-06,1.641887465020139118e-06,2.412325730288990831e-06,5.264275244995881332e-06,5.658304908076557498e-06,4.536926790342148488e-05,3.587194026585405509e-06,6.875541378151097158e-07,4.117324863309523240e-06,8.676735211444013199e-06,2.392636491365959836e-06,1.605630292753496149e-05,2.541415760386235171e-05,4.954619528952027413e-06,1.532776728999757807e-05,1.428771163800849626e-06,1.239915781166194288e-05,2.052236782005451585e-05,1.744837302086806746e-04,1.753055391831498611e+01
7.370994296411314671e-05,6.488201532899324774e-07,7.364318141936117735e-07,1.358710198266955826e-07,2.170444800961266874e-07,2.994057131584312424e-06,3.079760903919668442e-06,6.636637724416166938e-07,1.017230290530455816e-05,1.017839946665266959e-06,2.124160303226543221e-06,3.562912929957210768e-06,4.383682154267036786e-06,1.920805606234836180e-06,3.218817597756629063e-05,2.194988304079676662e-06,1.366866496842563583e-06,4.376619910937280247e-05,2.315669690245962773e-06,6.716483028943030407e-06,1.482958877338675578e-06,6.528360576884643929e-06,9.043276862930278091e-06,5.263575812795255328e-06,4.546339293642146386e-07,1.245741180310178719e-05,4.684538699507054764e-06,5.556047955392320500e-06,3.667760158285390001e-05,6.721803181491908623e-06,4.182902505148867025e-05,1.214669656606751325e+01
1.501787011429861973e-04,1.944890260337959407e-06,2.078221763351857301e-07,2.412946363098179648e-07,6.075956808897316166e-06,1.772652384411879459e-07,4.254865088604824199e-07,8.055574975754287886e-06,3.015328586063175312e-07,6.647436892306922892e-06,3.099998342973246031e-06,6.062531147089485632e-07,9.273050752855527911e-08,1.850023318248572152e-06,2.859278759809252837e-05,3.324211618372139563e-06,4.228794985912760779e-07,5.051494279489514676e-06,4.875882433801412912e-06,3.350536894875917770e-07,7.120016806631189253e-06,8.189288326766173376e-06,2.875465221619611994e-06,1.032444713925784339e-05,3.818792896416110264e-06,2.047059940875870828e-06,1.668905739360344908e-05,1.648998319041966829e-06,4.231855149877836911e-06,2.016273322871700485e-05,6.316047817283773624e-05,1.587984343137228649e+01
1.383578134076453336e-04,8.781144517237057101e-07,2.850679345299215672e-07,6.106702407514739446e-07,5.805957413144582353e-07,3.875559029774085763e-06,4.543768125437806671e-06,2.631145651731772832e-07,5.375649426906978078e-07,1.235504947779292034e-07,1.060499394487472262e-05,7.092136529113687478e-08,6.383006254870764848e-06,1.745180943693747771e-06,2.292804622736108229e-05,7.763447012956235755e-06,3.838742590772226280e-06,4.123291045966959258e-07,1.245167890233467252e-05,1.025313890978877798e-06,8.700120663442883912e-06,7.173638630906465827e-06,2.924572259489212115e-06,5.396136140847049158e-07,2.619293196304293989e-07,2.183475432303220604e-06,8.107205752800358861e-07,2.213207049192872169e-05,5.124589253107484995e-06,1.034867076000475475e-05,1.409673329362123898e-05,1.436622774114973744e+01
2.600074942795342259e-05,8.003850672349552216e-07,1.164017434550393670e-07,5.335689833846508077e-06,9.276165957341988155e-07,4.023440485980910839e-07,5.733013725957077690e-08,5.464882538717142084e-06,3.798326062684089481e-05,1.673694568271560617e-06,1.162241400564405588e-07,2.572477208714083768e-06,6.022115682870404746e-07,4.916763898474379314e-07,8.792943702675367793e-06,1.023866963141309835e-06,7.389940815328296949e-06,1.390243170181087543e-06,1.458831769534342111e-06,1.250314882358519850e-05,3.275436643414088208e-06,2.614735326428662370e-06,5.461113793869610251e-06,1.476166058316587309e-06,6.657517392795010496e-06,2.298428786964037326e-06,6.891593106823914443e-07,4.897763548761516763e-06,3.096787483006081439e-07,8.611525876288541669e-07,3.531988463881239520e-07,1.861002336114615474e+01
2.661941666017265614e-05,6.162297158967657769e-07,7.425767970246141610e-06,6.825117283055552532e-05,9.320596836905456668e-05,1.327684105323784033e-05,1.873864762133917221e-06,1.515084374994975056e-07,2.900966956270778895e-06,8.056010997451854393e-06,1.876015612024967952e-05,8.348200818255583158e-08,8.616367075639832905e-06,8.306895253660757349e-07,1.583559442005037912e-05,3.777036466686646878e-07,7.177913801548946708e-06,3.310962871154972548e-06,1.373798502612925395e-05,4.879344249442412002e-06,3.608934735548316807e-06,4.600022827682441645e-06,5.722682371890699157e-06,1.604504275319213628e-07,3.422706854844642565e-07,3.065987759963903627e-05,1.090195626159104140e-05,9.949240767976771013e-06,6.041855756399250815e-07,2.218836503878322770e-07,4.396834900670254370e-07,1.602615663106243460e+01
3.908169792556657793e-07,7.560361042034223088e-07,2.294864354596904535e-05,1.303923495750038227e-05,2.490321402929739308e-05,3.191875034295698094e-06,3.664437469817210068e-06,1.277695332631983081e-08,6.174075107769682229e-07,2.796459158939890103e-07,1.084372580187962544e-06,5.975162628595964435e-08,1.662162339718625310e-08,4.425245200393673447e-07,6.654032250213464627e-07,2.719395070989967079e-07,2.784687950040112845e-07,5.406662211279740124e-08,1.402041762154191190e-07,7.635343161263308029e-08,2.671896083045039019e-05,1.428945986884185022e-06,3.669501093540305612e-07,5.655310025805079332e-08,9.268514959737393869e-06,4.900861757264147258e-07,1.500881463962908209e-06,5.971418888901680152e-06,2.239770920107369738e-07,4.986250805050406474e-08,3.745009900223641742e-06,1.811701571308294945e+01
0.000000000000000000e+00,0.000000000000000000e+00,0.000000000000000000e+00,0.000000000000000000e+00,0.000000000000000000e+00,0.000000000000000000e+00,0.000000000000000000e+00,0.000000000000000000e+00,0.000000000000000000e+00,0.000000000000000000e+00,0.000000000000000000e+00,0.000000000000000000e+00,0.000000000000000000e+00,0.000000000000000000e+00,0.000000000000000000e+00,0.000000000000000000e+00,0.000000000000000000e+00,0.000000000000000000e+00,0.000000000000000000e+00,0.000000000000000000e+00,0.000000000000000000e+00,0.000000000000000000e+00,0.000000000000000000e+00,0.000000000000000000e+00,0.000000000000000000e+00,0.000000000000000000e+00,0.000000000000000000e+00,0.000000000000000000e+00,0.000000000000000000e+00,0.000000000000000000e+00,0.000000000000000000e+00,2.296728919425099491e+01
