1.000000000000000000e+00,1.000000119209289551e+00,1.000000000000000000e+00,1.000000000000000000e+00,1.000000119209289551e+00,1.000000000000000000e+00,9.999999403953552246e-01,1.000000119209289551e+00,1.000000000000000000e+00,1.000000000000000000e+00,1.000000000000000000e+00,1.000000119209289551e+00,9.999999403953552246e-01,1.000000000000000000e+00,1.000000119209289551e+00,1.000000000000000000e+00,1.000000000000000000e+00,9.999999403953552246e-01,9.999999403953552246e-01,1.000000000000000000e+00,7.199822664260864258e-01,9.917107820510864258e-01,9.984874725341796875e-01,9.999619722366333008e-01,9.999859929084777832e-01,9.999823570251464844e-01,9.995898604393005371e-01,9.999840259552001953e-01,9.999936819076538086e-01,9.999870061874389648e-01,9.999846816062927246e-01,9.999986886978149414e-01,9.999960660934448242e-01,9.999994039535522461e-01,9.999907016754150391e-01,9.999998807907104492e-01,9.999997019767761230e-01,9.999963641166687012e-01,9.999985694885253906e-01,9.999796748161315918e-01,9.999914169311523438e-01,9.999998211860656738e-01,9.999996423721313477e-01,9.999960064888000488e-01,9.999991059303283691e-01,9.999911785125732422e-01,9.999983310699462891e-01,9.999976754188537598e-01,9.999998807907104492e-01,1.000000000000000000e+00,9.999978542327880859e-01
1.000000000000000000e+00,1.000000000000000000e+00,1.000000000000000000e+00,9.999999403953552246e-01,1.000000119209289551e+00,1.000000000000000000e+00,1.000000000000000000e+00,9.999999403953552246e-01,9.999999403953552246e-01,1.000000000000000000e+00,1.000000000000000000e+00,9.999998807907104492e-01,9.999999403953552246e-01,9.999998807907104492e-01,9.999999403953552246e-01,9.999998807907104492e-01,1.000000000000000000e+00,1.000000119209289551e+00,9.999999403953552246e-01,1.000000000000000000e+00,7.933846712112426758e-01,9.803637266159057617e-01,9.981667995452880859e-01,9.998040199279785156e-01,9.999549388885498047e-01,9.999161958694458008e-01,9.981098175048828125e-01,9.999484419822692871e-01,9.999524354934692383e-01,9.999228715896606445e-01,9.999725818634033203e-01,9.999909400939941406e-01,9.999797344207763672e-01,9.999924302101135254e-01,9.999871253967285156e-01,9.999872446060180664e-01,9.999893903732299805e-01,9.999935030937194824e-01,9.999951720237731934e-01,9.999733567237854004e-01,9.999939203262329102e-01,9.999967217445373535e-01,9.999972581863403320e-01,9.999926090240478516e-01,9.999890327453613281e-01,9.999840259552001953e-01,9.999974966049194336e-01,9.999905824661254883e-01,9.999983310699462891e-01,9.999887943267822266e-01,9.999940395355224609e-01
1.000000000000000000e+00,1.000000000000000000e+00,1.000000000000000000e+00,1.000000000000000000e+00,1.000000119209289551e+00,1.000000000000000000e+00,1.000000000000000000e+00,9.999999403953552246e-01,1.000000000000000000e+00,1.000000000000000000e+00,9.999998807907104492e-01,9.999999403953552246e-01,9.999999403953552246e-01,1.000000119209289551e+00,1.000000238418579102e+00,1.000000000000000000e+00,1.000000000000000000e+00,1.000000000000000000e+00,1.000000000000000000e+00,1.000000000000000000e+00,8.015437126159667969e-01,9.812865257263183594e-01,9.971446990966796875e-01,9.993741512298583984e-01,9.997652769088745117e-01,9.977669715881347656e-01,9.943825602531433105e-01,9.995803833007812500e-01,9.998002648353576660e-01,9.996781349182128906e-01,9.998475313186645508e-01,9.997001290321350098e-01,9.999397397041320801e-01,9.999901056289672852e-01,9.999754428863525391e-01,9.999583363533020020e-01,9.999743700027465820e-01,9.999907016754150391e-01,9.999819993972778320e-01,9.997369050979614258e-01,9.999846220016479492e-01,9.999933242797851562e-01,9.999839663505554199e-01,9.999892115592956543e-01,9.999638795852661133e-01,9.999252557754516602e-01,9.999968409538269043e-01,9.999426603317260742e-01,9.999976158142089844e-01,9.999865889549255371e-01,9.999625086784362793e-01
1.000000000000000000e+00,9.999999403953552246e-01,1.000000000000000000e+00,1.000000000000000000e+00,1.000000000000000000e+00,9.999999403953552246e-01,1.000000000000000000e+00,1.000000000000000000e+00,9.999998807907104492e-01,9.999998807907104492e-01,1.000000000000000000e+00,9.999999403953552246e-01,9.999999403953552246e-01,1.000000000000000000e+00,9.999999403953552246e-01,9.999999403953552246e-01,9.999998807907104492e-01,1.000000119209289551e+00,9.999999403953552246e-01,9.999999403953552246e-01,7.378617525100708008e-01,9.845138788223266602e-01,9.970234632492065430e-01,9.991059899330139160e-01,9.992872476577758789e-01,9.979054331779479980e-01,9.957348704338073730e-01,9.994574785232543945e-01,9.993835091590881348e-01,9.996950626373291016e-01,9.997973442077636719e-01,9.997497200965881348e-01,9.998329877853393555e-01,9.999650716781616211e-01,9.999572634696960449e-01,9.998883605003356934e-01,9.998955726623535156e-01,9.999761581420898438e-01,9.999774694442749023e-01,9.996729493141174316e-01,9.999803304672241211e-01,9.999868273735046387e-01,9.999853968620300293e-01,9.999811649322509766e-01,9.998809099197387695e-01,9.998774528503417969e-01,9.999951124191284180e-01,9.999285936355590820e-01,9.999965429306030273e-01,9.999842047691345215e-01,9.999413490295410156e-01
9.999998807907104492e-01,1.000000119209289551e+00,1.000000119209289551e+00,1.000000000000000000e+00,1.000000238418579102e+00,1.000000119209289551e+00,1.000000000000000000e+00,1.000000000000000000e+00,9.999998807907104492e-01,1.000000000000000000e+00,9.999998807907104492e-01,1.000000000000000000e+00,9.999998807907104492e-01,9.999999403953552246e-01,9.999999403953552246e-01,1.000000000000000000e+00,1.000000000000000000e+00,9.999999403953552246e-01,1.000000000000000000e+00,9.999998807907104492e-01,7.607763409614562988e-01,9.497154355049133301e-01,9.941041469573974609e-01,9.989753961563110352e-01,9.990713596343994141e-01,9.975035190582275391e-01,9.905446171760559082e-01,9.994699954986572266e-01,9.986451268196105957e-01,9.997261762619018555e-01,9.998252391815185547e-01,9.997718930244445801e-01,9.995245933532714844e-01,9.999569654464721680e-01,9.999184608459472656e-01,9.997478723526000977e-01,9.997941851615905762e-01,9.999710917472839355e-01,9.999780654907226562e-01,9.997749924659729004e-01,9.999762773513793945e-01,9.999892115592956543e-01,9.999869465827941895e-01,9.999842643737792969e-01,9.998977184295654297e-01,9.999073147773742676e-01,9.999946355819702148e-01,9.999240636825561523e-01,9.999965429306030273e-01,9.999845623970031738e-01,9.999464750289916992e-01
1.000000000000000000e+00,1.000000000000000000e+00,1.000000119209289551e+00,1.000000119209289551e+00,1.000000000000000000e+00,9.999998807907104492e-01,1.000000000000000000e+00,9.999999403953552246e-01,1.000000000000000000e+00,1.000000000000000000e+00,1.000000000000000000e+00,1.000000119209289551e+00,1.000000119209289551e+00,9.999999403953552246e-01,1.000000119209289551e+00,1.000000000000000000e+00,1.000000000000000000e+00,1.000000119209289551e+00,9.999998807907104492e-01,9.999999403953552246e-01,7.846180200576782227e-01,9.527836441993713379e-01,9.947323203086853027e-01,9.986021518707275391e-01,9.982460141181945801e-01,9.969491958618164062e-01,9.890751838684082031e-01,9.994184374809265137e-01,9.977170825004577637e-01,9.995784759521484375e-01,9.996745586395263672e-01,9.996851682662963867e-01,9.992440938949584961e-01,9.999417066574096680e-01,9.998860955238342285e-01,9.997230768203735352e-01,9.994528889656066895e-01,9.999351501464843750e-01,9.999523162841796875e-01,9.997154474258422852e-01,9.999696016311645508e-01,9.999864101409912109e-01,9.999880790710449219e-01,9.999862909317016602e-01,9.998854994773864746e-01,9.999152421951293945e-01,9.999942779541015625e-01,9.998984336853027344e-01,9.999959468841552734e-01,9.999827742576599121e-01,9.999372959136962891e-01
1.000000119209289551e+00,1.000000000000000000e+00,1.000000000000000000e+00,1.000000000000000000e+00,1.000000000000000000e+00,9.999999403953552246e-01,1.000000000000000000e+00,1.000000000000000000e+00,9.999999403953552246e-01,1.000000119209289551e+00,9.999998807907104492e-01,9.999999403953552246e-01,1.000000119209289551e+00,9.999998807907104492e-01,1.000000000000000000e+00,1.000000000000000000e+00,9.999999403953552246e-01,1.000000000000000000e+00,1.000000000000000000e+00,1.000000119209289551e+00,7.437319755554199219e-01,9.469673633575439453e-01,9.941958189010620117e-01,9.969961643218994141e-01,9.964954853057861328e-01,9.956450462341308594e-01,9.873530864715576172e-01,9.993405938148498535e-01,9.967262148857116699e-01,9.996188879013061523e-01,9.996206760406494141e-01,9.987990856170654297e-01,9.990643262863159180e-01,9.998875260353088379e-01,9.998146891593933105e-01,9.997407197952270508e-01,9.995117187500000000e-01,9.998618960380554199e-01,9.998956918716430664e-01,9.998192787170410156e-01,9.999485015869140625e-01,9.999758005142211914e-01,9.999806880950927734e-01,9.999749660491943359e-01,9.997619986534118652e-01,9.999277591705322266e-01,9.999938011169433594e-01,9.999029040336608887e-01,9.999959468841552734e-01,9.999828338623046875e-01,9.999284148216247559e-01
1.000000000000000000e+00,9.999998807907104492e-01,9.999999403953552246e-01,9.999999403953552246e-01,9.999999403953552246e-01,9.999999403953552246e-01,9.999999403953552246e-01,1.000000119209289551e+00,9.999998807907104492e-01,1.000000000000000000e+00,1.000000000000000000e+00,9.999999403953552246e-01,1.000000000000000000e+00,1.000000000000000000e+00,1.000000119209289551e+00,9.999999403953552246e-01,1.000000000000000000e+00,1.000000000000000000e+00,1.000000000000000000e+00,9.999998807907104492e-01,7.506805658340454102e-01,9.467206001281738281e-01,9.927342534065246582e-01,9.947179555892944336e-01,9.962735176086425781e-01,9.948146343231201172e-01,9.899789094924926758e-01,9.991608262062072754e-01,9.965336322784423828e-01,9.993628859519958496e-01,9.995214343070983887e-01,9.991216659545898438e-01,9.991135597229003906e-01,9.998298883438110352e-01,9.995902776718139648e-01,9.997154474258422852e-01,9.994046688079833984e-01,9.996703863143920898e-01,9.998350143432617188e-01,9.998106956481933594e-01,9.999456405639648438e-01,9.999725222587585449e-01,9.999778866767883301e-01,9.999711513519287109e-01,9.997728466987609863e-01,9.999157190322875977e-01,9.999895095825195312e-01,9.998863935470581055e-01,9.999927282333374023e-01,9.999767541885375977e-01,9.999099969863891602e-01
1.000000119209289551e+00,1.000000000000000000e+00,1.000000000000000000e+00,9.999999403953552246e-01,1.000000000000000000e+00,9.999998807907104492e-01,1.000000119209289551e+00,1.000000000000000000e+00,1.000000000000000000e+00,1.000000000000000000e+00,1.000000119209289551e+00,9.999999403953552246e-01,9.999998807907104492e-01,1.000000000000000000e+00,1.000000000000000000e+00,1.000000000000000000e+00,1.000000000000000000e+00,9.999999403953552246e-01,1.000000000000000000e+00,1.000000000000000000e+00,7.210938930511474609e-01,9.456230998039245605e-01,9.553607702255249023e-01,9.906102418899536133e-01,9.950094819068908691e-01,9.911985397338867188e-01,9.843662977218627930e-01,9.977110624313354492e-01,9.906215667724609375e-01,9.983828067779541016e-01,9.993901252746582031e-01,9.976930618286132812e-01,9.967201948165893555e-01,9.996838569641113281e-01,9.993368983268737793e-01,9.989307522773742676e-01,9.979826807975769043e-01,9.994732141494750977e-01,9.997524023056030273e-01,9.996690750122070312e-01,9.999438524246215820e-01,9.999757409095764160e-01,9.999698996543884277e-01,9.999668598175048828e-01,9.997332692146301270e-01,9.999153017997741699e-01,9.999885559082031250e-01,9.998587369918823242e-01,9.999930858612060547e-01,9.999778270721435547e-01,9.998521804809570312e-01
1.000000000000000000e+00,1.000000000000000000e+00,1.000000000000000000e+00,9.999999403953552246e-01,1.000000000000000000e+00,1.000000000000000000e+00,1.000000119209289551e+00,9.999998807907104492e-01,1.000000000000000000e+00,9.999999403953552246e-01,1.000000000000000000e+00,9.999999403953552246e-01,1.000000000000000000e+00,9.999999403953552246e-01,1.000000000000000000e+00,1.000000119209289551e+00,9.999999403953552246e-01,1.000000000000000000e+00,1.000000000000000000e+00,1.000000000000000000e+00,7.646830081939697266e-01,9.552173018455505371e-01,9.660837650299072266e-01,9.895190596580505371e-01,9.948514699935913086e-01,9.912308454513549805e-01,9.763571023941040039e-01,9.942585825920104980e-01,9.921219348907470703e-01,9.951360821723937988e-01,9.991734027862548828e-01,9.975619912147521973e-01,9.970761537551879883e-01,9.992542862892150879e-01,9.989781379699707031e-01,9.984670281410217285e-01,9.974584579467773438e-01,9.992055296897888184e-01,9.996413588523864746e-01,9.995224475860595703e-01,9.999434351921081543e-01,9.999707937240600586e-01,9.999627470970153809e-01,9.999567866325378418e-01,9.996412992477416992e-01,9.999108910560607910e-01,9.999870657920837402e-01,9.998160600662231445e-01,9.999908804893493652e-01,9.999751448631286621e-01,9.998536705970764160e-01
9.999999403953552246e-01,9.999998807907104492e-01,1.000000000000000000e+00,1.000000000000000000e+00,1.000000000000000000e+00,1.000000000000000000e+00,1.000000000000000000e+00,1.000000000000000000e+00,1.000000119209289551e+00,1.000000000000000000e+00,9.999998807907104492e-01,1.000000000000000000e+00,9.999998807907104492e-01,1.000000000000000000e+00,9.999998807907104492e-01,1.000000000000000000e+00,1.000000000000000000e+00,1.000000000000000000e+00,1.000000119209289551e+00,1.000000000000000000e+00,7.552218437194824219e-01,9.529165029525756836e-01,9.741917848587036133e-01,9.867323040962219238e-01,9.933058023452758789e-01,9.866639375686645508e-01,9.786240458488464355e-01,9.913195967674255371e-01,9.895822405815124512e-01,9.942676424980163574e-01,9.980125427246093750e-01,9.957529306411743164e-01,9.956803321838378906e-01,9.982815980911254883e-01,9.973403811454772949e-01,9.970810413360595703e-01,9.956194162368774414e-01,9.978265762329101562e-01,9.982579946517944336e-01,9.989440441131591797e-01,9.999225139617919922e-01,9.999466538429260254e-01,9.999394416809082031e-01,9.999263882637023926e-01,9.996067285537719727e-01,9.998800754547119141e-01,9.999849796295166016e-01,9.996355772018432617e-01,9.999910593032836914e-01,9.999682307243347168e-01,9.998267889022827148e-01
1.000000000000000000e+00,1.000000119209289551e+00,1.000000000000000000e+00,9.999998807907104492e-01,1.000000119209289551e+00,1.000000000000000000e+00,1.000000000000000000e+00,9.999999403953552246e-01,1.000000119209289551e+00,1.000000000000000000e+00,1.000000000000000000e+00,1.000000000000000000e+00,1.000000000000000000e+00,1.000000238418579102e+00,1.000000000000000000e+00,9.999998807907104492e-01,1.000000000000000000e+00,1.000000000000000000e+00,1.000000000000000000e+00,9.999999403953552246e-01,7.982323765754699707e-01,9.518029689788818359e-01,9.739436507225036621e-01,9.857795238494873047e-01,9.919317364692687988e-01,9.842550754547119141e-01,9.830825328826904297e-01,9.917781352996826172e-01,9.916685223579406738e-01,9.944651722908020020e-01,9.978845119476318359e-01,9.956177473068237305e-01,9.965763688087463379e-01,9.982357025146484375e-01,9.975573420524597168e-01,9.971901178359985352e-01,9.963007569313049316e-01,9.979989528656005859e-01,9.983030557632446289e-01,9.988186955451965332e-01,9.998669028282165527e-01,9.999329447746276855e-01,9.999177455902099609e-01,9.999009966850280762e-01,9.996181726455688477e-01,9.998845458030700684e-01,9.999831914901733398e-01,9.996702671051025391e-01,9.999883174896240234e-01,9.999508857727050781e-01,9.997905492782592773e-01
1.000000119209289551e+00,1.000000000000000000e+00,1.000000000000000000e+00,9.999999403953552246e-01,9.999999403953552246e-01,1.000000000000000000e+00,1.000000119209289551e+00,1.000000000000000000e+00,1.000000238418579102e+00,9.999999403953552246e-01,9.999998807907104492e-01,9.999998807907104492e-01,1.000000119209289551e+00,9.999999403953552246e-01,1.000000119209289551e+00,1.000000000000000000e+00,9.999999403953552246e-01,1.000000000000000000e+00,1.000000000000000000e+00,1.000000000000000000e+00,7.654443979263305664e-01,9.459286332130432129e-01,9.744602441787719727e-01,9.859770536422729492e-01,9.913619160652160645e-01,9.812972545623779297e-01,9.749667644500732422e-01,9.916924834251403809e-01,9.897074699401855469e-01,9.948081970214843750e-01,9.978937506675720215e-01,9.946634173393249512e-01,9.948004484176635742e-01,9.982041716575622559e-01,9.975772500038146973e-01,9.969628453254699707e-01,9.966896772384643555e-01,9.978327751159667969e-01,9.985799789428710938e-01,9.989215135574340820e-01,9.998363256454467773e-01,9.999083876609802246e-01,9.999203085899353027e-01,9.998947978019714355e-01,9.995309710502624512e-01,9.998903274536132812e-01,9.999857544898986816e-01,9.997157454490661621e-01,9.999901056289672852e-01,9.999513626098632812e-01,9.998253583908081055e-01
1.000000000000000000e+00,1.000000000000000000e+00,1.000000000000000000e+00,1.000000000000000000e+00,1.000000000000000000e+00,1.000000119209289551e+00,9.999998807907104492e-01,1.000000000000000000e+00,1.000000000000000000e+00,1.000000000000000000e+00,1.000000000000000000e+00,1.000000000000000000e+00,1.000000119209289551e+00,1.000000000000000000e+00,9.999999403953552246e-01,9.999999403953552246e-01,1.000000000000000000e+00,9.999998807907104492e-01,9.999998807907104492e-01,1.000000000000000000e+00,8.007419109344482422e-01,9.490886926651000977e-01,9.789153337478637695e-01,9.870608448982238770e-01,9.899073243141174316e-01,9.813182353973388672e-01,9.752795696258544922e-01,9.900333285331726074e-01,9.893987178802490234e-01,9.943369030952453613e-01,9.976682662963867188e-01,9.945138692855834961e-01,9.936965107917785645e-01,9.975103139877319336e-01,9.970779418945312500e-01,9.969697594642639160e-01,9.964244365692138672e-01,9.973668456077575684e-01,9.982885122299194336e-01,9.986894130706787109e-01,9.997563362121582031e-01,9.998360276222229004e-01,9.998770952224731445e-01,9.998432397842407227e-01,9.994637966156005859e-01,9.998223781585693359e-01,9.999731779098510742e-01,9.995192885398864746e-01,9.999861121177673340e-01,9.999269247055053711e-01,9.997298121452331543e-01
1.000000000000000000e+00,1.000000000000000000e+00,1.000000000000000000e+00,1.000000119209289551e+00,1.000000000000000000e+00,1.000000000000000000e+00,9.999999403953552246e-01,1.000000000000000000e+00,9.999999403953552246e-01,9.999999403953552246e-01,1.000000000000000000e+00,1.000000000000000000e+00,1.000000000000000000e+00,1.000000000000000000e+00,9.999998211860656738e-01,9.999998807907104492e-01,1.000000000000000000e+00,1.000000000000000000e+00,9.999999403953552246e-01,9.999999403953552246e-01,8.013830184936523438e-01,9.564563632011413574e-01,9.806358814239501953e-01,9.879143238067626953e-01,9.891180396080017090e-01,9.803992509841918945e-01,9.708496332168579102e-01,9.884098768234252930e-01,9.865339994430541992e-01,9.945938587188720703e-01,9.976046085357666016e-01,9.934381842613220215e-01,9.923794865608215332e-01,9.972263574600219727e-01,9.953866004943847656e-01,9.952114820480346680e-01,9.943549633026123047e-01,9.968785047531127930e-01,9.982368350028991699e-01,9.987453222274780273e-01,9.997726678848266602e-01,9.998390078544616699e-01,9.998925328254699707e-01,9.998577833175659180e-01,9.994561076164245605e-01,9.998415708541870117e-01,9.999756813049316406e-01,9.995880126953125000e-01,9.999858736991882324e-01,9.999154806137084961e-01,9.998047947883605957e-01
1.000000000000000000e+00,1.000000119209289551e+00,1.000000000000000000e+00,1.000000000000000000e+00,1.000000000000000000e+00,1.000000000000000000e+00,9.999998807907104492e-01,1.000000000000000000e+00,1.000000238418579102e+00,9.999999403953552246e-01,1.000000000000000000e+00,1.000000000000000000e+00,1.000000000000000000e+00,1.000000000000000000e+00,1.000000000000000000e+00,1.000000119209289551e+00,1.000000238418579102e+00,9.999998807907104492e-01,1.000000000000000000e+00,9.999999403953552246e-01,8.281237483024597168e-01,9.599309563636779785e-01,9.844865202903747559e-01,9.883310794830322266e-01,9.907432794570922852e-01,9.807863235473632812e-01,9.767448306083679199e-01,9.892362356185913086e-01,9.892141819000244141e-01,9.945479631423950195e-01,9.972019195556640625e-01,9.937415122985839844e-01,9.932203292846679688e-01,9.963845610618591309e-01,9.957814216613769531e-01,9.954728484153747559e-01,9.948517680168151855e-01,9.970359206199645996e-01,9.982916116714477539e-01,9.984852075576782227e-01,9.997048377990722656e-01,9.998198747634887695e-01,9.998614192008972168e-01,9.997066259384155273e-01,9.994534254074096680e-01,9.997619986534118652e-01,9.999665021896362305e-01,9.993324279785156250e-01,9.999793767929077148e-01,9.998573660850524902e-01,9.992613792419433594e-01
1.000000119209289551e+00,1.000000000000000000e+00,1.000000000000000000e+00,1.000000000000000000e+00,9.999999403953552246e-01,9.999998807907104492e-01,1.000000000000000000e+00,1.000000000000000000e+00,1.000000000000000000e+00,9.999998807907104492e-01,9.999998807907104492e-01,9.999998211860656738e-01,1.000000000000000000e+00,1.000000000000000000e+00,1.000000000000000000e+00,1.000000000000000000e+00,1.000000119209289551e+00,1.000000000000000000e+00,1.000000000000000000e+00,1.000000000000000000e+00,8.272391557693481445e-01,9.554786682128906250e-01,9.828499555587768555e-01,9.862312078475952148e-01,9.897400736808776855e-01,9.811459779739379883e-01,9.769800901412963867e-01,9.889396429061889648e-01,9.894697070121765137e-01,9.935692548751831055e-01,9.966065883636474609e-01,9.925419092178344727e-01,9.928594827651977539e-01,9.950119256973266602e-01,9.949511289596557617e-01,9.949597716331481934e-01,9.946777820587158203e-01,9.967564344406127930e-01,9.980356693267822266e-01,9.979699850082397461e-01,9.996719360351562500e-01,9.997448921203613281e-01,9.998227357864379883e-01,9.995536804199218750e-01,9.992012977600097656e-01,9.996152520179748535e-01,9.999720454216003418e-01,9.990779161453247070e-01,9.999743700027465820e-01,9.997965693473815918e-01,9.987144470214843750e-01
9.999998807907104492e-01,1.000000000000000000e+00,1.000000238418579102e+00,1.000000000000000000e+00,9.999997615814208984e-01,9.999999403953552246e-01,1.000000119209289551e+00,1.000000000000000000e+00,9.999999403953552246e-01,1.000000000000000000e+00,1.000000000000000000e+00,9.999998807907104492e-01,1.000000119209289551e+00,1.000000000000000000e+00,1.000000000000000000e+00,1.000000000000000000e+00,1.000000119209289551e+00,1.000000000000000000e+00,1.000000000000000000e+00,1.000000000000000000e+00,8.284318447113037109e-01,9.633123874664306641e-01,9.845389127731323242e-01,9.843344688415527344e-01,9.893636703491210938e-01,9.808308482170104980e-01,9.784981012344360352e-01,9.895943403244018555e-01,9.895439147949218750e-01,9.945139288902282715e-01,9.970239400863647461e-01,9.940323829650878906e-01,9.929115176200866699e-01,9.957149028778076172e-01,9.948226809501647949e-01,9.954816699028015137e-01,9.948948621749877930e-01,9.969167113304138184e-01,9.982219338417053223e-01,9.979944229125976562e-01,9.995985031127929688e-01,9.996454715728759766e-01,9.997296929359436035e-01,9.993857145309448242e-01,9.991786479949951172e-01,9.994651079177856445e-01,9.999778270721435547e-01,9.987323284149169922e-01,9.999688267707824707e-01,9.997103214263916016e-01,9.981890916824340820e-01
9.999998807907104492e-01,1.000000000000000000e+00,1.000000000000000000e+00,1.000000000000000000e+00,9.999998807907104492e-01,1.000000000000000000e+00,1.000000000000000000e+00,1.000000000000000000e+00,9.999998807907104492e-01,1.000000000000000000e+00,1.000000000000000000e+00,9.999999403953552246e-01,1.000000000000000000e+00,1.000000000000000000e+00,1.000000119209289551e+00,1.000000000000000000e+00,9.999999403953552246e-01,1.000000000000000000e+00,1.000000000000000000e+00,1.000000000000000000e+00,8.353033065795898438e-01,9.681982398033142090e-01,9.864193797111511230e-01,9.848297834396362305e-01,9.904595017433166504e-01,9.834762811660766602e-01,9.817275404930114746e-01,9.914302825927734375e-01,9.911750555038452148e-01,9.950904250144958496e-01,9.976307749748229980e-01,9.944882988929748535e-01,9.944273829460144043e-01,9.964995980262756348e-01,9.959210157394409180e-01,9.948428273200988770e-01,9.954009056091308594e-01,9.976205825805664062e-01,9.984769225120544434e-01,9.984204769134521484e-01,9.995733499526977539e-01,9.995937347412109375e-01,9.996140003204345703e-01,9.993575811386108398e-01,9.990869760513305664e-01,9.993402957916259766e-01,9.999741911888122559e-01,9.989572167396545410e-01,9.999436140060424805e-01,9.996323585510253906e-01,9.972704648971557617e-01
9.999999403953552246e-01,1.000000000000000000e+00,1.000000000000000000e+00,1.000000000000000000e+00,1.000000000000000000e+00,9.999998807907104492e-01,1.000000000000000000e+00,9.999999403953552246e-01,1.000000000000000000e+00,1.000000000000000000e+00,1.000000000000000000e+00,1.000000000000000000e+00,1.000000000000000000e+00,9.999999403953552246e-01,9.999999403953552246e-01,1.000000000000000000e+00,1.000000119209289551e+00,9.999999403953552246e-01,9.999998807907104492e-01,9.999998807907104492e-01,8.431137800216674805e-01,9.761606454849243164e-01,9.868905544281005859e-01,9.874666929244995117e-01,9.910305142402648926e-01,9.787291288375854492e-01,9.858539700508117676e-01,9.919050335884094238e-01,9.922778606414794922e-01,9.956197142601013184e-01,9.980195760726928711e-01,9.951630830764770508e-01,9.948520064353942871e-01,9.962139129638671875e-01,9.958115220069885254e-01,9.956626892089843750e-01,9.956455230712890625e-01,9.974771738052368164e-01,9.982998371124267578e-01,9.986070394515991211e-01,9.996334910392761230e-01,9.994828104972839355e-01,9.995612502098083496e-01,9.993695020675659180e-01,9.991787075996398926e-01,9.989937543869018555e-01,9.999805688858032227e-01,9.992809295654296875e-01,9.999223351478576660e-01,9.993830323219299316e-01,9.964555501937866211e-01
1.000000238418579102e+00,1.000000000000000000e+00,1.000000000000000000e+00,9.999999403953552246e-01,9.999999403953552246e-01,9.999999403953552246e-01,1.000000000000000000e+00,1.000000000000000000e+00,1.000000000000000000e+00,1.000000000000000000e+00,9.999999403953552246e-01,9.999998807907104492e-01,1.000000000000000000e+00,1.000000000000000000e+00,9.999998807907104492e-01,1.000000000000000000e+00,9.999998807907104492e-01,9.999998807907104492e-01,1.000000000000000000e+00,9.999998807907104492e-01,8.643871545791625977e-01,9.757016301155090332e-01,9.854103326797485352e-01,9.870392084121704102e-01,9.883526563644409180e-01,9.728515148162841797e-01,9.849573373794555664e-01,9.902664422988891602e-01,9.913691282272338867e-01,9.949052333831787109e-01,9.965925216674804688e-01,9.949843883514404297e-01,9.947188496589660645e-01,9.958173632621765137e-01,9.959316253662109375e-01,9.961884021759033203e-01,9.956771135330200195e-01,9.972910881042480469e-01,9.982298612594604492e-01,9.986191987991333008e-01,9.995082020759582520e-01,9.991859793663024902e-01,9.990246295928955078e-01,9.988397359848022461e-01,9.988926649093627930e-01,9.978775382041931152e-01,9.999828338623046875e-01,9.993956089019775391e-01,9.999369382858276367e-01,9.986640214920043945e-01,9.917857646942138672e-01
1.000000000000000000e+00,1.000000000000000000e+00,9.999999403953552246e-01,1.000000000000000000e+00,9.999999403953552246e-01,1.000000000000000000e+00,1.000000119209289551e+00,1.000000000000000000e+00,1.000000000000000000e+00,9.999999403953552246e-01,9.999998807907104492e-01,1.000000000000000000e+00,1.000000000000000000e+00,1.000000119209289551e+00,1.000000119209289551e+00,1.000000000000000000e+00,9.999999403953552246e-01,1.000000000000000000e+00,1.000000000000000000e+00,9.999998807907104492e-01,8.769983649253845215e-01,9.791825413703918457e-01,9.869471788406372070e-01,9.875766038894653320e-01,9.894487261772155762e-01,9.772383570671081543e-01,9.851965308189392090e-01,9.896231889724731445e-01,9.921021461486816406e-01,9.954313039779663086e-01,9.964985847473144531e-01,9.943198561668395996e-01,9.955918788909912109e-01,9.963359832763671875e-01,9.957628250122070312e-01,9.963153004646301270e-01,9.951961040496826172e-01,9.976807236671447754e-01,9.984155893325805664e-01,9.988113641738891602e-01,9.994221925735473633e-01,9.990950822830200195e-01,9.989937543869018555e-01,9.987885951995849609e-01,9.985783100128173828e-01,9.977148175239562988e-01,9.999865293502807617e-01,9.994950294494628906e-01,9.999483823776245117e-01,9.986110925674438477e-01,9.912877082824707031e-01
1.000000000000000000e+00,1.000000000000000000e+00,9.999998807907104492e-01,1.000000000000000000e+00,9.999997615814208984e-01,1.000000000000000000e+00,1.000000000000000000e+00,9.999999403953552246e-01,9.999999403953552246e-01,9.999999403953552246e-01,1.000000000000000000e+00,1.000000000000000000e+00,1.000000000000000000e+00,1.000000000000000000e+00,1.000000000000000000e+00,1.000000000000000000e+00,9.999999403953552246e-01,1.000000000000000000e+00,9.999998807907104492e-01,9.999999403953552246e-01,8.916105031967163086e-01,9.810251593589782715e-01,9.879500269889831543e-01,9.875442385673522949e-01,9.899899959564208984e-01,9.724437594413757324e-01,9.866651296615600586e-01,9.916602373123168945e-01,9.933862686157226562e-01,9.961366653442382812e-01,9.974638223648071289e-01,9.952659606933593750e-01,9.960373640060424805e-01,9.968078136444091797e-01,9.961880445480346680e-01,9.977904558181762695e-01,9.954956769943237305e-01,9.980118870735168457e-01,9.987229108810424805e-01,9.988893270492553711e-01,9.992113113403320312e-01,9.989353418350219727e-01,9.988574981689453125e-01,9.986894726753234863e-01,9.982917904853820801e-01,9.979661703109741211e-01,9.999703168869018555e-01,9.995760917663574219e-01,9.999510645866394043e-01,9.983840584754943848e-01,9.168126583099365234e-01
1.000000119209289551e+00,9.999999403953552246e-01,9.999999403953552246e-01,9.999998807907104492e-01,9.999999403953552246e-01,1.000000119209289551e+00,1.000000000000000000e+00,1.000000000000000000e+00,1.000000000000000000e+00,1.000000000000000000e+00,1.000000000000000000e+00,1.000000000000000000e+00,1.000000000000000000e+00,1.000000238418579102e+00,9.999998807907104492e-01,1.000000000000000000e+00,9.999998807907104492e-01,1.000000119209289551e+00,1.000000119209289551e+00,9.999998807907104492e-01,8.998880982398986816e-01,9.836372137069702148e-01,9.896320104598999023e-01,9.892119169235229492e-01,9.907654523849487305e-01,9.729775190353393555e-01,9.870924949645996094e-01,9.926217794418334961e-01,9.943949580192565918e-01,9.968186616897583008e-01,9.980206489562988281e-01,9.959018826484680176e-01,9.962053894996643066e-01,9.973529577255249023e-01,9.966274499893188477e-01,9.983336925506591797e-01,9.962834715843200684e-01,9.983167052268981934e-01,9.989573359489440918e-01,9.990222454071044922e-01,9.989204406738281250e-01,9.987577199935913086e-01,9.987170100212097168e-01,9.984670877456665039e-01,9.979548454284667969e-01,9.979481101036071777e-01,9.999779462814331055e-01,9.996827244758605957e-01,9.999612569808959961e-01,9.984675645828247070e-01,8.411346673965454102e-01
9.999998807907104492e-01,1.000000000000000000e+00,1.000000000000000000e+00,1.000000000000000000e+00,1.000000000000000000e+00,1.000000000000000000e+00,9.999999403953552246e-01,1.000000119209289551e+00,1.000000000000000000e+00,1.000000000000000000e+00,9.999998807907104492e-01,9.999999403953552246e-01,1.000000000000000000e+00,9.999999403953552246e-01,1.000000119209289551e+00,1.000000000000000000e+00,9.999998807907104492e-01,1.000000000000000000e+00,1.000000000000000000e+00,1.000000119209289551e+00,9.234718084335327148e-01,9.872431755065917969e-01,9.899252653121948242e-01,9.890331029891967773e-01,9.923740625381469727e-01,9.771298170089721680e-01,9.888566136360168457e-01,9.933220148086547852e-01,9.951628446578979492e-01,9.969648122787475586e-01,9.984998703002929688e-01,9.965997934341430664e-01,9.966850876808166504e-01,9.978358745574951172e-01,9.971866607666015625e-01,9.987852573394775391e-01,9.971184134483337402e-01,9.987794160842895508e-01,9.991675615310668945e-01,9.991759061813354492e-01,9.987814426422119141e-01,9.987407922744750977e-01,9.985011816024780273e-01,9.982068538665771484e-01,9.977300167083740234e-01,9.978636503219604492e-01,9.999815225601196289e-01,9.996851682662963867e-01,9.999707937240600586e-01,9.987199306488037109e-01,8.412964344024658203e-01
1.000000000000000000e+00,9.999998807907104492e-01,9.999998807907104492e-01,1.000000000000000000e+00,9.999999403953552246e-01,9.999999403953552246e-01,1.000000119209289551e+00,9.999998807907104492e-01,9.999998807907104492e-01,1.000000000000000000e+00,1.000000119209289551e+00,1.000000238418579102e+00,1.000000000000000000e+00,1.000000119209289551e+00,9.999998807907104492e-01,1.000000000000000000e+00,1.000000000000000000e+00,1.000000119209289551e+00,1.000000000000000000e+00,9.999999403953552246e-01,9.289181828498840332e-01,9.870702028274536133e-01,9.927515983581542969e-01,9.888794422149658203e-01,9.925199151039123535e-01,9.850881099700927734e-01,9.894890785217285156e-01,9.942003488540649414e-01,9.949973225593566895e-01,9.974852800369262695e-01,9.986025691032409668e-01,9.971151351928710938e-01,9.965304136276245117e-01,9.982360005378723145e-01,9.978023171424865723e-01,9.988179802894592285e-01,9.969958662986755371e-01,9.987530708312988281e-01,9.990529417991638184e-01,9.993246197700500488e-01,9.983807206153869629e-01,9.986456632614135742e-01,9.984185695648193359e-01,9.982297420501708984e-01,9.974448680877685547e-01,9.983488321304321289e-01,9.999800920486450195e-01,9.997658729553222656e-01,9.999718666076660156e-01,9.989197254180908203e-01,8.686059117317199707e-01
1.000000119209289551e+00,9.999999403953552246e-01,1.000000000000000000e+00,1.000000000000000000e+00,9.999999403953552246e-01,1.000000000000000000e+00,9.999998807907104492e-01,1.000000000000000000e+00,1.000000000000000000e+00,1.000000000000000000e+00,1.000000119209289551e+00,1.000000119209289551e+00,1.000000000000000000e+00,1.000000238418579102e+00,1.000000000000000000e+00,9.999999403953552246e-01,1.000000238418579102e+00,9.999998211860656738e-01,9.999998807907104492e-01,9.999999403953552246e-01,9.377523660659790039e-01,9.880881309509277344e-01,9.948410987854003906e-01,9.917480945587158203e-01,9.938775300979614258e-01,9.907943606376647949e-01,9.903306961059570312e-01,9.954982399940490723e-01,9.951952099800109863e-01,9.980993866920471191e-01,9.989470839500427246e-01,9.977622032165527344e-01,9.966068863868713379e-01,9.987988471984863281e-01,9.984601736068725586e-01,9.988508820533752441e-01,9.972084760665893555e-01,9.989628791809082031e-01,9.992440938949584961e-01,9.994556903839111328e-01,9.982614517211914062e-01,9.987480640411376953e-01,9.986519813537597656e-01,9.984437823295593262e-01,9.975575208663940430e-01,9.987972974777221680e-01,9.999806284904479980e-01,9.997170567512512207e-01,9.999715685844421387e-01,9.992252588272094727e-01,8.856102228164672852e-01
9.999999403953552246e-01,9.999999403953552246e-01,9.999998807907104492e-01,9.999998807907104492e-01,1.000000000000000000e+00,1.000000000000000000e+00,1.000000119209289551e+00,9.999998807907104492e-01,9.999998807907104492e-01,1.000000000000000000e+00,1.000000000000000000e+00,9.999999403953552246e-01,1.000000119209289551e+00,1.000000000000000000e+00,9.999998807907104492e-01,1.000000000000000000e+00,1.000000000000000000e+00,9.999999403953552246e-01,1.000000000000000000e+00,1.000000000000000000e+00,9.349623322486877441e-01,9.781339764595031738e-01,9.894345998764038086e-01,9.895088672637939453e-01,9.929293394088745117e-01,9.922401309013366699e-01,9.885937571525573730e-01,9.946405887603759766e-01,9.942198991775512695e-01,9.961512088775634766e-01,9.983536601066589355e-01,9.968692064285278320e-01,9.971932768821716309e-01,9.979561567306518555e-01,9.971511363983154297e-01,9.967947006225585938e-01,9.967143535614013672e-01,9.987164735794067383e-01,9.987834692001342773e-01,9.983356595039367676e-01,9.962522983551025391e-01,9.971851110458374023e-01,9.972561597824096680e-01,9.962116479873657227e-01,9.952901601791381836e-01,9.958661198616027832e-01,9.999534487724304199e-01,9.996963143348693848e-01,9.999436140060424805e-01,9.965854883193969727e-01,7.102076411247253418e-01
