0.000000000000000000e+00,0.000000000000000000e+00,0.000000000000000000e+00,0.000000000000000000e+00,0.000000000000000000e+00,0.000000000000000000e+00,0.000000000000000000e+00,0.000000000000000000e+00,0.000000000000000000e+00,0.000000000000000000e+00,0.000000000000000000e+00,0.000000000000000000e+00,0.000000000000000000e+00,0.000000000000000000e+00,0.000000000000000000e+00,0.000000000000000000e+00,0.000000000000000000e+00,0.000000000000000000e+00,0.000000000000000000e+00,0.000000000000000000e+00,1.287637424468994141e+01,2.311107158660888672e+00,6.705090999603271484e-01,1.629942059516906738e-01,9.519065171480178833e-02,1.051265522837638855e-01,4.910519719123840332e-01,1.155055463314056396e-01,6.687203794717788696e-02,6.351519376039505005e-02,1.077871546149253845e-01,3.984734416007995605e-02,5.443288385868072510e-02,2.124163694679737091e-02,7.939711213111877441e-02,1.213122531771659851e-02,1.447582244873046875e-02,4.314464703202247620e-02,3.380929306149482727e-02,9.191938489675521851e-02,7.433456927537918091e-02,1.061252597719430923e-02,1.931808888912200928e-02,5.477752536535263062e-02,2.466351911425590515e-02,5.110022053122520447e-02,9.366622567176818848e-02,2.932248078286647797e-02,1.081573870033025742e-02,7.269453722983598709e-03,2.718469686806201935e-02
0.000000000000000000e+00,0.000000000000000000e+00,0.000000000000000000e+00,0.000000000000000000e+00,0.000000000000000000e+00,0.000000000000000000e+00,0.000000000000000000e+00,0.000000000000000000e+00,0.000000000000000000e+00,0.000000000000000000e+00,0.000000000000000000e+00,0.000000000000000000e+00,0.000000000000000000e+00,0.000000000000000000e+00,0.000000000000000000e+00,0.000000000000000000e+00,0.000000000000000000e+00,0.000000000000000000e+00,0.000000000000000000e+00,0.000000000000000000e+00,1.388315296173095703e+01,5.067660331726074219e+00,1.040049552917480469e+00,4.512793123722076416e-01,2.565312087535858154e-01,2.942879498004913330e-01,1.344362378120422363e+00,2.777006626129150391e-01,2.390803843736648560e-01,2.053618282079696655e-01,1.863110065460205078e-01,1.296943575143814087e-01,1.601242274045944214e-01,9.174021333456039429e-02,1.135904714465141296e-01,1.186857596039772034e-01,1.178549826145172119e-01,7.792353630065917969e-02,7.326034456491470337e-02,1.345968693494796753e-01,1.121135726571083069e-01,6.323936581611633301e-02,6.114837527275085449e-02,8.752422034740447998e-02,1.153699085116386414e-01,9.157808125019073486e-02,1.268964260816574097e-01,7.969704270362854004e-02,8.748477697372436523e-02,1.399712562561035156e-01,6.138304620981216431e-02
0.000000000000000000e+00,0.000000000000000000e+00,0.000000000000000000e+00,0.000000000000000000e+00,0.000000000000000000e+00,0.000000000000000000e+00,0.000000000000000000e+00,0.000000000000000000e+00,0.000000000000000000e+00,0.000000000000000000e+00,0.000000000000000000e+00,0.000000000000000000e+00,0.000000000000000000e+00,0.000000000000000000e+00,0.000000000000000000e+00,0.000000000000000000e+00,0.000000000000000000e+00,0.000000000000000000e+00,0.000000000000000000e+00,0.000000000000000000e+00,1.619168281555175781e+01,6.510637283325195312e+00,1.778035283088684082e+00,9.275539517402648926e-01,6.418124437332153320e-01,1.788401484489440918e+00,2.889145612716674805e+00,8.889848589897155762e-01,6.519489884376525879e-01,5.773713588714599609e-01,5.530186891555786133e-01,8.097490668296813965e-01,3.558376729488372803e-01,1.500195711851119995e-01,1.696841567754745483e-01,2.604796588420867920e-01,2.260948717594146729e-01,1.346213668584823608e-01,1.664904654026031494e-01,6.095705032348632812e-01,1.781573593616485596e-01,1.072366535663604736e-01,1.682167798280715942e-01,1.202924773097038269e-01,2.417499274015426636e-01,2.608980536460876465e-01,1.468371450901031494e-01,2.546663284301757812e-01,1.064492985606193542e-01,1.950561106204986572e-01,1.899410188198089600e-01
0.000000000000000000e+00,0.000000000000000000e+00,0.000000000000000000e+00,0.000000000000000000e+00,0.000000000000000000e+00,0.000000000000000000e+00,0.000000000000000000e+00,0.000000000000000000e+00,0.000000000000000000e+00,0.000000000000000000e+00,0.000000000000000000e+00,0.000000000000000000e+00,0.000000000000000000e+00,0.000000000000000000e+00,0.000000000000000000e+00,0.000000000000000000e+00,0.000000000000000000e+00,0.000000000000000000e+00,0.000000000000000000e+00,0.000000000000000000e+00,2.254571533203125000e+01,6.280468940734863281e+00,2.161879777908325195e+00,1.288872003555297852e+00,1.313123464584350586e+00,2.014988422393798828e+00,3.013825893402099609e+00,1.187246203422546387e+00,1.179857611656188965e+00,6.845746040344238281e-01,7.287647724151611328e-01,8.734377622604370117e-01,6.300362944602966309e-01,3.176694214344024658e-01,2.838727533817291260e-01,5.047926902770996094e-01,5.004843473434448242e-01,2.315614521503448486e-01,2.213892936706542969e-01,7.204545736312866211e-01,2.513759136199951172e-01,1.725091934204101562e-01,1.807610392570495605e-01,1.997484564781188965e-01,5.007461309432983398e-01,4.026659429073333740e-01,1.766497939825057983e-01,3.112192153930664062e-01,1.246698349714279175e-01,2.236796766519546509e-01,2.826184928417205811e-01
0.000000000000000000e+00,0.000000000000000000e+00,0.000000000000000000e+00,0.000000000000000000e+00,0.000000000000000000e+00,0.000000000000000000e+00,0.000000000000000000e+00,0.000000000000000000e+00,0.000000000000000000e+00,0.000000000000000000e+00,0.000000000000000000e+00,0.000000000000000000e+00,0.000000000000000000e+00,0.000000000000000000e+00,0.000000000000000000e+00,0.000000000000000000e+00,0.000000000000000000e+00,0.000000000000000000e+00,0.000000000000000000e+00,0.000000000000000000e+00,2.326504707336425781e+01,1.238835144042968750e+01,3.316958665847778320e+00,1.456798911094665527e+00,1.677528858184814453e+00,2.655953168869018555e+00,4.829931259155273438e+00,1.380257487297058105e+00,2.054205179214477539e+00,6.965587139129638672e-01,6.817944645881652832e-01,8.708643317222595215e-01,1.150345325469970703e+00,3.863633871078491211e-01,4.180431067943572998e-01,7.986267209053039551e-01,7.325539588928222656e-01,3.085835278034210205e-01,2.565377950668334961e-01,6.421801447868347168e-01,2.811890542507171631e-01,2.021348923444747925e-01,2.083885818719863892e-01,2.205484807491302490e-01,5.416391491889953613e-01,3.921121060848236084e-01,1.863143295049667358e-01,3.417118787765502930e-01,1.273182779550552368e-01,2.248465865850448608e-01,2.882722914218902588e-01
0.000000000000000000e+00,0.000000000000000000e+00,0.000000000000000000e+00,0.000000000000000000e+00,0.000000000000000000e+00,0.000000000000000000e+00,0.000000000000000000e+00,0.000000000000000000e+00,0.000000000000000000e+00,0.000000000000000000e+00,0.000000000000000000e+00,0.000000000000000000e+00,0.000000000000000000e+00,0.000000000000000000e+00,0.000000000000000000e+00,0.000000000000000000e+00,0.000000000000000000e+00,0.000000000000000000e+00,0.000000000000000000e+00,0.000000000000000000e+00,2.311355590820312500e+01,1.316654300689697266e+01,3.416502237319946289e+00,1.754276275634765625e+00,2.194792747497558594e+00,2.818457365036010742e+00,5.426298141479492188e+00,1.339326620101928711e+00,2.772580623626708984e+00,9.481018781661987305e-01,9.359176754951477051e-01,9.985301494598388672e-01,1.609615445137023926e+00,4.228790104389190674e-01,5.096803903579711914e-01,8.446791172027587891e-01,1.195519089698791504e+00,4.531035125255584717e-01,3.483548462390899658e-01,7.823078632354736328e-01,2.907244563102722168e-01,2.065395116806030273e-01,1.800165027379989624e-01,1.943987309932708740e-01,5.525336265563964844e-01,4.021233916282653809e-01,1.817106306552886963e-01,4.411311149597167969e-01,1.267256885766983032e-01,2.298889160156250000e-01,3.752582371234893799e-01
0.000000000000000000e+00,0.000000000000000000e+00,0.000000000000000000e+00,0.000000000000000000e+00,0.000000000000000000e+00,0.000000000000000000e+00,0.000000000000000000e+00,0.000000000000000000e+00,0.000000000000000000e+00,0.000000000000000000e+00,0.000000000000000000e+00,0.000000000000000000e+00,0.000000000000000000e+00,0.000000000000000000e+00,0.000000000000000000e+00,0.000000000000000000e+00,0.000000000000000000e+00,0.000000000000000000e+00,0.000000000000000000e+00,0.000000000000000000e+00,2.644565963745117188e+01,1.361055469512939453e+01,3.920165300369262695e+00,2.759319067001342773e+00,3.339905977249145508e+00,3.582922697067260742e+00,6.278752803802490234e+00,1.451846837997436523e+00,3.301430940628051758e+00,9.579444527626037598e-01,1.073364973068237305e+00,2.103105545043945312e+00,1.784515619277954102e+00,6.178508400917053223e-01,7.057809829711914062e-01,8.804298043251037598e-01,1.142738938331604004e+00,6.810823678970336914e-01,5.499563217163085938e-01,6.635626554489135742e-01,4.135078191757202148e-01,3.082014322280883789e-01,2.463113665580749512e-01,2.807667851448059082e-01,8.107491135597229004e-01,3.927602171897888184e-01,1.879918277263641357e-01,4.242506623268127441e-01,1.307181715965270996e-01,2.328561097383499146e-01,4.012574553489685059e-01
0.000000000000000000e+00,0.000000000000000000e+00,0.000000000000000000e+00,0.000000000000000000e+00,0.000000000000000000e+00,0.000000000000000000e+00,0.000000000000000000e+00,0.000000000000000000e+00,0.000000000000000000e+00,0.000000000000000000e+00,0.000000000000000000e+00,0.000000000000000000e+00,0.000000000000000000e+00,0.000000000000000000e+00,0.000000000000000000e+00,0.000000000000000000e+00,0.000000000000000000e+00,0.000000000000000000e+00,0.000000000000000000e+00,0.000000000000000000e+00,2.813997459411621094e+01,1.438571739196777344e+01,4.447386264801025391e+00,4.001950263977050781e+00,3.665879964828491211e+00,4.007678508758544922e+00,5.743176937103271484e+00,1.812770724296569824e+00,3.508939504623413086e+00,1.331119418144226074e+00,1.238322496414184570e+00,1.866289973258972168e+00,1.753891587257385254e+00,7.758595347404479980e-01,1.078559398651123047e+00,9.739731550216674805e-01,1.473780035972595215e+00,1.058134675025939941e+00,7.214668989181518555e-01,7.500870823860168457e-01,4.918562769889831543e-01,3.323728442192077637e-01,2.817447781562805176e-01,3.115458488464355469e-01,8.453158140182495117e-01,4.479960203170776367e-01,2.413791269063949585e-01,5.039814114570617676e-01,1.816428750753402710e-01,2.831020653247833252e-01,4.673581421375274658e-01
0.000000000000000000e+00,0.000000000000000000e+00,0.000000000000000000e+00,0.000000000000000000e+00,0.000000000000000000e+00,0.000000000000000000e+00,0.000000000000000000e+00,0.000000000000000000e+00,0.000000000000000000e+00,0.000000000000000000e+00,0.000000000000000000e+00,0.000000000000000000e+00,0.000000000000000000e+00,0.000000000000000000e+00,0.000000000000000000e+00,0.000000000000000000e+00,0.000000000000000000e+00,0.000000000000000000e+00,0.000000000000000000e+00,0.000000000000000000e+00,2.974303436279296875e+01,1.569441509246826172e+01,1.219675254821777344e+01,5.893158435821533203e+00,4.316502094268798828e+00,5.214061737060546875e+00,6.916234493255615234e+00,2.946623086929321289e+00,5.830371379852294922e+00,2.078662157058715820e+00,1.419088006019592285e+00,2.960379838943481445e+00,3.191611528396606445e+00,1.011486411094665527e+00,1.285501599311828613e+00,1.846920847892761230e+00,2.680099964141845703e+00,1.388236522674560547e+00,9.532367587089538574e-01,9.664271473884582520e-01,4.953106939792633057e-01,3.380722403526306152e-01,3.519947230815887451e-01,3.736932277679443359e-01,9.174615144729614258e-01,4.747831523418426514e-01,2.576915323734283447e-01,5.690618157386779785e-01,1.822542101144790649e-01,2.876230180263519287e-01,6.035874485969543457e-01
0.000000000000000000e+00,0.000000000000000000e+00,0.000000000000000000e+00,0.000000000000000000e+00,0.000000000000000000e+00,0.000000000000000000e+00,0.000000000000000000e+00,0.000000000000000000e+00,0.000000000000000000e+00,0.000000000000000000e+00,0.000000000000000000e+00,0.000000000000000000e+00,0.000000000000000000e+00,0.000000000000000000e+00,0.000000000000000000e+00,0.000000000000000000e+00,0.000000000000000000e+00,0.000000000000000000e+00,0.000000000000000000e+00,0.000000000000000000e+00,3.028740882873535156e+01,1.638625526428222656e+01,1.267615890502929688e+01,6.513216972351074219e+00,4.877597808837890625e+00,5.968730449676513672e+00,9.517295837402343750e+00,5.379253387451171875e+00,6.475675582885742188e+00,4.425193309783935547e+00,1.756742835044860840e+00,3.140745162963867188e+00,3.365288019180297852e+00,1.683200955390930176e+00,1.782121658325195312e+00,2.375960588455200195e+00,3.296611785888671875e+00,1.822817802429199219e+00,1.263138651847839355e+00,1.334907293319702148e+00,5.059625506401062012e-01,3.885008990764617920e-01,4.006730020046234131e-01,4.102569222450256348e-01,1.133496999740600586e+00,5.495409965515136719e-01,2.737806439399719238e-01,6.622614264488220215e-01,2.095422744750976562e-01,2.969419658184051514e-01,5.694432258605957031e-01
0.000000000000000000e+00,0.000000000000000000e+00,0.000000000000000000e+00,0.000000000000000000e+00,0.000000000000000000e+00,0.000000000000000000e+00,0.000000000000000000e+00,0.000000000000000000e+00,0.000000000000000000e+00,0.000000000000000000e+00,0.000000000000000000e+00,0.000000000000000000e+00,0.000000000000000000e+00,0.000000000000000000e+00,0.000000000000000000e+00,0.000000000000000000e+00,0.000000000000000000e+00,0.000000000000000000e+00,0.000000000000000000e+00,0.000000000000000000e+00,3.118546104431152344e+01,1.573289299011230469e+01,1.155914402008056641e+01,8.006840705871582031e+00,5.656720161437988281e+00,7.653959751129150391e+00,9.047451019287109375e+00,6.454590797424316406e+00,6.716410160064697266e+00,5.106941223144531250e+00,2.952504158020019531e+00,4.334498405456542969e+00,3.940254211425781250e+00,2.576570034027099609e+00,3.024303436279296875e+00,3.260703086853027344e+00,4.181437015533447266e+00,2.961535453796386719e+00,2.763797760009765625e+00,2.094201564788818359e+00,5.779869556427001953e-01,5.946547389030456543e-01,5.372328758239746094e-01,5.855304598808288574e-01,1.196868062019348145e+00,7.840910553932189941e-01,3.077820241451263428e-01,1.025492787361145020e+00,2.134132832288742065e-01,3.551684916019439697e-01,6.756853461265563965e-01
0.000000000000000000e+00,0.000000000000000000e+00,0.000000000000000000e+00,0.000000000000000000e+00,0.000000000000000000e+00,0.000000000000000000e+00,0.000000000000000000e+00,0.000000000000000000e+00,0.000000000000000000e+00,0.000000000000000000e+00,0.000000000000000000e+00,0.000000000000000000e+00,0.000000000000000000e+00,0.000000000000000000e+00,0.000000000000000000e+00,0.000000000000000000e+00,0.000000000000000000e+00,0.000000000000000000e+00,0.000000000000000000e+00,0.000000000000000000e+00,3.248265838623046875e+01,1.655194282531738281e+01,1.126028537750244141e+01,8.174465179443359375e+00,6.243830680847167969e+00,9.485383033752441406e+00,8.991844177246093750e+00,6.331043720245361328e+00,6.972615242004394531e+00,4.921140193939208984e+00,3.157409191131591797e+00,4.393073081970214844e+00,4.195357322692871094e+00,2.763990163803100586e+00,3.098396539688110352e+00,3.505715847015380859e+00,4.269242763519287109e+00,3.149650812149047852e+00,2.713023424148559570e+00,2.222866058349609375e+00,7.588641643524169922e-01,6.027120947837829590e-01,6.360437273979187012e-01,6.962661743164062500e-01,1.427510619163513184e+00,7.081706523895263672e-01,3.263607919216156006e-01,1.014365553855895996e+00,2.492279410362243652e-01,4.337803423404693604e-01,8.452458977699279785e-01
0.000000000000000000e+00,0.000000000000000000e+00,0.000000000000000000e+00,0.000000000000000000e+00,0.000000000000000000e+00,0.000000000000000000e+00,0.000000000000000000e+00,0.000000000000000000e+00,0.000000000000000000e+00,0.000000000000000000e+00,0.000000000000000000e+00,0.000000000000000000e+00,0.000000000000000000e+00,0.000000000000000000e+00,0.000000000000000000e+00,0.000000000000000000e+00,0.000000000000000000e+00,0.000000000000000000e+00,0.000000000000000000e+00,0.000000000000000000e+00,3.371179199218750000e+01,1.742151069641113281e+01,1.099386882781982422e+01,8.231103897094726562e+00,6.648993015289306641e+00,1.064676475524902344e+01,1.091688156127929688e+01,6.521289825439453125e+00,7.511790752410888672e+00,4.783306598663330078e+00,3.168092727661132812e+00,4.802947044372558594e+00,5.212167263031005859e+00,2.937531471252441406e+00,3.256152629852294922e+00,3.873678684234619141e+00,4.172748565673828125e+00,3.143580436706542969e+00,2.558579683303833008e+00,2.144265651702880859e+00,8.993523120880126953e-01,6.715844273567199707e-01,6.131777763366699219e-01,7.157443761825561523e-01,1.573559165000915527e+00,7.516347765922546387e-01,3.080618083477020264e-01,1.049711704254150391e+00,2.490635514259338379e-01,4.685738980770111084e-01,8.055185079574584961e-01
0.000000000000000000e+00,0.000000000000000000e+00,0.000000000000000000e+00,0.000000000000000000e+00,0.000000000000000000e+00,0.000000000000000000e+00,0.000000000000000000e+00,0.000000000000000000e+00,0.000000000000000000e+00,0.000000000000000000e+00,0.000000000000000000e+00,0.000000000000000000e+00,0.000000000000000000e+00,0.000000000000000000e+00,0.000000000000000000e+00,0.000000000000000000e+00,0.000000000000000000e+00,0.000000000000000000e+00,0.000000000000000000e+00,0.000000000000000000e+00,3.369229125976562500e+01,1.932558441162109375e+01,1.192229843139648438e+01,9.043828010559082031e+00,7.808865070343017578e+00,1.062515735626220703e+01,1.189053726196289062e+01,7.721742153167724609e+00,8.478250503540039062e+00,5.479338169097900391e+00,3.620604515075683594e+00,5.493160247802734375e+00,6.133501052856445312e+00,3.565807342529296875e+00,3.636886119842529297e+00,4.227036952972412109e+00,4.494591712951660156e+00,3.982510328292846680e+00,3.045224428176879883e+00,2.629438877105712891e+00,1.157888174057006836e+00,9.417866468429565430e-01,8.224551081657409668e-01,9.510661959648132324e-01,1.793233513832092285e+00,1.022266507148742676e+00,4.520435929298400879e-01,1.373453617095947266e+00,2.933543026447296143e-01,5.731011033058166504e-01,1.035530328750610352e+00
0.000000000000000000e+00,0.000000000000000000e+00,0.000000000000000000e+00,0.000000000000000000e+00,0.000000000000000000e+00,0.000000000000000000e+00,0.000000000000000000e+00,0.000000000000000000e+00,0.000000000000000000e+00,0.000000000000000000e+00,0.000000000000000000e+00,0.000000000000000000e+00,0.000000000000000000e+00,0.000000000000000000e+00,0.000000000000000000e+00,0.000000000000000000e+00,0.000000000000000000e+00,0.000000000000000000e+00,0.000000000000000000e+00,0.000000000000000000e+00,3.488488006591796875e+01,1.878101921081542969e+01,1.131439113616943359e+01,9.181080818176269531e+00,8.408390045166015625e+00,1.158386516571044922e+01,1.309662914276123047e+01,8.822126388549804688e+00,9.414887428283691406e+00,6.125260829925537109e+00,3.734769582748413086e+00,5.646150588989257812e+00,6.581858634948730469e+00,3.548827886581420898e+00,4.584600448608398438e+00,5.183749198913574219e+00,5.696791172027587891e+00,4.312005519866943359e+00,3.058270215988159180e+00,2.626971006393432617e+00,1.126162409782409668e+00,9.629219174385070801e-01,8.327741026878356934e-01,9.820845723152160645e-01,1.919344186782836914e+00,1.065972566604614258e+00,4.497477412223815918e-01,1.497115373611450195e+00,3.120588064193725586e-01,7.123032212257385254e-01,1.021921038627624512e+00
0.000000000000000000e+00,0.000000000000000000e+00,0.000000000000000000e+00,0.000000000000000000e+00,0.000000000000000000e+00,0.000000000000000000e+00,0.000000000000000000e+00,0.000000000000000000e+00,0.000000000000000000e+00,0.000000000000000000e+00,0.000000000000000000e+00,0.000000000000000000e+00,0.000000000000000000e+00,0.000000000000000000e+00,0.000000000000000000e+00,0.000000000000000000e+00,0.000000000000000000e+00,0.000000000000000000e+00,0.000000000000000000e+00,0.000000000000000000e+00,3.502974700927734375e+01,1.868111038208007812e+01,1.128050613403320312e+01,9.175396919250488281e+00,7.827334880828857422e+00,1.199390411376953125e+01,1.281114387512207031e+01,8.848090171813964844e+00,9.376564025878906250e+00,6.438444137573242188e+00,4.337096214294433594e+00,5.787401199340820312e+00,6.626772403717041016e+00,4.126728534698486328e+00,4.952776908874511719e+00,5.657375335693359375e+00,5.851059913635253906e+00,4.364862442016601562e+00,3.185756921768188477e+00,2.961245775222778320e+00,1.279100060462951660e+00,1.096476078033447266e+00,1.057261943817138672e+00,1.561957716941833496e+00,2.225673913955688477e+00,1.529750466346740723e+00,5.299388170242309570e-01,1.990401029586791992e+00,3.763138651847839355e-01,9.996758699417114258e-01,2.042113065719604492e+00
0.000000000000000000e+00,0.000000000000000000e+00,0.000000000000000000e+00,0.000000000000000000e+00,0.000000000000000000e+00,0.000000000000000000e+00,0.000000000000000000e+00,0.000000000000000000e+00,0.000000000000000000e+00,0.000000000000000000e+00,0.000000000000000000e+00,0.000000000000000000e+00,0.000000000000000000e+00,0.000000000000000000e+00,0.000000000000000000e+00,0.000000000000000000e+00,0.000000000000000000e+00,0.000000000000000000e+00,0.000000000000000000e+00,0.000000000000000000e+00,3.504693222045898438e+01,1.891350555419921875e+01,1.104088783264160156e+01,9.671575546264648438e+00,8.526485443115234375e+00,1.192978191375732422e+01,1.238084220886230469e+01,8.662050247192382812e+00,9.326055526733398438e+00,6.487484455108642578e+00,4.550216674804687500e+00,6.715678215026855469e+00,6.908341407775878906e+00,5.326101303100585938e+00,5.701437950134277344e+00,6.329283714294433594e+00,6.165912628173828125e+00,4.761477470397949219e+00,3.527124404907226562e+00,3.612351179122924805e+00,1.447438955307006836e+00,1.388149261474609375e+00,1.130055308341979980e+00,1.882565140724182129e+00,2.333112716674804688e+00,1.673492550849914551e+00,5.143619775772094727e-01,2.324344873428344727e+00,4.166024327278137207e-01,1.228715658187866211e+00,3.015635967254638672e+00
0.000000000000000000e+00,0.000000000000000000e+00,0.000000000000000000e+00,0.000000000000000000e+00,0.000000000000000000e+00,0.000000000000000000e+00,0.000000000000000000e+00,0.000000000000000000e+00,0.000000000000000000e+00,0.000000000000000000e+00,0.000000000000000000e+00,0.000000000000000000e+00,0.000000000000000000e+00,0.000000000000000000e+00,0.000000000000000000e+00,0.000000000000000000e+00,0.000000000000000000e+00,0.000000000000000000e+00,0.000000000000000000e+00,0.000000000000000000e+00,3.506765365600585938e+01,1.834661865234375000e+01,1.137406253814697266e+01,1.081591606140136719e+01,9.416668891906738281e+00,1.243863773345947266e+01,1.263434982299804688e+01,9.249499320983886719e+00,9.667085647583007812e+00,6.625215530395507812e+00,4.589564323425292969e+00,6.631256580352783203e+00,7.612128257751464844e+00,5.438757419586181641e+00,5.875041007995605469e+00,6.397458553314208984e+00,6.570072650909423828e+00,4.893990516662597656e+00,3.675846815109252930e+00,3.600026130676269531e+00,1.714748620986938477e+00,1.677975654602050781e+00,1.445002317428588867e+00,2.272102832794189453e+00,2.500840902328491211e+00,1.912920713424682617e+00,5.024515986442565918e-01,2.639541625976562500e+00,4.887343645095825195e-01,1.535865068435668945e+00,3.433699369430541992e+00
0.000000000000000000e+00,0.000000000000000000e+00,0.000000000000000000e+00,0.000000000000000000e+00,0.000000000000000000e+00,0.000000000000000000e+00,0.000000000000000000e+00,0.000000000000000000e+00,0.000000000000000000e+00,0.000000000000000000e+00,0.000000000000000000e+00,0.000000000000000000e+00,0.000000000000000000e+00,0.000000000000000000e+00,0.000000000000000000e+00,0.000000000000000000e+00,0.000000000000000000e+00,0.000000000000000000e+00,0.000000000000000000e+00,0.000000000000000000e+00,3.783435058593750000e+01,1.874074363708496094e+01,1.181239128112792969e+01,1.148674488067626953e+01,1.021023273468017578e+01,1.318486595153808594e+01,1.287507820129394531e+01,9.727335929870605469e+00,9.811337471008300781e+00,6.983599185943603516e+00,4.693048477172851562e+00,7.203578472137451172e+00,7.559884071350097656e+00,5.781807422637939453e+00,5.646745204925537109e+00,6.478614330291748047e+00,6.583145618438720703e+00,5.339926719665527344e+00,3.999655008316040039e+00,3.707079648971557617e+00,1.955260276794433594e+00,1.904650688171386719e+00,1.816305518150329590e+00,2.583746433258056641e+00,2.878303050994873047e+00,2.280113697052001953e+00,6.151136755943298340e-01,2.824238538742065430e+00,7.013629078865051270e-01,1.866004705429077148e+00,4.324654579162597656e+00
0.000000000000000000e+00,0.000000000000000000e+00,0.000000000000000000e+00,0.000000000000000000e+00,0.000000000000000000e+00,0.000000000000000000e+00,0.000000000000000000e+00,0.000000000000000000e+00,0.000000000000000000e+00,0.000000000000000000e+00,0.000000000000000000e+00,0.000000000000000000e+00,0.000000000000000000e+00,0.000000000000000000e+00,0.000000000000000000e+00,0.000000000000000000e+00,0.000000000000000000e+00,0.000000000000000000e+00,0.000000000000000000e+00,0.000000000000000000e+00,4.205072784423828125e+01,1.931288909912109375e+01,1.209052658081054688e+01,1.243427562713623047e+01,1.102150630950927734e+01,1.580360603332519531e+01,1.324821758270263672e+01,1.023439216613769531e+01,1.041070652008056641e+01,6.947289466857910156e+00,4.651556015014648438e+00,7.538442134857177734e+00,8.047917366027832031e+00,6.103803157806396484e+00,5.874692916870117188e+00,6.864218235015869141e+00,7.408101558685302734e+00,6.042343616485595703e+00,4.514222145080566406e+00,3.857729196548461914e+00,2.030968427658081055e+00,2.277113676071166992e+00,2.071835756301879883e+00,2.854048490524291992e+00,3.312135457992553711e+00,2.598861694335937500e+00,6.269814968109130859e-01,2.837329387664794922e+00,8.665878772735595703e-01,2.196942567825317383e+00,4.943151950836181641e+00
0.000000000000000000e+00,0.000000000000000000e+00,0.000000000000000000e+00,0.000000000000000000e+00,0.000000000000000000e+00,0.000000000000000000e+00,0.000000000000000000e+00,0.000000000000000000e+00,0.000000000000000000e+00,0.000000000000000000e+00,0.000000000000000000e+00,0.000000000000000000e+00,0.000000000000000000e+00,0.000000000000000000e+00,0.000000000000000000e+00,0.000000000000000000e+00,0.000000000000000000e+00,0.000000000000000000e+00,0.000000000000000000e+00,0.000000000000000000e+00,4.201425552368164062e+01,2.048966407775878906e+01,1.456699657440185547e+01,1.403942203521728516e+01,1.319284915924072266e+01,1.904186630249023438e+01,1.429193496704101562e+01,1.183705520629882812e+01,1.203481578826904297e+01,7.944864273071289062e+00,6.334752559661865234e+00,8.106631278991699219e+00,8.815004348754882812e+00,6.936626434326171875e+00,6.796675682067871094e+00,6.925425052642822266e+00,8.254578590393066406e+00,6.604901790618896484e+00,4.921257019042968750e+00,4.125252723693847656e+00,2.423903226852416992e+00,2.945969343185424805e+00,3.334014892578125000e+00,4.095502853393554688e+00,3.839119672775268555e+00,4.080935478210449219e+00,6.303814053535461426e-01,3.245485305786132812e+00,8.780971169471740723e-01,3.887682199478149414e+00,9.758358955383300781e+00
0.000000000000000000e+00,0.000000000000000000e+00,0.000000000000000000e+00,0.000000000000000000e+00,0.000000000000000000e+00,0.000000000000000000e+00,0.000000000000000000e+00,0.000000000000000000e+00,0.000000000000000000e+00,0.000000000000000000e+00,0.000000000000000000e+00,0.000000000000000000e+00,0.000000000000000000e+00,0.000000000000000000e+00,0.000000000000000000e+00,0.000000000000000000e+00,0.000000000000000000e+00,0.000000000000000000e+00,0.000000000000000000e+00,0.000000000000000000e+00,4.935929870605468750e+01,2.141698074340820312e+01,1.705916213989257812e+01,1.697655677795410156e+01,1.588114547729492188e+01,2.071966743469238281e+01,1.702393150329589844e+01,1.446448230743408203e+01,1.378083229064941406e+01,9.765232086181640625e+00,8.038571357727050781e+00,1.057277488708496094e+01,1.004312705993652344e+01,8.242019653320312500e+00,8.680647850036621094e+00,8.249244689941406250e+00,9.833328247070312500e+00,7.181240558624267578e+00,5.426532745361328125e+00,4.584910392761230469e+00,3.153841495513916016e+00,3.769099473953247070e+00,4.022268295288085938e+00,4.913503646850585938e+00,4.827672004699707031e+00,5.171857357025146484e+00,6.462770700454711914e-01,3.378488302230834961e+00,8.528419137001037598e-01,4.613569736480712891e+00,1.056667232513427734e+01
0.000000000000000000e+00,0.000000000000000000e+00,0.000000000000000000e+00,0.000000000000000000e+00,0.000000000000000000e+00,0.000000000000000000e+00,0.000000000000000000e+00,0.000000000000000000e+00,0.000000000000000000e+00,0.000000000000000000e+00,0.000000000000000000e+00,0.000000000000000000e+00,0.000000000000000000e+00,0.000000000000000000e+00,0.000000000000000000e+00,0.000000000000000000e+00,0.000000000000000000e+00,0.000000000000000000e+00,0.000000000000000000e+00,0.000000000000000000e+00,5.541131591796875000e+01,2.500547027587890625e+01,1.948845481872558594e+01,2.063716125488281250e+01,1.847626495361328125e+01,2.643961906433105469e+01,2.025308036804199219e+01,1.585292148590087891e+01,1.495748901367187500e+01,1.070089530944824219e+01,8.810188293457031250e+00,1.187628459930419922e+01,1.124292087554931641e+01,9.208304405212402344e+00,9.897806167602539062e+00,9.084825515747070312e+00,1.142622280120849609e+01,7.887205123901367188e+00,5.898345470428466797e+00,5.434993267059326172e+00,4.433992862701416016e+00,4.932480812072753906e+00,5.335212707519531250e+00,6.153754711151123047e+00,6.241462230682373047e+00,6.169843196868896484e+00,1.138082623481750488e+00,3.572293281555175781e+00,1.049536347389221191e+00,5.551247119903564453e+00,4.370554351806640625e+01
0.000000000000000000e+00,0.000000000000000000e+00,0.000000000000000000e+00,0.000000000000000000e+00,0.000000000000000000e+00,0.000000000000000000e+00,0.000000000000000000e+00,0.000000000000000000e+00,0.000000000000000000e+00,0.000000000000000000e+00,0.000000000000000000e+00,0.000000000000000000e+00,0.000000000000000000e+00,0.000000000000000000e+00,0.000000000000000000e+00,0.000000000000000000e+00,0.000000000000000000e+00,0.000000000000000000e+00,0.000000000000000000e+00,0.000000000000000000e+00,6.268562698364257812e+01,2.733280754089355469e+01,2.183980560302734375e+01,2.369488525390625000e+01,2.155660820007324219e+01,2.985350036621093750e+01,2.337893295288085938e+01,1.791754722595214844e+01,1.641241455078125000e+01,1.171238899230957031e+01,9.318242073059082031e+00,1.336719226837158203e+01,1.336928844451904297e+01,9.987581253051757812e+00,1.153835391998291016e+01,9.814588546752929688e+00,1.260410499572753906e+01,8.424743652343750000e+00,6.342481136322021484e+00,6.122203350067138672e+00,6.101115703582763672e+00,6.274275779724121094e+00,6.725578308105468750e+00,7.775897026062011719e+00,7.911436080932617188e+00,7.245295047760009766e+00,1.129010319709777832e+00,3.750148296356201172e+00,1.199497103691101074e+00,6.236335277557373047e+00,7.407984924316406250e+01
0.000000000000000000e+00,0.000000000000000000e+00,0.000000000000000000e+00,0.000000000000000000e+00,0.000000000000000000e+00,0.000000000000000000e+00,0.000000000000000000e+00,0.000000000000000000e+00,0.000000000000000000e+00,0.000000000000000000e+00,0.000000000000000000e+00,0.000000000000000000e+00,0.000000000000000000e+00,0.000000000000000000e+00,0.000000000000000000e+00,0.000000000000000000e+00,0.000000000000000000e+00,0.000000000000000000e+00,0.000000000000000000e+00,0.000000000000000000e+00,7.150614166259765625e+01,3.153309440612792969e+01,2.459711647033691406e+01,2.896316528320312500e+01,2.434735870361328125e+01,3.712855148315429688e+01,2.737577056884765625e+01,2.122189521789550781e+01,1.891621398925781250e+01,1.309380340576171875e+01,1.074782180786132812e+01,1.511585998535156250e+01,1.558401870727539062e+01,1.122341156005859375e+01,1.300024604797363281e+01,1.054013442993164062e+01,1.426527500152587891e+01,9.603610038757324219e+00,7.357046604156494141e+00,7.052409648895263672e+00,8.190036773681640625e+00,8.217688560485839844e+00,8.591984748840332031e+00,9.558726310729980469e+00,1.038054561614990234e+01,8.506278038024902344e+00,1.206702947616577148e+00,4.129148483276367188e+00,1.288157582283020020e+00,6.929494380950927734e+00,9.714749145507812500e+01
0.000000000000000000e+00,0.000000000000000000e+00,0.000000000000000000e+00,0.000000000000000000e+00,0.000000000000000000e+00,0.000000000000000000e+00,0.000000000000000000e+00,0.000000000000000000e+00,0.000000000000000000e+00,0.000000000000000000e+00,0.000000000000000000e+00,0.000000000000000000e+00,0.000000000000000000e+00,0.000000000000000000e+00,0.000000000000000000e+00,0.000000000000000000e+00,0.000000000000000000e+00,0.000000000000000000e+00,0.000000000000000000e+00,0.000000000000000000e+00,8.126006317138671875e+01,3.498479461669921875e+01,2.587949943542480469e+01,3.432786941528320312e+01,2.739916419982910156e+01,3.874861145019531250e+01,3.119906616210937500e+01,2.309309387207031250e+01,2.095112419128417969e+01,1.435297679901123047e+01,1.202114772796630859e+01,1.660119438171386719e+01,1.764160346984863281e+01,1.201362228393554688e+01,1.447281837463378906e+01,1.122872638702392578e+01,1.593034172058105469e+01,1.064511108398437500e+01,8.226060867309570312e+00,7.264451026916503906e+00,1.065917491912841797e+01,9.691342353820800781e+00,1.048779296875000000e+01,1.178647899627685547e+01,1.257098293304443359e+01,9.994457244873046875e+00,1.437384009361267090e+00,4.528803825378417969e+00,1.438030958175659180e+00,7.924093246459960938e+00,1.080233840942382812e+02
0.000000000000000000e+00,0.000000000000000000e+00,0.000000000000000000e+00,0.000000000000000000e+00,0.000000000000000000e+00,0.000000000000000000e+00,0.000000000000000000e+00,0.000000000000000000e+00,0.000000000000000000e+00,0.000000000000000000e+00,0.000000000000000000e+00,0.000000000000000000e+00,0.000000000000000000e+00,0.000000000000000000e+00,0.000000000000000000e+00,0.000000000000000000e+00,0.000000000000000000e+00,0.000000000000000000e+00,0.000000000000000000e+00,0.000000000000000000e+00,9.562051391601562500e+01,3.855880355834960938e+01,2.816390800476074219e+01,3.847309494018554688e+01,3.030406379699707031e+01,4.248777389526367188e+01,3.649711227416992188e+01,2.630242919921875000e+01,2.288349723815917969e+01,1.613210105895996094e+01,1.378188610076904297e+01,1.925797653198242188e+01,1.969630622863769531e+01,1.331261920928955078e+01,1.566915130615234375e+01,1.258973026275634766e+01,1.802190208435058594e+01,1.198217296600341797e+01,9.372053146362304688e+00,8.065072059631347656e+00,1.336410713195800781e+01,1.167841529846191406e+01,1.232830810546875000e+01,1.404157161712646484e+01,1.544264030456542969e+01,1.133399105072021484e+01,1.513646245002746582e+00,5.716924667358398438e+00,1.639753699302673340e+00,8.721643447875976562e+00,1.206071624755859375e+02
0.000000000000000000e+00,0.000000000000000000e+00,0.000000000000000000e+00,0.000000000000000000e+00,0.000000000000000000e+00,0.000000000000000000e+00,0.000000000000000000e+00,0.000000000000000000e+00,0.000000000000000000e+00,0.000000000000000000e+00,0.000000000000000000e+00,0.000000000000000000e+00,0.000000000000000000e+00,0.000000000000000000e+00,0.000000000000000000e+00,0.000000000000000000e+00,0.000000000000000000e+00,0.000000000000000000e+00,0.000000000000000000e+00,0.000000000000000000e+00,9.804306030273437500e+01,4.482298660278320312e+01,3.576689529418945312e+01,4.630913543701171875e+01,3.370574569702148438e+01,4.927789688110351562e+01,4.443387222290039062e+01,3.175835418701171875e+01,2.855322456359863281e+01,2.027651786804199219e+01,1.822844886779785156e+01,3.154194641113281250e+01,2.302848625183105469e+01,1.596524333953857422e+01,1.779483795166015625e+01,1.870422172546386719e+01,2.116181755065917969e+01,1.422763061523437500e+01,1.135831737518310547e+01,1.022789478302001953e+01,1.664722061157226562e+01,1.380975914001464844e+01,1.355509185791015625e+01,1.547729015350341797e+01,1.788579368591308594e+01,1.332822322845458984e+01,1.582863092422485352e+00,6.476681709289550781e+00,2.017038106918334961e+00,1.050729084014892578e+01,1.364321746826171875e+02
