0.000000000000000000e+00,0.000000000000000000e+00,0.000000000000000000e+00,0.000000000000000000e+00,0.000000000000000000e+00,0.000000000000000000e+00,0.000000000000000000e+00,0.000000000000000000e+00,0.000000000000000000e+00,0.000000000000000000e+00,0.000000000000000000e+00,0.000000000000000000e+00,0.000000000000000000e+00,0.000000000000000000e+00,0.000000000000000000e+00,0.000000000000000000e+00,0.000000000000000000e+00,0.000000000000000000e+00,0.000000000000000000e+00,0.000000000000000000e+00,7.445762753486633301e-01,1.288173496723175049e-01,5.572282150387763977e-02,8.751115761697292328e-03,5.312417633831501007e-03,5.960385315120220184e-03,2.865186147391796112e-02,5.809740629047155380e-03,3.561421064659953117e-03,5.102500785142183304e-03,5.682935938239097595e-03,1.575935515575110912e-03,2.776393899694085121e-03,1.164045068435370922e-03,4.317094106227159500e-03,6.974097341299057007e-04,6.863945745863020420e-04,2.707360312342643738e-03,1.740012201480567455e-03,6.370561663061380386e-03,4.148771055042743683e-03,5.315628368407487869e-04,8.706551743671298027e-04,2.819778164848685265e-03,1.345126656815409660e-03,4.215277731418609619e-03,1.806981395930051804e-03,2.167508238926529884e-03,2.702646888792514801e-04,2.921574050560593605e-04,2.050383947789669037e-03
0.000000000000000000e+00,0.000000000000000000e+00,0.000000000000000000e+00,0.000000000000000000e+00,0.000000000000000000e+00,0.000000000000000000e+00,0.000000000000000000e+00,0.000000000000000000e+00,0.000000000000000000e+00,0.000000000000000000e+00,0.000000000000000000e+00,0.000000000000000000e+00,0.000000000000000000e+00,0.000000000000000000e+00,0.000000000000000000e+00,0.000000000000000000e+00,0.000000000000000000e+00,0.000000000000000000e+00,0.000000000000000000e+00,0.000000000000000000e+00,6.374424695968627930e-01,2.005486190319061279e-01,6.104126200079917908e-02,1.986265927553176880e-02,9.663701057434082031e-03,1.296238321810960770e-02,6.146243959665298462e-02,1.019491627812385559e-02,9.807731956243515015e-03,1.242159772664308548e-02,7.825637236237525940e-03,4.343084990978240967e-03,6.381864659488201141e-03,3.946692682802677155e-03,5.078277084976434708e-03,5.092789418995380402e-03,4.597922321408987045e-03,3.608995582908391953e-03,3.089451696723699570e-03,7.327271625399589539e-03,3.769298782572150230e-03,2.545796334743499756e-03,2.362320199608802795e-03,3.833621041849255562e-03,4.665974993258714676e-03,5.722841247916221619e-03,2.240629633888602257e-03,4.412812180817127228e-03,1.867913524620234966e-03,4.737492650747299194e-03,3.531912807375192642e-03
0.000000000000000000e+00,0.000000000000000000e+00,0.000000000000000000e+00,0.000000000000000000e+00,0.000000000000000000e+00,0.000000000000000000e+00,0.000000000000000000e+00,0.000000000000000000e+00,0.000000000000000000e+00,0.000000000000000000e+00,0.000000000000000000e+00,0.000000000000000000e+00,0.000000000000000000e+00,0.000000000000000000e+00,0.000000000000000000e+00,0.000000000000000000e+00,0.000000000000000000e+00,0.000000000000000000e+00,0.000000000000000000e+00,0.000000000000000000e+00,6.318615078926086426e-01,1.957255750894546509e-01,7.796271890401840210e-02,3.567572310566902161e-02,2.168885618448257446e-02,6.772810220718383789e-02,1.066891252994537354e-01,2.896340750157833099e-02,2.015681751072406769e-02,2.554257586598396301e-02,1.807259768247604370e-02,2.477976307272911072e-02,1.098705269396305084e-02,4.767505452036857605e-03,7.007044740021228790e-03,9.150492027401924133e-03,7.180265616625547409e-03,4.464451223611831665e-03,6.004405207931995392e-03,2.378706634044647217e-02,5.751755088567733765e-03,3.689382225275039673e-03,5.679110065102577209e-03,4.645024891942739487e-03,8.511550724506378174e-03,1.240505091845989227e-02,2.546551171690225601e-03,1.093195192515850067e-02,2.237539505586028099e-03,5.169907584786415100e-03,8.843720890581607819e-03
0.000000000000000000e+00,0.000000000000000000e+00,0.000000000000000000e+00,0.000000000000000000e+00,0.000000000000000000e+00,0.000000000000000000e+00,0.000000000000000000e+00,0.000000000000000000e+00,0.000000000000000000e+00,0.000000000000000000e+00,0.000000000000000000e+00,0.000000000000000000e+00,0.000000000000000000e+00,0.000000000000000000e+00,0.000000000000000000e+00,0.000000000000000000e+00,0.000000000000000000e+00,0.000000000000000000e+00,0.000000000000000000e+00,0.000000000000000000e+00,7.353034615516662598e-01,1.772686541080474854e-01,7.780368626117706299e-02,4.232493042945861816e-02,3.780105710029602051e-02,6.586673110723495483e-02,9.240098297595977783e-02,3.293472155928611755e-02,3.511924669146537781e-02,2.472965233027935028e-02,2.131502330303192139e-02,2.238435111939907074e-02,1.830074377357959747e-02,8.410339243710041046e-03,9.250197559595108032e-03,1.496799010783433914e-02,1.446779910475015640e-02,7.007351610809564590e-03,6.723960395902395248e-03,2.559472061693668365e-02,6.311796139925718307e-03,5.122886039316654205e-03,5.412308964878320694e-03,6.159531883895397186e-03,1.546661742031574249e-02,1.565489359200000763e-02,3.125492716208100319e-03,1.196804363280534744e-02,2.624067012220621109e-03,5.648410879075527191e-03,1.085368543863296509e-02
0.000000000000000000e+00,0.000000000000000000e+00,0.000000000000000000e+00,0.000000000000000000e+00,0.000000000000000000e+00,0.000000000000000000e+00,0.000000000000000000e+00,0.000000000000000000e+00,0.000000000000000000e+00,0.000000000000000000e+00,0.000000000000000000e+00,0.000000000000000000e+00,0.000000000000000000e+00,0.000000000000000000e+00,0.000000000000000000e+00,0.000000000000000000e+00,0.000000000000000000e+00,0.000000000000000000e+00,0.000000000000000000e+00,0.000000000000000000e+00,6.938615441322326660e-01,3.150273263454437256e-01,1.084754019975662231e-01,4.530947655439376831e-02,4.334580898284912109e-02,7.109906524419784546e-02,1.371913105249404907e-01,3.258137032389640808e-02,5.281049385666847229e-02,2.342240139842033386e-02,1.915255561470985413e-02,2.150654979050159454e-02,3.124822862446308136e-02,9.283701889216899872e-03,1.278006099164485931e-02,2.253835089504718781e-02,2.031467296183109283e-02,7.604467216879129410e-03,6.635558325797319412e-03,2.122206427156925201e-02,6.878866814076900482e-03,4.636987112462520599e-03,5.128594115376472473e-03,5.620381794869899750e-03,1.430252473801374435e-02,1.361494045704603195e-02,3.239404642954468727e-03,1.232675090432167053e-02,2.622147090733051300e-03,5.555490031838417053e-03,1.040726061910390854e-02
0.000000000000000000e+00,0.000000000000000000e+00,0.000000000000000000e+00,0.000000000000000000e+00,0.000000000000000000e+00,0.000000000000000000e+00,0.000000000000000000e+00,0.000000000000000000e+00,0.000000000000000000e+00,0.000000000000000000e+00,0.000000000000000000e+00,0.000000000000000000e+00,0.000000000000000000e+00,0.000000000000000000e+00,0.000000000000000000e+00,0.000000000000000000e+00,0.000000000000000000e+00,0.000000000000000000e+00,0.000000000000000000e+00,0.000000000000000000e+00,6.678633689880371094e-01,3.061539232730865479e-01,1.025421321392059326e-01,5.288977548480033875e-02,5.922512337565422058e-02,7.805454730987548828e-02,1.483743935823440552e-01,3.409997001290321350e-02,7.001939415931701660e-02,2.921815961599349976e-02,2.602558955550193787e-02,2.513539232313632965e-02,4.047948122024536133e-02,1.084691751748323441e-02,1.524641644209623337e-02,2.353521250188350677e-02,3.312642499804496765e-02,1.138673350214958191e-02,9.774668142199516296e-03,2.386374957859516144e-02,7.787254638969898224e-03,5.236986093223094940e-03,4.890112672001123428e-03,5.299451295286417007e-03,1.514078397303819656e-02,1.306236907839775085e-02,3.386750118806958199e-03,1.429624389857053757e-02,2.843687543645501137e-03,5.873692221939563751e-03,1.120997406542301178e-02
0.000000000000000000e+00,0.000000000000000000e+00,0.000000000000000000e+00,0.000000000000000000e+00,0.000000000000000000e+00,0.000000000000000000e+00,0.000000000000000000e+00,0.000000000000000000e+00,0.000000000000000000e+00,0.000000000000000000e+00,0.000000000000000000e+00,0.000000000000000000e+00,0.000000000000000000e+00,0.000000000000000000e+00,0.000000000000000000e+00,0.000000000000000000e+00,0.000000000000000000e+00,0.000000000000000000e+00,0.000000000000000000e+00,0.000000000000000000e+00,7.257191538810729980e-01,3.227249681949615479e-01,1.076431944966316223e-01,7.841579616069793701e-02,8.431378006935119629e-02,9.335608035326004028e-02,1.586195677518844604e-01,3.634979203343391418e-02,8.182376623153686523e-02,2.772007137537002563e-02,2.773564867675304413e-02,4.994159564375877380e-02,4.383763670921325684e-02,1.506584882736206055e-02,1.925754919648170471e-02,2.277120947837829590e-02,3.124875389039516449e-02,1.663527078926563263e-02,1.444569230079650879e-02,1.903502456843852997e-02,1.033675577491521835e-02,6.958458106964826584e-03,6.256028078496456146e-03,7.091601379215717316e-03,2.182122878730297089e-02,1.204062532633543015e-02,3.519405610859394073e-03,1.393839437514543533e-02,2.857889281585812569e-03,5.872212816029787064e-03,1.197247393429279327e-02
0.000000000000000000e+00,0.000000000000000000e+00,0.000000000000000000e+00,0.000000000000000000e+00,0.000000000000000000e+00,0.000000000000000000e+00,0.000000000000000000e+00,0.000000000000000000e+00,0.000000000000000000e+00,0.000000000000000000e+00,0.000000000000000000e+00,0.000000000000000000e+00,0.000000000000000000e+00,0.000000000000000000e+00,0.000000000000000000e+00,0.000000000000000000e+00,0.000000000000000000e+00,0.000000000000000000e+00,0.000000000000000000e+00,0.000000000000000000e+00,7.081528902053833008e-01,3.228842914104461670e-01,1.207341700792312622e-01,1.055324822664260864e-01,8.862097561359405518e-02,1.040302291512489319e-01,1.421066075563430786e-01,4.103074595332145691e-02,8.358403295278549194e-02,3.595174476504325867e-02,3.095891885459423065e-02,4.193818569183349609e-02,4.213243722915649414e-02,1.845514029264450073e-02,2.869692631065845490e-02,2.390778996050357819e-02,3.534335643053054810e-02,2.568683028221130371e-02,1.819226332008838654e-02,1.966618746519088745e-02,1.044269278645515442e-02,7.420117966830730438e-03,6.634404882788658142e-03,7.612775079905986786e-03,2.132410369813442230e-02,1.302218809723854065e-02,4.580992739647626877e-03,1.509694941341876984e-02,3.828131593763828278e-03,6.815077271312475204e-03,1.341114845126867294e-02
0.000000000000000000e+00,0.000000000000000000e+00,0.000000000000000000e+00,0.000000000000000000e+00,0.000000000000000000e+00,0.000000000000000000e+00,0.000000000000000000e+00,0.000000000000000000e+00,0.000000000000000000e+00,0.000000000000000000e+00,0.000000000000000000e+00,0.000000000000000000e+00,0.000000000000000000e+00,0.000000000000000000e+00,0.000000000000000000e+00,0.000000000000000000e+00,0.000000000000000000e+00,0.000000000000000000e+00,0.000000000000000000e+00,0.000000000000000000e+00,7.295126914978027344e-01,3.310361206531524658e-01,2.998455464839935303e-01,1.368199139833450317e-01,1.004857867956161499e-01,1.323973536491394043e-01,1.782551109790802002e-01,6.770236790180206299e-02,1.366503685712814331e-01,5.685134232044219971e-02,3.508485108613967896e-02,6.790097057819366455e-02,8.102192729711532593e-02,2.514936961233615875e-02,3.641282767057418823e-02,4.634424299001693726e-02,6.376649439334869385e-02,3.246134519577026367e-02,2.229919470846652985e-02,2.580166421830654144e-02,1.061225403100252151e-02,7.036046124994754791e-03,7.762316148728132248e-03,8.155929856002330780e-03,2.323194593191146851e-02,1.305025164037942886e-02,4.770049825310707092e-03,1.686166599392890930e-02,3.705366281792521477e-03,6.662664003670215607e-03,1.790051721036434174e-02
0.000000000000000000e+00,0.000000000000000000e+00,0.000000000000000000e+00,0.000000000000000000e+00,0.000000000000000000e+00,0.000000000000000000e+00,0.000000000000000000e+00,0.000000000000000000e+00,0.000000000000000000e+00,0.000000000000000000e+00,0.000000000000000000e+00,0.000000000000000000e+00,0.000000000000000000e+00,0.000000000000000000e+00,0.000000000000000000e+00,0.000000000000000000e+00,0.000000000000000000e+00,0.000000000000000000e+00,0.000000000000000000e+00,0.000000000000000000e+00,6.803321242332458496e-01,2.972483634948730469e-01,2.619499862194061279e-01,1.461717337369918823e-01,1.013466194272041321e-01,1.328901052474975586e-01,2.214411199092864990e-01,1.071734726428985596e-01,1.254014223814010620e-01,9.972127526998519897e-02,4.156084358692169189e-02,6.981298327445983887e-02,7.695738226175308228e-02,3.867418691515922546e-02,4.520472511649131775e-02,5.540193244814872742e-02,7.157801836729049683e-02,3.989150002598762512e-02,2.716419473290443420e-02,3.122253902256488800e-02,1.082592923194169998e-02,7.757495623081922531e-03,8.647270500659942627e-03,9.356589056551456451e-03,2.697936445474624634e-02,1.334929559379816055e-02,5.098712630569934845e-03,1.934346556663513184e-02,4.283139016479253769e-03,7.080134935677051544e-03,1.713721081614494324e-02
0.000000000000000000e+00,0.000000000000000000e+00,0.000000000000000000e+00,0.000000000000000000e+00,0.000000000000000000e+00,0.000000000000000000e+00,0.000000000000000000e+00,0.000000000000000000e+00,0.000000000000000000e+00,0.000000000000000000e+00,0.000000000000000000e+00,0.000000000000000000e+00,0.000000000000000000e+00,0.000000000000000000e+00,0.000000000000000000e+00,0.000000000000000000e+00,0.000000000000000000e+00,0.000000000000000000e+00,0.000000000000000000e+00,0.000000000000000000e+00,6.845410466194152832e-01,3.062076866626739502e-01,2.260432392358779907e-01,1.624622792005538940e-01,1.161832734942436218e-01,1.633051335811614990e-01,2.085294872522354126e-01,1.316614300012588501e-01,1.440017968416213989e-01,1.070571541786193848e-01,6.302154809236526489e-02,9.264269471168518066e-02,9.284781664609909058e-02,5.865004286170005798e-02,7.364041358232498169e-02,7.670890539884567261e-02,9.349792450666427612e-02,6.593267619609832764e-02,5.938145890831947327e-02,4.617368802428245544e-02,1.253303512930870056e-02,1.049402356147766113e-02,1.107743661850690842e-02,1.220588292926549911e-02,2.805548533797264099e-02,1.572120375931262970e-02,5.487108603119850159e-03,2.704914472997188568e-02,4.284408874809741974e-03,7.960814051330089569e-03,1.860973984003067017e-02
0.000000000000000000e+00,0.000000000000000000e+00,0.000000000000000000e+00,0.000000000000000000e+00,0.000000000000000000e+00,0.000000000000000000e+00,0.000000000000000000e+00,0.000000000000000000e+00,0.000000000000000000e+00,0.000000000000000000e+00,0.000000000000000000e+00,0.000000000000000000e+00,0.000000000000000000e+00,0.000000000000000000e+00,0.000000000000000000e+00,0.000000000000000000e+00,0.000000000000000000e+00,0.000000000000000000e+00,0.000000000000000000e+00,0.000000000000000000e+00,6.272239685058593750e-01,3.101395964622497559e-01,2.271219342947006226e-01,1.707783937454223633e-01,1.269678771495819092e-01,1.808539628982543945e-01,1.842512786388397217e-01,1.282390207052230835e-01,1.316728144884109497e-01,1.052069291472434998e-01,6.545826792716979980e-02,9.433843940496444702e-02,8.314332365989685059e-02,5.948549881577491760e-02,7.003369182348251343e-02,7.543062418699264526e-02,8.703327924013137817e-02,6.332211941480636597e-02,5.823129042983055115e-02,4.865146055817604065e-02,1.637150906026363373e-02,1.158649753779172897e-02,1.288141496479511261e-02,1.410799939185380936e-02,2.772554941475391388e-02,1.540164649486541748e-02,5.815458949655294418e-03,2.590820938348770142e-02,4.833769053220748901e-03,9.921127930283546448e-03,2.054504863917827606e-02
0.000000000000000000e+00,0.000000000000000000e+00,0.000000000000000000e+00,0.000000000000000000e+00,0.000000000000000000e+00,0.000000000000000000e+00,0.000000000000000000e+00,0.000000000000000000e+00,0.000000000000000000e+00,0.000000000000000000e+00,0.000000000000000000e+00,0.000000000000000000e+00,0.000000000000000000e+00,0.000000000000000000e+00,0.000000000000000000e+00,0.000000000000000000e+00,0.000000000000000000e+00,0.000000000000000000e+00,0.000000000000000000e+00,0.000000000000000000e+00,6.842832565307617188e-01,3.299531340599060059e-01,2.255209684371948242e-01,1.702025681734085083e-01,1.311949044466018677e-01,1.959901303052902222e-01,2.236517518758773804e-01,1.293739527463912964e-01,1.440954804420471191e-01,1.017693355679512024e-01,6.491092592477798462e-02,1.038742288947105408e-01,1.019665747880935669e-01,6.011978164315223694e-02,6.968390196561813354e-02,7.790201157331466675e-02,8.135083317756652832e-02,6.593643873929977417e-02,5.328164622187614441e-02,4.667269811034202576e-02,1.830734871327877045e-02,1.368900481611490250e-02,1.262989360839128494e-02,1.450488343834877014e-02,3.089172579348087311e-02,1.482585910707712173e-02,5.343097727745771408e-03,2.411232329905033112e-02,4.459088668227195740e-03,9.865249507129192352e-03,1.882281899452209473e-02
0.000000000000000000e+00,0.000000000000000000e+00,0.000000000000000000e+00,0.000000000000000000e+00,0.000000000000000000e+00,0.000000000000000000e+00,0.000000000000000000e+00,0.000000000000000000e+00,0.000000000000000000e+00,0.000000000000000000e+00,0.000000000000000000e+00,0.000000000000000000e+00,0.000000000000000000e+00,0.000000000000000000e+00,0.000000000000000000e+00,0.000000000000000000e+00,0.000000000000000000e+00,0.000000000000000000e+00,0.000000000000000000e+00,0.000000000000000000e+00,6.301016211509704590e-01,3.202438354492187500e-01,2.043045610189437866e-01,1.646975874900817871e-01,1.419599354267120361e-01,1.924215406179428101e-01,2.258099168539047241e-01,1.417550742626190186e-01,1.463966369628906250e-01,1.063276827335357666e-01,6.853166967630386353e-02,1.051199063658714294e-01,1.135532632470130920e-01,7.054663449525833130e-02,7.639846205711364746e-02,7.797816395759582520e-02,8.458042144775390625e-02,7.253155112266540527e-02,5.850289016962051392e-02,5.122926831245422363e-02,2.206965535879135132e-02,1.813527382910251617e-02,1.568197458982467651e-02,1.771645806729793549e-02,3.314498811960220337e-02,1.887834444642066956e-02,7.331101223826408386e-03,3.110638260841369629e-02,5.303956568241119385e-03,1.208726782351732254e-02,2.340878918766975403e-02
0.000000000000000000e+00,0.000000000000000000e+00,0.000000000000000000e+00,0.000000000000000000e+00,0.000000000000000000e+00,0.000000000000000000e+00,0.000000000000000000e+00,0.000000000000000000e+00,0.000000000000000000e+00,0.000000000000000000e+00,0.000000000000000000e+00,0.000000000000000000e+00,0.000000000000000000e+00,0.000000000000000000e+00,0.000000000000000000e+00,0.000000000000000000e+00,0.000000000000000000e+00,0.000000000000000000e+00,0.000000000000000000e+00,0.000000000000000000e+00,6.214942336082458496e-01,2.964717149734497070e-01,1.964039057493209839e-01,1.586998552083969116e-01,1.476917266845703125e-01,1.976045966148376465e-01,2.450261265039443970e-01,1.539377421140670776e-01,1.635570228099822998e-01,1.048771962523460388e-01,6.917923688888549805e-02,1.147406324744224548e-01,1.250073462724685669e-01,7.450833171606063843e-02,9.599702805280685425e-02,9.776189923286437988e-02,1.063220053911209106e-01,7.895126938819885254e-02,5.940395221114158630e-02,5.043984949588775635e-02,2.137271128594875336e-02,1.800874806940555573e-02,1.466197241097688675e-02,1.687136664986610413e-02,3.298023715615272522e-02,1.792010664939880371e-02,7.055944297462701797e-03,2.903470210731029510e-02,5.329990759491920471e-03,1.306752115488052368e-02,1.977696828544139862e-02
0.000000000000000000e+00,0.000000000000000000e+00,0.000000000000000000e+00,0.000000000000000000e+00,0.000000000000000000e+00,0.000000000000000000e+00,0.000000000000000000e+00,0.000000000000000000e+00,0.000000000000000000e+00,0.000000000000000000e+00,0.000000000000000000e+00,0.000000000000000000e+00,0.000000000000000000e+00,0.000000000000000000e+00,0.000000000000000000e+00,0.000000000000000000e+00,0.000000000000000000e+00,0.000000000000000000e+00,0.000000000000000000e+00,0.000000000000000000e+00,5.818623900413513184e-01,2.825413346290588379e-01,1.755194962024688721e-01,1.545696109533309937e-01,1.357518136501312256e-01,1.969016641378402710e-01,2.155300825834274292e-01,1.465838998556137085e-01,1.472889184951782227e-01,1.046181917190551758e-01,7.475687563419342041e-02,1.119470596313476562e-01,1.173771247267723083e-01,8.503261208534240723e-02,9.261254966259002686e-02,9.555979818105697632e-02,1.020897477865219116e-01,7.693809270858764648e-02,5.856645479798316956e-02,5.530590191483497620e-02,2.431714721024036407e-02,1.909825950860977173e-02,1.665467396378517151e-02,2.422396838665008545e-02,3.363829478621482849e-02,2.265371195971965790e-02,8.207207545638084412e-03,3.709404915571212769e-02,6.458520889282226562e-03,1.711600832641124725e-02,3.940899297595024109e-02
0.000000000000000000e+00,0.000000000000000000e+00,0.000000000000000000e+00,0.000000000000000000e+00,0.000000000000000000e+00,0.000000000000000000e+00,0.000000000000000000e+00,0.000000000000000000e+00,0.000000000000000000e+00,0.000000000000000000e+00,0.000000000000000000e+00,0.000000000000000000e+00,0.000000000000000000e+00,0.000000000000000000e+00,0.000000000000000000e+00,0.000000000000000000e+00,0.000000000000000000e+00,0.000000000000000000e+00,0.000000000000000000e+00,0.000000000000000000e+00,5.817561149597167969e-01,2.977054715156555176e-01,1.845502555370330811e-01,1.663456410169601440e-01,1.433669179677963257e-01,1.941595971584320068e-01,2.168349176645278931e-01,1.490123122930526733e-01,1.459211856126785278e-01,1.134485900402069092e-01,8.258097618818283081e-02,1.238763108849525452e-01,1.192924231290817261e-01,9.986953437328338623e-02,1.005626022815704346e-01,1.005007550120353699e-01,1.031481623649597168e-01,8.053558319807052612e-02,6.264899671077728271e-02,6.373701989650726318e-02,2.567064017057418823e-02,2.335675992071628571e-02,1.889819651842117310e-02,3.004271723330020905e-02,4.042378067970275879e-02,2.784078195691108704e-02,7.477134931832551956e-03,4.302959516644477844e-02,7.166490424424409866e-03,2.016996964812278748e-02,5.068955197930335999e-02
0.000000000000000000e+00,0.000000000000000000e+00,0.000000000000000000e+00,0.000000000000000000e+00,0.000000000000000000e+00,0.000000000000000000e+00,0.000000000000000000e+00,0.000000000000000000e+00,0.000000000000000000e+00,0.000000000000000000e+00,0.000000000000000000e+00,0.000000000000000000e+00,0.000000000000000000e+00,0.000000000000000000e+00,0.000000000000000000e+00,0.000000000000000000e+00,0.000000000000000000e+00,0.000000000000000000e+00,0.000000000000000000e+00,0.000000000000000000e+00,5.900028347969055176e-01,2.746580243110656738e-01,1.751704663038253784e-01,1.777988225221633911e-01,1.463647782802581787e-01,1.964443176984786987e-01,2.073010504245758057e-01,1.468995213508605957e-01,1.444467008113861084e-01,1.047089248895645142e-01,7.735814154148101807e-02,1.095794960856437683e-01,1.190488934516906738e-01,9.253860265016555786e-02,1.016453504562377930e-01,9.527173638343811035e-02,1.009546741843223572e-01,7.849840074777603149e-02,5.973729118704795837e-02,6.334514170885086060e-02,2.835857681930065155e-02,2.683589607477188110e-02,2.326533384621143341e-02,3.514775261282920837e-02,4.081676527857780457e-02,3.271612897515296936e-02,6.656583398580551147e-03,5.047795549035072327e-02,7.911093533039093018e-03,2.410689368844032288e-02,6.061089411377906799e-02
0.000000000000000000e+00,0.000000000000000000e+00,0.000000000000000000e+00,0.000000000000000000e+00,0.000000000000000000e+00,0.000000000000000000e+00,0.000000000000000000e+00,0.000000000000000000e+00,0.000000000000000000e+00,0.000000000000000000e+00,0.000000000000000000e+00,0.000000000000000000e+00,0.000000000000000000e+00,0.000000000000000000e+00,0.000000000000000000e+00,0.000000000000000000e+00,0.000000000000000000e+00,0.000000000000000000e+00,0.000000000000000000e+00,0.000000000000000000e+00,5.745022296905517578e-01,2.538210749626159668e-01,1.642917096614837646e-01,1.751301139593124390e-01,1.382330954074859619e-01,1.811266690492630005e-01,1.915750354528427124e-01,1.321918070316314697e-01,1.326002478599548340e-01,9.926690161228179932e-02,6.883402913808822632e-02,1.060585677623748779e-01,1.054490953683853149e-01,8.360105752944946289e-02,9.024646133184432983e-02,1.015264019370079041e-01,9.584338217973709106e-02,6.926489621400833130e-02,5.519281700253486633e-02,5.623651668429374695e-02,2.938404493033885956e-02,2.864720113575458527e-02,2.781822346150875092e-02,3.622907027602195740e-02,4.285091906785964966e-02,3.641768544912338257e-02,7.198723033070564270e-03,4.568437859416007996e-02,1.061395276337862015e-02,2.711421065032482147e-02,7.413724064826965332e-02
0.000000000000000000e+00,0.000000000000000000e+00,0.000000000000000000e+00,0.000000000000000000e+00,0.000000000000000000e+00,0.000000000000000000e+00,0.000000000000000000e+00,0.000000000000000000e+00,0.000000000000000000e+00,0.000000000000000000e+00,0.000000000000000000e+00,0.000000000000000000e+00,0.000000000000000000e+00,0.000000000000000000e+00,0.000000000000000000e+00,0.000000000000000000e+00,0.000000000000000000e+00,0.000000000000000000e+00,0.000000000000000000e+00,0.000000000000000000e+00,5.534119009971618652e-01,2.221156060695648193e-01,1.618240624666213989e-01,1.610640883445739746e-01,1.339956223964691162e-01,2.053309679031372070e-01,1.679697334766387939e-01,1.281762421131134033e-01,1.242456883192062378e-01,9.364786744117736816e-02,6.291750818490982056e-02,9.971544146537780762e-02,1.015029922127723694e-01,8.707794547080993652e-02,9.279164671897888184e-02,9.305725246667861938e-02,9.359279274940490723e-02,7.110216468572616577e-02,5.850783735513687134e-02,5.312275886535644531e-02,2.709448710083961487e-02,3.216991946101188660e-02,2.970020100474357605e-02,3.591740131378173828e-02,4.108929261565208435e-02,4.499030113220214844e-02,6.287725642323493958e-03,3.807865083217620850e-02,1.247975043952465057e-02,3.521045669913291931e-02,8.552813529968261719e-02
0.000000000000000000e+00,0.000000000000000000e+00,0.000000000000000000e+00,0.000000000000000000e+00,0.000000000000000000e+00,0.000000000000000000e+00,0.000000000000000000e+00,0.000000000000000000e+00,0.000000000000000000e+00,0.000000000000000000e+00,0.000000000000000000e+00,0.000000000000000000e+00,0.000000000000000000e+00,0.000000000000000000e+00,0.000000000000000000e+00,0.000000000000000000e+00,0.000000000000000000e+00,0.000000000000000000e+00,0.000000000000000000e+00,0.000000000000000000e+00,5.254065394401550293e-01,2.213032990694046021e-01,1.719746440649032593e-01,1.620422452688217163e-01,1.522335559129714966e-01,2.352596074342727661e-01,1.766646951436996460e-01,1.433554738759994507e-01,1.319299191236495972e-01,1.009083017706871033e-01,8.248376101255416870e-02,1.000315099954605103e-01,1.031314805150032043e-01,9.176190197467803955e-02,9.100522100925445557e-02,8.745139837265014648e-02,9.344684332609176636e-02,7.363177090883255005e-02,5.962117761373519897e-02,5.254433676600456238e-02,3.143063932657241821e-02,4.034220427274703979e-02,4.428100213408470154e-02,4.826175048947334290e-02,4.722651466727256775e-02,6.546481698751449585e-02,5.929816048592329025e-03,3.492447361350059509e-02,1.122859958559274673e-02,5.230575427412986755e-02,1.347641199827194214e-01
0.000000000000000000e+00,0.000000000000000000e+00,0.000000000000000000e+00,0.000000000000000000e+00,0.000000000000000000e+00,0.000000000000000000e+00,0.000000000000000000e+00,0.000000000000000000e+00,0.000000000000000000e+00,0.000000000000000000e+00,0.000000000000000000e+00,0.000000000000000000e+00,0.000000000000000000e+00,0.000000000000000000e+00,0.000000000000000000e+00,0.000000000000000000e+00,0.000000000000000000e+00,0.000000000000000000e+00,0.000000000000000000e+00,0.000000000000000000e+00,5.027820467948913574e-01,2.073969393968582153e-01,1.617973297834396362e-01,1.575361937284469604e-01,1.449455171823501587e-01,2.137463986873626709e-01,1.754509806632995605e-01,1.485413610935211182e-01,1.266052871942520142e-01,9.556909650564193726e-02,8.362599462270736694e-02,1.064987033605575562e-01,9.432694315910339355e-02,8.552876114845275879e-02,9.251865744590759277e-02,8.591073006391525269e-02,9.854765981435775757e-02,6.850308179855346680e-02,5.652711167931556702e-02,4.875013232231140137e-02,3.407533466815948486e-02,4.255606979131698608e-02,4.504529014229774475e-02,4.976586997509002686e-02,5.353839695453643799e-02,6.798057258129119873e-02,5.200289189815521240e-03,3.256806731224060059e-02,1.016272511333227158e-02,5.414190143346786499e-02,1.340082734823226929e-01
0.000000000000000000e+00,0.000000000000000000e+00,0.000000000000000000e+00,0.000000000000000000e+00,0.000000000000000000e+00,0.000000000000000000e+00,0.000000000000000000e+00,0.000000000000000000e+00,0.000000000000000000e+00,0.000000000000000000e+00,0.000000000000000000e+00,0.000000000000000000e+00,0.000000000000000000e+00,0.000000000000000000e+00,0.000000000000000000e+00,0.000000000000000000e+00,0.000000000000000000e+00,0.000000000000000000e+00,0.000000000000000000e+00,0.000000000000000000e+00,4.705318808555603027e-01,1.963199228048324585e-01,1.548212021589279175e-01,1.575444638729095459e-01,1.412077397108078003e-01,2.342332005500793457e-01,1.661084890365600586e-01,1.310302168130874634e-01,1.149527579545974731e-01,8.787368983030319214e-02,7.119980454444885254e-02,9.718868136405944824e-02,8.895443379878997803e-02,7.991863787174224854e-02,8.768057078123092651e-02,6.722786277532577515e-02,9.573055803775787354e-02,6.305622309446334839e-02,5.052753537893295288e-02,4.734338819980621338e-02,3.986570239067077637e-02,4.613303393125534058e-02,4.785625264048576355e-02,5.235097557306289673e-02,5.858386307954788208e-02,6.379301100969314575e-02,7.726164069026708603e-03,2.950648590922355652e-02,9.895385242998600006e-03,5.697164312005043030e-02,4.084722697734832764e-01
0.000000000000000000e+00,0.000000000000000000e+00,0.000000000000000000e+00,0.000000000000000000e+00,0.000000000000000000e+00,0.000000000000000000e+00,0.000000000000000000e+00,0.000000000000000000e+00,0.000000000000000000e+00,0.000000000000000000e+00,0.000000000000000000e+00,0.000000000000000000e+00,0.000000000000000000e+00,0.000000000000000000e+00,0.000000000000000000e+00,0.000000000000000000e+00,0.000000000000000000e+00,0.000000000000000000e+00,0.000000000000000000e+00,0.000000000000000000e+00,4.520656168460845947e-01,1.812699735164642334e-01,1.436285078525543213e-01,1.464914083480834961e-01,1.356276273727416992e-01,2.322205752134323120e-01,1.633992642164230347e-01,1.223143190145492554e-01,1.057892441749572754e-01,7.980518043041229248e-02,6.297914683818817139e-02,9.044010192155838013e-02,8.719815313816070557e-02,7.273343950510025024e-02,8.349024504423141479e-02,5.801718309521675110e-02,8.699511736631393433e-02,5.801129341125488281e-02,4.585726559162139893e-02,4.460191726684570312e-02,4.648854956030845642e-02,4.982795193791389465e-02,5.073793977499008179e-02,5.616109818220138550e-02,6.432073563337326050e-02,6.447383761405944824e-02,6.649450864642858505e-03,2.551268786191940308e-02,8.837246336042881012e-03,5.562642216682434082e-02,5.765422582626342773e-01
0.000000000000000000e+00,0.000000000000000000e+00,0.000000000000000000e+00,0.000000000000000000e+00,0.000000000000000000e+00,0.000000000000000000e+00,0.000000000000000000e+00,0.000000000000000000e+00,0.000000000000000000e+00,0.000000000000000000e+00,0.000000000000000000e+00,0.000000000000000000e+00,0.000000000000000000e+00,0.000000000000000000e+00,0.000000000000000000e+00,0.000000000000000000e+00,0.000000000000000000e+00,0.000000000000000000e+00,0.000000000000000000e+00,0.000000000000000000e+00,4.002526998519897461e-01,1.603515297174453735e-01,1.417471766471862793e-01,1.479116827249526978e-01,1.234246045351028442e-01,2.189329266548156738e-01,1.507660746574401855e-01,1.160060092806816101e-01,9.844712167978286743e-02,7.794485986232757568e-02,5.476455390453338623e-02,8.245102316141128540e-02,8.136135339736938477e-02,6.575677543878555298e-02,7.546458393335342407e-02,4.983970150351524353e-02,7.602699100971221924e-02,4.973381385207176208e-02,4.118487611413002014e-02,4.119914770126342773e-02,4.955654591321945190e-02,5.065575242042541504e-02,5.473017692565917969e-02,6.014272570610046387e-02,6.740804761648178101e-02,6.537412852048873901e-02,6.085015833377838135e-03,2.512136474251747131e-02,7.664253469556570053e-03,5.076549947261810303e-02,5.913730859756469727e-01
0.000000000000000000e+00,0.000000000000000000e+00,0.000000000000000000e+00,0.000000000000000000e+00,0.000000000000000000e+00,0.000000000000000000e+00,0.000000000000000000e+00,0.000000000000000000e+00,0.000000000000000000e+00,0.000000000000000000e+00,0.000000000000000000e+00,0.000000000000000000e+00,0.000000000000000000e+00,0.000000000000000000e+00,0.000000000000000000e+00,0.000000000000000000e+00,0.000000000000000000e+00,0.000000000000000000e+00,0.000000000000000000e+00,0.000000000000000000e+00,3.806147575378417969e-01,1.612217575311660767e-01,1.202744916081428528e-01,1.489376276731491089e-01,1.223217472434043884e-01,1.728693842887878418e-01,1.471971869468688965e-01,1.076485142111778259e-01,9.995518624782562256e-02,7.114177942276000977e-02,5.290529131889343262e-02,7.641962170600891113e-02,8.334745466709136963e-02,5.937822163105010986e-02,6.677085906267166138e-02,4.876597225666046143e-02,7.822924107313156128e-02,5.023378506302833557e-02,4.373373836278915405e-02,3.690605610609054565e-02,5.703595280647277832e-02,5.204211920499801636e-02,5.623156577348709106e-02,5.953735113143920898e-02,7.148966938257217407e-02,5.751150473952293396e-02,6.321814376860857010e-03,2.173142321407794952e-02,7.540171034634113312e-03,4.652807489037513733e-02,5.321330428123474121e-01
0.000000000000000000e+00,0.000000000000000000e+00,0.000000000000000000e+00,0.000000000000000000e+00,0.000000000000000000e+00,0.000000000000000000e+00,0.000000000000000000e+00,0.000000000000000000e+00,0.000000000000000000e+00,0.000000000000000000e+00,0.000000000000000000e+00,0.000000000000000000e+00,0.000000000000000000e+00,0.000000000000000000e+00,0.000000000000000000e+00,0.000000000000000000e+00,0.000000000000000000e+00,0.000000000000000000e+00,0.000000000000000000e+00,0.000000000000000000e+00,3.539555370807647705e-01,1.544874310493469238e-01,1.015183180570602417e-01,1.284075826406478882e-01,1.115820854902267456e-01,1.365876793861389160e-01,1.397846341133117676e-01,9.488338977098464966e-02,9.794740378856658936e-02,6.241134926676750183e-02,4.589813947677612305e-02,6.738829612731933594e-02,8.233372867107391357e-02,4.966574534773826599e-02,5.557720735669136047e-02,4.793268069624900818e-02,7.569261640310287476e-02,4.553539305925369263e-02,3.907869011163711548e-02,3.303640708327293396e-02,5.926359817385673523e-02,5.008975788950920105e-02,5.196759849786758423e-02,5.580021068453788757e-02,6.988109648227691650e-02,4.957769811153411865e-02,6.232603918761014938e-03,2.379559911787509918e-02,7.603993173688650131e-03,3.939297795295715332e-02,4.964609742164611816e-01
0.000000000000000000e+00,0.000000000000000000e+00,0.000000000000000000e+00,0.000000000000000000e+00,0.000000000000000000e+00,0.000000000000000000e+00,0.000000000000000000e+00,0.000000000000000000e+00,0.000000000000000000e+00,0.000000000000000000e+00,0.000000000000000000e+00,0.000000000000000000e+00,0.000000000000000000e+00,0.000000000000000000e+00,0.000000000000000000e+00,0.000000000000000000e+00,0.000000000000000000e+00,0.000000000000000000e+00,0.000000000000000000e+00,0.000000000000000000e+00,3.593308031558990479e-01,2.087924182415008545e-01,1.456269919872283936e-01,1.539809405803680420e-01,1.195253953337669373e-01,1.255215108394622803e-01,1.546689122915267944e-01,1.060974746942520142e-01,1.138017624616622925e-01,9.104135632514953613e-02,5.804917588829994202e-02,1.009873747825622559e-01,8.301617205142974854e-02,6.413359940052032471e-02,7.545840740203857422e-02,8.442450314760208130e-02,8.217144757509231567e-02,5.183449387550354004e-02,4.997471347451210022e-02,5.808116495609283447e-02,8.651766180992126465e-02,7.504996657371520996e-02,7.472035288810729980e-02,8.778259158134460449e-02,9.694162756204605103e-02,9.090279787778854370e-02,9.710357524454593658e-03,2.607923932373523712e-02,1.122317556291818619e-02,8.285328745841979980e-02,8.012760877609252930e-01
