1.000000000000000000e+00,1.000000000000000000e+00,1.000000119209289551e+00,9.999998807907104492e-01,1.000000000000000000e+00,9.999999403953552246e-01,1.000000000000000000e+00,9.999999403953552246e-01,9.999998211860656738e-01,9.999999403953552246e-01,1.000000000000000000e+00,1.000000000000000000e+00,9.999998807907104492e-01,1.000000000000000000e+00,1.000000000000000000e+00,1.000000119209289551e+00,5.347920656204223633e-01,9.901417493820190430e-01,9.995974898338317871e-01,9.998524785041809082e-01,9.986726045608520508e-01,9.999812841415405273e-01,9.999889731407165527e-01,9.999928474426269531e-01,9.999871253967285156e-01,9.999873638153076172e-01,9.999812245368957520e-01,9.999935030937194824e-01,9.999955892562866211e-01,9.999958276748657227e-01,9.999962449073791504e-01,9.999958276748657227e-01
9.999998807907104492e-01,1.000000000000000000e+00,9.999999403953552246e-01,1.000000000000000000e+00,9.999999403953552246e-01,1.000000119209289551e+00,1.000000000000000000e+00,1.000000000000000000e+00,9.999998807907104492e-01,1.000000000000000000e+00,9.999999403953552246e-01,9.999999403953552246e-01,1.000000000000000000e+00,9.999998807907104492e-01,1.000000000000000000e+00,1.000000000000000000e+00,6.404007673263549805e-01,9.744084477424621582e-01,9.956984519958496094e-01,9.980621933937072754e-01,9.941437244415283203e-01,9.996901154518127441e-01,9.999024271965026855e-01,9.999560117721557617e-01,9.999408721923828125e-01,9.999608993530273438e-01,9.999294877052307129e-01,9.999876022338867188e-01,9.999436736106872559e-01,9.999886155128479004e-01,9.999822378158569336e-01,9.999649524688720703e-01
1.000000000000000000e+00,1.000000000000000000e+00,1.000000000000000000e+00,1.000000000000000000e+00,9.999999403953552246e-01,1.000000000000000000e+00,1.000000119209289551e+00,1.000000000000000000e+00,1.000000000000000000e+00,1.000000000000000000e+00,1.000000000000000000e+00,9.999998807907104492e-01,1.000000000000000000e+00,1.000000119209289551e+00,9.999999403953552246e-01,1.000000119209289551e+00,6.457694172859191895e-01,9.776009321212768555e-01,9.941037893295288086e-01,9.883334636688232422e-01,9.852426052093505859e-01,9.979072809219360352e-01,9.997089505195617676e-01,9.999234080314636230e-01,9.995385408401489258e-01,9.998892545700073242e-01,9.996784329414367676e-01,9.999814033508300781e-01,9.993999004364013672e-01,9.999765157699584961e-01,9.999703764915466309e-01,9.999030232429504395e-01
1.000000000000000000e+00,9.999999403953552246e-01,9.999998807907104492e-01,1.000000000000000000e+00,1.000000000000000000e+00,1.000000000000000000e+00,9.999998807907104492e-01,9.999999403953552246e-01,9.999999403953552246e-01,1.000000000000000000e+00,1.000000000000000000e+00,1.000000000000000000e+00,1.000000000000000000e+00,1.000000000000000000e+00,1.000000000000000000e+00,1.000000000000000000e+00,6.523522734642028809e-01,9.806501865386962891e-01,9.922835230827331543e-01,9.870319366455078125e-01,9.758292436599731445e-01,9.980966448783874512e-01,9.996178150177001953e-01,9.998786449432373047e-01,9.995531439781188965e-01,9.998770952224731445e-01,9.995210170745849609e-01,9.999749660491943359e-01,9.993788599967956543e-01,9.999594688415527344e-01,9.998131990432739258e-01,9.995883703231811523e-01
9.999998211860656738e-01,9.999999403953552246e-01,1.000000000000000000e+00,9.999998807907104492e-01,1.000000000000000000e+00,1.000000000000000000e+00,1.000000000000000000e+00,1.000000000000000000e+00,1.000000000000000000e+00,1.000000000000000000e+00,1.000000000000000000e+00,1.000000000000000000e+00,1.000000000000000000e+00,9.999998807907104492e-01,1.000000000000000000e+00,9.999998807907104492e-01,7.000398635864257812e-01,9.796143174171447754e-01,9.811152815818786621e-01,9.671980142593383789e-01,9.061529040336608887e-01,9.983506202697753906e-01,9.996569752693176270e-01,9.998651742935180664e-01,9.996528029441833496e-01,9.998627901077270508e-01,9.995997548103332520e-01,9.999736547470092773e-01,9.994232654571533203e-01,9.999592304229736328e-01,9.997962713241577148e-01,9.996583461761474609e-01
9.999998807907104492e-01,9.999998807907104492e-01,1.000000000000000000e+00,1.000000000000000000e+00,1.000000119209289551e+00,9.999999403953552246e-01,1.000000000000000000e+00,9.999999403953552246e-01,1.000000000000000000e+00,9.999998211860656738e-01,9.999997615814208984e-01,1.000000000000000000e+00,1.000000000000000000e+00,1.000000000000000000e+00,1.000000000000000000e+00,1.000000119209289551e+00,7.106934785842895508e-01,9.798974990844726562e-01,9.831969738006591797e-01,9.745861291885375977e-01,9.160316586494445801e-01,9.976149201393127441e-01,9.996308088302612305e-01,9.997146725654602051e-01,9.996904134750366211e-01,9.998107552528381348e-01,9.995737075805664062e-01,9.999681711196899414e-01,9.994399547576904297e-01,9.999538660049438477e-01,9.998520016670227051e-01,9.997339248657226562e-01
1.000000119209289551e+00,1.000000000000000000e+00,1.000000119209289551e+00,9.999998807907104492e-01,1.000000000000000000e+00,1.000000000000000000e+00,9.999999403953552246e-01,9.999999403953552246e-01,1.000000000000000000e+00,1.000000000000000000e+00,1.000000000000000000e+00,1.000000119209289551e+00,9.999999403953552246e-01,9.999998807907104492e-01,1.000000119209289551e+00,9.999999403953552246e-01,6.818499565124511719e-01,9.808269143104553223e-01,9.852452874183654785e-01,9.792187213897705078e-01,8.916587233543395996e-01,9.976437091827392578e-01,9.995206594467163086e-01,9.996739625930786133e-01,9.981693029403686523e-01,9.997278451919555664e-01,9.996286034584045410e-01,9.999722242355346680e-01,9.994896054267883301e-01,9.999614953994750977e-01,9.998710155487060547e-01,9.997343420982360840e-01
1.000000000000000000e+00,1.000000119209289551e+00,1.000000000000000000e+00,1.000000000000000000e+00,1.000000000000000000e+00,1.000000000000000000e+00,9.999998807907104492e-01,1.000000000000000000e+00,9.999999403953552246e-01,1.000000000000000000e+00,1.000000000000000000e+00,9.999999403953552246e-01,9.999998807907104492e-01,1.000000000000000000e+00,1.000000000000000000e+00,1.000000000000000000e+00,7.235150337219238281e-01,9.781565666198730469e-01,9.828232526779174805e-01,9.804335236549377441e-01,9.120254516601562500e-01,9.966666102409362793e-01,9.994313716888427734e-01,9.996041059494018555e-01,9.984835386276245117e-01,9.997178316116333008e-01,9.995096325874328613e-01,9.999585151672363281e-01,9.992021918296813965e-01,9.999527931213378906e-01,9.998821616172790527e-01,9.997652173042297363e-01
9.999998807907104492e-01,1.000000000000000000e+00,9.999999403953552246e-01,9.999999403953552246e-01,1.000000000000000000e+00,1.000000119209289551e+00,1.000000000000000000e+00,1.000000000000000000e+00,9.999999403953552246e-01,1.000000000000000000e+00,9.999999403953552246e-01,1.000000119209289551e+00,1.000000000000000000e+00,1.000000000000000000e+00,9.999998807907104492e-01,9.999998807907104492e-01,6.728332042694091797e-01,9.735900163650512695e-01,9.842013120651245117e-01,9.768593907356262207e-01,9.006881713867187500e-01,9.952261447906494141e-01,9.994853734970092773e-01,9.995584487915039062e-01,9.988887310028076172e-01,9.997398853302001953e-01,9.994549155235290527e-01,9.999639987945556641e-01,9.990917444229125977e-01,9.999579191207885742e-01,9.998893737792968750e-01,9.997513294219970703e-01
9.999999403953552246e-01,9.999999403953552246e-01,1.000000119209289551e+00,1.000000000000000000e+00,1.000000119209289551e+00,1.000000000000000000e+00,1.000000000000000000e+00,9.999998807907104492e-01,9.999999403953552246e-01,1.000000000000000000e+00,1.000000000000000000e+00,1.000000000000000000e+00,1.000000000000000000e+00,1.000000000000000000e+00,1.000000000000000000e+00,1.000000000000000000e+00,7.086787223815917969e-01,9.785006046295166016e-01,9.844828844070434570e-01,9.801254272460937500e-01,9.229416847229003906e-01,9.954511523246765137e-01,9.994783401489257812e-01,9.995085000991821289e-01,9.989063143730163574e-01,9.996905922889709473e-01,9.994006156921386719e-01,9.999663829803466797e-01,9.989144206047058105e-01,9.999549984931945801e-01,9.998756647109985352e-01,9.997350573539733887e-01
1.000000000000000000e+00,1.000000000000000000e+00,1.000000119209289551e+00,1.000000000000000000e+00,1.000000000000000000e+00,1.000000000000000000e+00,1.000000000000000000e+00,1.000000000000000000e+00,1.000000000000000000e+00,1.000000000000000000e+00,1.000000000000000000e+00,1.000000000000000000e+00,1.000000000000000000e+00,9.999999403953552246e-01,1.000000000000000000e+00,1.000000000000000000e+00,6.883267164230346680e-01,9.785690903663635254e-01,9.873418807983398438e-01,9.820936322212219238e-01,9.318857192993164062e-01,9.936688542366027832e-01,9.992601871490478516e-01,9.994740486145019531e-01,9.988819956779479980e-01,9.995378255844116211e-01,9.991156458854675293e-01,9.999677538871765137e-01,9.981876015663146973e-01,9.999638795852661133e-01,9.998459219932556152e-01,9.995770454406738281e-01
1.000000000000000000e+00,9.999998211860656738e-01,9.999999403953552246e-01,1.000000119209289551e+00,1.000000000000000000e+00,9.999999403953552246e-01,1.000000000000000000e+00,1.000000000000000000e+00,1.000000000000000000e+00,1.000000119209289551e+00,1.000000000000000000e+00,9.999999403953552246e-01,9.999999403953552246e-01,1.000000000000000000e+00,9.999998807907104492e-01,1.000000000000000000e+00,7.582186460494995117e-01,9.798418283462524414e-01,9.874289035797119141e-01,9.814677238464355469e-01,9.517632126808166504e-01,9.949371218681335449e-01,9.992372393608093262e-01,9.993095993995666504e-01,9.989508390426635742e-01,9.995371103286743164e-01,9.992394447326660156e-01,9.999603033065795898e-01,9.987826347351074219e-01,9.999447464942932129e-01,9.998289346694946289e-01,9.996753334999084473e-01
1.000000119209289551e+00,9.999999403953552246e-01,1.000000000000000000e+00,9.999999403953552246e-01,9.999998807907104492e-01,1.000000119209289551e+00,9.999998807907104492e-01,1.000000000000000000e+00,9.999998807907104492e-01,1.000000000000000000e+00,9.999999403953552246e-01,1.000000000000000000e+00,1.000000000000000000e+00,1.000000119209289551e+00,1.000000000000000000e+00,1.000000000000000000e+00,7.467345595359802246e-01,9.820421934127807617e-01,9.874044060707092285e-01,9.805334806442260742e-01,8.953249454498291016e-01,9.960205554962158203e-01,9.991896748542785645e-01,9.992129802703857422e-01,9.989420175552368164e-01,9.995084404945373535e-01,9.993085861206054688e-01,9.999682307243347168e-01,9.989935755729675293e-01,9.999551773071289062e-01,9.998631477355957031e-01,9.996652603149414062e-01
9.999998807907104492e-01,9.999999403953552246e-01,1.000000000000000000e+00,9.999999403953552246e-01,9.999999403953552246e-01,1.000000000000000000e+00,9.999998807907104492e-01,1.000000000000000000e+00,1.000000000000000000e+00,1.000000000000000000e+00,9.999999403953552246e-01,1.000000000000000000e+00,9.999999403953552246e-01,9.999998807907104492e-01,1.000000000000000000e+00,1.000000000000000000e+00,7.552563548088073730e-01,9.745104312896728516e-01,9.833316802978515625e-01,9.794163107872009277e-01,8.822157382965087891e-01,9.915618896484375000e-01,9.990972280502319336e-01,9.990559816360473633e-01,9.987809658050537109e-01,9.993650913238525391e-01,9.991956949234008789e-01,9.999539852142333984e-01,9.974932670593261719e-01,9.999519586563110352e-01,9.998298883438110352e-01,9.993549585342407227e-01
1.000000000000000000e+00,9.999998807907104492e-01,1.000000000000000000e+00,9.999999403953552246e-01,1.000000119209289551e+00,1.000000000000000000e+00,1.000000000000000000e+00,1.000000000000000000e+00,1.000000119209289551e+00,9.999998807907104492e-01,1.000000000000000000e+00,1.000000119209289551e+00,1.000000000000000000e+00,1.000000000000000000e+00,9.999999403953552246e-01,1.000000000000000000e+00,7.563172578811645508e-01,9.814058542251586914e-01,9.843417406082153320e-01,9.785026311874389648e-01,8.807511329650878906e-01,9.927517175674438477e-01,9.991364479064941406e-01,9.990584254264831543e-01,9.988718628883361816e-01,9.994333982467651367e-01,9.990862607955932617e-01,9.999546408653259277e-01,9.979790449142456055e-01,9.999510049819946289e-01,9.998486638069152832e-01,9.993927478790283203e-01
1.000000000000000000e+00,9.999998807907104492e-01,1.000000000000000000e+00,1.000000000000000000e+00,1.000000000000000000e+00,1.000000119209289551e+00,1.000000000000000000e+00,1.000000000000000000e+00,9.999999403953552246e-01,1.000000000000000000e+00,1.000000000000000000e+00,1.000000000000000000e+00,9.999999403953552246e-01,1.000000000000000000e+00,9.999999403953552246e-01,1.000000238418579102e+00,7.861677408218383789e-01,9.824881553649902344e-01,9.868673086166381836e-01,9.810090065002441406e-01,9.010064601898193359e-01,9.857836365699768066e-01,9.985550045967102051e-01,9.973703622817993164e-01,9.986487030982971191e-01,9.989843964576721191e-01,9.972620606422424316e-01,9.999330043792724609e-01,9.939918518066406250e-01,9.999451637268066406e-01,9.997566342353820801e-01,9.937938451766967773e-01
1.000000000000000000e+00,9.999999403953552246e-01,9.999999403953552246e-01,1.000000119209289551e+00,9.999998807907104492e-01,1.000000000000000000e+00,9.999998211860656738e-01,1.000000000000000000e+00,9.999998807907104492e-01,1.000000000000000000e+00,1.000000000000000000e+00,1.000000000000000000e+00,1.000000000000000000e+00,1.000000119209289551e+00,1.000000000000000000e+00,1.000000000000000000e+00,7.927624583244323730e-01,9.813245534896850586e-01,9.855547547340393066e-01,9.752836823463439941e-01,8.764535188674926758e-01,9.772873520851135254e-01,9.980944395065307617e-01,9.963637590408325195e-01,9.983757138252258301e-01,9.986123442649841309e-01,9.922158718109130859e-01,9.999445676803588867e-01,9.796531200408935547e-01,9.999326467514038086e-01,9.994265437126159668e-01,9.776128530502319336e-01
9.999998807907104492e-01,1.000000000000000000e+00,1.000000000000000000e+00,1.000000000000000000e+00,1.000000000000000000e+00,9.999999403953552246e-01,1.000000000000000000e+00,9.999999403953552246e-01,1.000000000000000000e+00,1.000000000000000000e+00,1.000000000000000000e+00,1.000000000000000000e+00,9.999999403953552246e-01,9.999999403953552246e-01,1.000000000000000000e+00,1.000000000000000000e+00,8.109493255615234375e-01,9.824017882347106934e-01,9.861272573471069336e-01,9.701146483421325684e-01,9.008993506431579590e-01,9.778818488121032715e-01,9.970164299011230469e-01,9.954730272293090820e-01,9.977221488952636719e-01,9.986309409141540527e-01,9.835711717605590820e-01,9.999471306800842285e-01,9.635947346687316895e-01,9.995634555816650391e-01,9.954594373703002930e-01,9.522547721862792969e-01
9.999999403953552246e-01,9.999999403953552246e-01,9.999999403953552246e-01,1.000000119209289551e+00,1.000000119209289551e+00,1.000000000000000000e+00,9.999998807907104492e-01,1.000000000000000000e+00,1.000000119209289551e+00,9.999999403953552246e-01,1.000000119209289551e+00,9.999999403953552246e-01,9.999999403953552246e-01,9.999998807907104492e-01,1.000000000000000000e+00,1.000000000000000000e+00,8.350725173950195312e-01,9.865717291831970215e-01,9.873146414756774902e-01,9.727479815483093262e-01,9.151842594146728516e-01,9.791175127029418945e-01,9.962124824523925781e-01,9.954479932785034180e-01,9.976216554641723633e-01,9.984987974166870117e-01,9.758338928222656250e-01,9.997831583023071289e-01,9.697449207305908203e-01,9.986551403999328613e-01,9.895109534263610840e-01,9.256628751754760742e-01
1.000000000000000000e+00,1.000000119209289551e+00,1.000000000000000000e+00,9.999998807907104492e-01,9.999998211860656738e-01,9.999999403953552246e-01,9.999999403953552246e-01,1.000000000000000000e+00,9.999999403953552246e-01,1.000000000000000000e+00,1.000000119209289551e+00,1.000000000000000000e+00,1.000000119209289551e+00,1.000000000000000000e+00,1.000000000000000000e+00,1.000000000000000000e+00,8.500581979751586914e-01,9.886234998703002930e-01,9.907796978950500488e-01,9.674460887908935547e-01,9.213355779647827148e-01,9.766836166381835938e-01,9.962139725685119629e-01,9.952717423439025879e-01,9.977939128875732422e-01,9.983405470848083496e-01,9.593296051025390625e-01,9.998422861099243164e-01,9.825706481933593750e-01,9.988069534301757812e-01,9.737347364425659180e-01,8.999273777008056641e-01
1.000000119209289551e+00,1.000000000000000000e+00,1.000000000000000000e+00,1.000000000000000000e+00,1.000000000000000000e+00,1.000000000000000000e+00,1.000000119209289551e+00,9.999999403953552246e-01,1.000000000000000000e+00,1.000000000000000000e+00,9.999999403953552246e-01,1.000000000000000000e+00,9.999999403953552246e-01,1.000000000000000000e+00,1.000000000000000000e+00,1.000000119209289551e+00,8.516921401023864746e-01,9.860508441925048828e-01,9.829114079475402832e-01,9.160661697387695312e-01,9.206804037094116211e-01,9.754660129547119141e-01,9.950454831123352051e-01,9.942470192909240723e-01,9.970709085464477539e-01,9.979204535484313965e-01,9.354698061943054199e-01,9.998660087585449219e-01,9.911373853683471680e-01,9.990457296371459961e-01,9.493950009346008301e-01,8.921800851821899414e-01
1.000000000000000000e+00,1.000000000000000000e+00,1.000000000000000000e+00,1.000000000000000000e+00,1.000000000000000000e+00,9.999998807907104492e-01,1.000000000000000000e+00,1.000000000000000000e+00,1.000000000000000000e+00,1.000000000000000000e+00,1.000000000000000000e+00,1.000000000000000000e+00,9.999999403953552246e-01,1.000000119209289551e+00,9.999998807907104492e-01,1.000000238418579102e+00,8.443276882171630859e-01,9.886132478713989258e-01,9.854577779769897461e-01,8.908014297485351562e-01,9.286727905273437500e-01,9.777207374572753906e-01,9.946894049644470215e-01,9.949781298637390137e-01,9.970285892486572266e-01,9.975829720497131348e-01,9.258753061294555664e-01,9.998664855957031250e-01,9.934329986572265625e-01,9.991838932037353516e-01,9.417413473129272461e-01,8.988156318664550781e-01
1.000000000000000000e+00,1.000000119209289551e+00,9.999999403953552246e-01,1.000000000000000000e+00,1.000000000000000000e+00,1.000000000000000000e+00,1.000000000000000000e+00,1.000000000000000000e+00,1.000000119209289551e+00,1.000000000000000000e+00,1.000000000000000000e+00,1.000000119209289551e+00,1.000000000000000000e+00,1.000000000000000000e+00,1.000000000000000000e+00,1.000000000000000000e+00,8.778257369995117188e-01,9.908071756362915039e-01,9.672011137008666992e-01,7.676287889480590820e-01,9.387354850769042969e-01,9.645130634307861328e-01,9.922740459442138672e-01,9.948697686195373535e-01,9.965333938598632812e-01,9.972199201583862305e-01,8.461080789566040039e-01,9.995130300521850586e-01,9.954084157943725586e-01,9.993585348129272461e-01,8.768080472946166992e-01,7.832043170928955078e-01
9.999998807907104492e-01,9.999998807907104492e-01,9.999998807907104492e-01,1.000000000000000000e+00,1.000000000000000000e+00,9.999998807907104492e-01,9.999998807907104492e-01,1.000000119209289551e+00,1.000000000000000000e+00,1.000000000000000000e+00,1.000000000000000000e+00,1.000000000000000000e+00,1.000000000000000000e+00,1.000000000000000000e+00,1.000000238418579102e+00,9.999998807907104492e-01,8.788588047027587891e-01,9.921411871910095215e-01,9.678061008453369141e-01,7.649286985397338867e-01,9.435543417930603027e-01,9.710745811462402344e-01,9.916743636131286621e-01,9.949458837509155273e-01,9.961885213851928711e-01,9.969847202301025391e-01,8.877217769622802734e-01,9.996486306190490723e-01,9.967398047447204590e-01,9.995240569114685059e-01,8.723067045211791992e-01,8.327275514602661133e-01
9.999998807907104492e-01,9.999998807907104492e-01,1.000000000000000000e+00,1.000000000000000000e+00,1.000000000000000000e+00,1.000000000000000000e+00,1.000000000000000000e+00,9.999998807907104492e-01,1.000000000000000000e+00,1.000000000000000000e+00,1.000000119209289551e+00,9.999998807907104492e-01,9.999999403953552246e-01,1.000000000000000000e+00,1.000000000000000000e+00,9.999998211860656738e-01,9.130406975746154785e-01,9.941548705101013184e-01,9.724463224411010742e-01,7.751243114471435547e-01,9.495463371276855469e-01,9.730178117752075195e-01,9.909633398056030273e-01,9.952192902565002441e-01,9.965016245841979980e-01,9.972027540206909180e-01,8.862259387969970703e-01,9.996454715728759766e-01,9.966790676116943359e-01,9.995949864387512207e-01,8.505228161811828613e-01,8.406857252120971680e-01
1.000000119209289551e+00,9.999998211860656738e-01,1.000000119209289551e+00,1.000000119209289551e+00,1.000000000000000000e+00,1.000000000000000000e+00,9.999999403953552246e-01,9.999999403953552246e-01,1.000000000000000000e+00,1.000000000000000000e+00,9.999997615814208984e-01,1.000000000000000000e+00,1.000000000000000000e+00,1.000000119209289551e+00,1.000000119209289551e+00,1.000000119209289551e+00,9.184991121292114258e-01,9.942940473556518555e-01,9.724875688552856445e-01,8.218086957931518555e-01,9.399629831314086914e-01,9.745923280715942383e-01,9.890851974487304688e-01,9.952783584594726562e-01,9.963734149932861328e-01,9.970278739929199219e-01,9.136778712272644043e-01,9.996784925460815430e-01,9.977068901062011719e-01,9.996116161346435547e-01,8.527696728706359863e-01,8.671803474426269531e-01
1.000000238418579102e+00,1.000000119209289551e+00,9.999999403953552246e-01,9.999998807907104492e-01,1.000000119209289551e+00,9.999998807907104492e-01,9.999998807907104492e-01,1.000000000000000000e+00,9.999998807907104492e-01,1.000000000000000000e+00,9.999999403953552246e-01,1.000000119209289551e+00,1.000000000000000000e+00,1.000000119209289551e+00,1.000000000000000000e+00,1.000000000000000000e+00,9.303599596023559570e-01,9.955107569694519043e-01,9.813143014907836914e-01,8.951898217201232910e-01,9.462866783142089844e-01,9.802621603012084961e-01,9.890817403793334961e-01,9.966133832931518555e-01,9.972964525222778320e-01,9.973334670066833496e-01,9.309434294700622559e-01,9.996663331985473633e-01,9.975869059562683105e-01,9.996181130409240723e-01,8.885418772697448730e-01,9.053839445114135742e-01
1.000000238418579102e+00,9.999998807907104492e-01,9.999999403953552246e-01,1.000000000000000000e+00,1.000000119209289551e+00,1.000000119209289551e+00,9.999998807907104492e-01,1.000000119209289551e+00,9.999998211860656738e-01,1.000000000000000000e+00,1.000000000000000000e+00,1.000000000000000000e+00,1.000000000000000000e+00,1.000000000000000000e+00,1.000000000000000000e+00,9.999998807907104492e-01,9.449272751808166504e-01,9.911636114120483398e-01,9.711207747459411621e-01,8.987106084823608398e-01,9.173301458358764648e-01,9.551990032196044922e-01,9.802479743957519531e-01,9.930431842803955078e-01,9.964116215705871582e-01,9.960064888000488281e-01,8.297553062438964844e-01,9.989765286445617676e-01,9.968512058258056641e-01,9.991248846054077148e-01,6.955700516700744629e-01,6.496682167053222656e-01
