0.000000000000000000e+00,0.000000000000000000e+00,0.000000000000000000e+00,0.000000000000000000e+00,0.000000000000000000e+00,0.000000000000000000e+00,0.000000000000000000e+00,0.000000000000000000e+00,0.000000000000000000e+00,0.000000000000000000e+00,0.000000000000000000e+00,0.000000000000000000e+00,0.000000000000000000e+00,0.000000000000000000e+00,0.000000000000000000e+00,0.000000000000000000e+00,0.000000000000000000e+00,0.000000000000000000e+00,0.000000000000000000e+00,0.000000000000000000e+00,3.065806388854980469e+01,3.929138183593750000e-03,1.696968078613281250e-02,-1.409530639648437500e-03,1.501083374023437500e-03,2.155303955078125000e-04,5.371093750000000000e-03,1.106262207031250000e-04,-1.773834228515625000e-04,-4.577636718750000000e-05,3.528594970703125000e-04,-2.098083496093750000e-04,7.820129394531250000e-05,-2.670288085937500000e-05,-1.029968261718750000e-04,2.098083496093750000e-05,8.773803710937500000e-05,1.449584960937500000e-04,9.536743164062500000e-06,1.127243041992187500e-03,8.087158203125000000e-04,3.433227539062500000e-05,1.029968261718750000e-04,1.869201660156250000e-04,5.340576171875000000e-05,-2.338409423828125000e-03,-9.346008300781250000e-05,3.013610839843750000e-04,2.670288085937500000e-05,-6.484985351562500000e-05,5.817413330078125000e-04
0.000000000000000000e+00,0.000000000000000000e+00,0.000000000000000000e+00,0.000000000000000000e+00,0.000000000000000000e+00,0.000000000000000000e+00,0.000000000000000000e+00,0.000000000000000000e+00,0.000000000000000000e+00,0.000000000000000000e+00,0.000000000000000000e+00,0.000000000000000000e+00,0.000000000000000000e+00,0.000000000000000000e+00,0.000000000000000000e+00,0.000000000000000000e+00,0.000000000000000000e+00,0.000000000000000000e+00,0.000000000000000000e+00,0.000000000000000000e+00,3.058513450622558594e+01,7.609939575195312500e-02,1.402854919433593750e-02,-3.356933593750000000e-04,3.084182739257812500e-03,-2.384185791015625000e-03,6.990432739257812500e-03,-1.432418823242187500e-03,-6.313323974609375000e-04,8.583068847656250000e-05,-1.716613769531250000e-04,-8.659362792968750000e-04,6.008148193359375000e-04,1.239776611328125000e-04,7.057189941406250000e-05,-2.479553222656250000e-05,5.550384521484375000e-04,9.918212890625000000e-05,2.193450927734375000e-04,2.651214599609375000e-03,1.810073852539062500e-03,3.852844238281250000e-04,4.272460937500000000e-04,-1.924514770507812500e-03,3.376007080078125000e-04,-2.977371215820312500e-03,-1.182556152343750000e-04,9.498596191406250000e-04,5.073547363281250000e-04,-1.277923583984375000e-04,-6.217956542968750000e-04
0.000000000000000000e+00,0.000000000000000000e+00,0.000000000000000000e+00,0.000000000000000000e+00,0.000000000000000000e+00,0.000000000000000000e+00,0.000000000000000000e+00,0.000000000000000000e+00,0.000000000000000000e+00,0.000000000000000000e+00,0.000000000000000000e+00,0.000000000000000000e+00,0.000000000000000000e+00,0.000000000000000000e+00,0.000000000000000000e+00,0.000000000000000000e+00,0.000000000000000000e+00,0.000000000000000000e+00,0.000000000000000000e+00,0.000000000000000000e+00,3.068842887878417969e+01,1.189727783203125000e-01,3.239250183105468750e-02,6.408691406250000000e-04,1.142501831054687500e-02,-3.651428222656250000e-02,4.130935668945312500e-02,3.147125244140625000e-03,1.483917236328125000e-03,-2.550125122070312500e-03,7.801055908203125000e-04,4.844665527343750000e-03,-3.585815429687500000e-04,-1.010894775390625000e-04,5.340576171875000000e-05,-1.258850097656250000e-04,5.283355712890625000e-04,-4.253387451171875000e-04,5.893707275390625000e-04,-5.983352661132812500e-03,3.709793090820312500e-03,3.986358642578125000e-04,-2.414703369140625000e-03,-1.132965087890625000e-03,4.079818725585937500e-03,-6.484985351562500000e-04,1.907348632812500000e-06,-5.300521850585937500e-03,3.528594970703125000e-04,-1.296997070312500000e-04,-4.388809204101562500e-03
0.000000000000000000e+00,0.000000000000000000e+00,0.000000000000000000e+00,0.000000000000000000e+00,0.000000000000000000e+00,0.000000000000000000e+00,0.000000000000000000e+00,0.000000000000000000e+00,0.000000000000000000e+00,0.000000000000000000e+00,0.000000000000000000e+00,0.000000000000000000e+00,0.000000000000000000e+00,0.000000000000000000e+00,0.000000000000000000e+00,0.000000000000000000e+00,0.000000000000000000e+00,0.000000000000000000e+00,0.000000000000000000e+00,0.000000000000000000e+00,3.070317268371582031e+01,1.626052856445312500e-01,3.346824645996093750e-02,-5.168914794921875000e-03,4.674911499023437500e-03,-2.218055725097656250e-02,6.550025939941406250e-02,-1.021194458007812500e-02,3.242492675781250000e-03,3.356933593750000000e-04,3.746032714843750000e-03,3.246307373046875000e-03,7.667541503906250000e-04,-7.991790771484375000e-04,5.016326904296875000e-04,2.498626708984375000e-04,-3.664016723632812500e-03,-1.287460327148437500e-03,-1.773834228515625000e-04,2.019882202148437500e-03,3.625869750976562500e-03,-1.033782958984375000e-03,-2.998352050781250000e-03,-2.809524536132812500e-03,2.937316894531250000e-03,-6.361007690429687500e-03,-2.307891845703125000e-04,-5.996704101562500000e-03,-5.722045898437500000e-06,-6.847381591796875000e-04,-9.864807128906250000e-03
0.000000000000000000e+00,0.000000000000000000e+00,0.000000000000000000e+00,0.000000000000000000e+00,0.000000000000000000e+00,0.000000000000000000e+00,0.000000000000000000e+00,0.000000000000000000e+00,0.000000000000000000e+00,0.000000000000000000e+00,0.000000000000000000e+00,0.000000000000000000e+00,0.000000000000000000e+00,0.000000000000000000e+00,0.000000000000000000e+00,0.000000000000000000e+00,0.000000000000000000e+00,0.000000000000000000e+00,0.000000000000000000e+00,0.000000000000000000e+00,3.066171264648437500e+01,8.569526672363281250e-02,7.344818115234375000e-02,-1.544952392578125000e-03,9.593963623046875000e-04,-1.264762878417968750e-02,1.110305786132812500e-01,2.193450927734375000e-04,-6.465911865234375000e-04,8.964538574218750000e-05,5.910873413085937500e-03,4.920959472656250000e-03,-7.629394531250000000e-05,-1.176834106445312500e-03,1.430511474609375000e-04,2.079010009765625000e-04,-3.482818603515625000e-03,3.128051757812500000e-04,-8.583068847656250000e-05,4.009246826171875000e-03,4.682540893554687500e-03,-1.628875732421875000e-03,-1.489639282226562500e-03,-2.101898193359375000e-03,-5.168914794921875000e-04,-8.132934570312500000e-03,-2.918243408203125000e-04,-5.620956420898437500e-03,5.149841308593750000e-05,-1.491546630859375000e-03,-1.264381408691406250e-02
0.000000000000000000e+00,0.000000000000000000e+00,0.000000000000000000e+00,0.000000000000000000e+00,0.000000000000000000e+00,0.000000000000000000e+00,0.000000000000000000e+00,0.000000000000000000e+00,0.000000000000000000e+00,0.000000000000000000e+00,0.000000000000000000e+00,0.000000000000000000e+00,0.000000000000000000e+00,0.000000000000000000e+00,0.000000000000000000e+00,0.000000000000000000e+00,0.000000000000000000e+00,0.000000000000000000e+00,0.000000000000000000e+00,0.000000000000000000e+00,3.052801513671875000e+01,1.156959533691406250e-01,9.577178955078125000e-02,-9.712219238281250000e-03,-7.822036743164062500e-03,-3.811073303222656250e-02,2.697124481201171875e-01,1.061630249023437500e-02,-1.953315734863281250e-02,-9.368896484375000000e-03,2.133178710937500000e-02,2.273559570312500000e-03,-2.498626708984375000e-04,-2.098083496093750000e-04,-6.675720214843750000e-05,8.792877197265625000e-04,5.245208740234375000e-04,3.232955932617187500e-03,3.557205200195312500e-03,8.075714111328125000e-03,3.032684326171875000e-03,3.662109375000000000e-04,-3.032684326171875000e-04,-3.030776977539062500e-03,4.928588867187500000e-03,-8.865356445312500000e-03,-2.880096435546875000e-04,-1.869201660156250000e-04,9.155273437500000000e-05,-2.027511596679687500e-03,-1.144409179687500000e-02
0.000000000000000000e+00,0.000000000000000000e+00,0.000000000000000000e+00,0.000000000000000000e+00,0.000000000000000000e+00,0.000000000000000000e+00,0.000000000000000000e+00,0.000000000000000000e+00,0.000000000000000000e+00,0.000000000000000000e+00,0.000000000000000000e+00,0.000000000000000000e+00,0.000000000000000000e+00,0.000000000000000000e+00,0.000000000000000000e+00,0.000000000000000000e+00,0.000000000000000000e+00,0.000000000000000000e+00,0.000000000000000000e+00,0.000000000000000000e+00,3.053846359252929688e+01,7.507324218750000000e-02,9.640693664550781250e-02,-3.398895263671875000e-03,-2.030563354492187500e-02,-1.823616027832031250e-02,2.839889526367187500e-01,2.050399780273437500e-03,-9.412765502929687500e-03,-1.323699951171875000e-03,2.502822875976562500e-02,-4.365921020507812500e-03,-1.091957092285156250e-02,-7.381439208984375000e-04,8.335113525390625000e-04,3.852844238281250000e-04,2.803802490234375000e-04,-5.149841308593750000e-05,4.768371582031250000e-03,9.490966796875000000e-03,1.638412475585937500e-03,3.028869628906250000e-03,-2.029418945312500000e-03,-1.804351806640625000e-03,2.652168273925781250e-02,-7.696151733398437500e-03,-4.138946533203125000e-04,-2.664566040039062500e-03,-1.525878906250000000e-05,-2.365112304687500000e-03,-1.002311706542968750e-02
0.000000000000000000e+00,0.000000000000000000e+00,0.000000000000000000e+00,0.000000000000000000e+00,0.000000000000000000e+00,0.000000000000000000e+00,0.000000000000000000e+00,0.000000000000000000e+00,0.000000000000000000e+00,0.000000000000000000e+00,0.000000000000000000e+00,0.000000000000000000e+00,0.000000000000000000e+00,0.000000000000000000e+00,0.000000000000000000e+00,0.000000000000000000e+00,0.000000000000000000e+00,0.000000000000000000e+00,0.000000000000000000e+00,0.000000000000000000e+00,3.065711021423339844e+01,3.530311584472656250e-02,1.099872589111328125e-01,4.627037048339843750e-02,6.895065307617187500e-03,-2.874374389648437500e-03,3.049564361572265625e-01,2.517700195312500000e-03,-1.577568054199218750e-02,6.223678588867187500e-03,1.124954223632812500e-02,5.889892578125000000e-03,-1.232910156250000000e-02,-1.451492309570312500e-03,-1.640319824218750000e-04,8.296966552734375000e-04,8.512496948242187500e-03,-4.697799682617187500e-03,4.579544067382812500e-03,2.076911926269531250e-02,6.980895996093750000e-04,-2.254486083984375000e-03,-5.561828613281250000e-03,-4.068374633789062500e-03,2.831649780273437500e-02,-2.655029296875000000e-03,-6.713867187500000000e-04,-3.398895263671875000e-03,8.392333984375000000e-05,-4.549026489257812500e-03,-1.771926879882812500e-02
0.000000000000000000e+00,0.000000000000000000e+00,0.000000000000000000e+00,0.000000000000000000e+00,0.000000000000000000e+00,0.000000000000000000e+00,0.000000000000000000e+00,0.000000000000000000e+00,0.000000000000000000e+00,0.000000000000000000e+00,0.000000000000000000e+00,0.000000000000000000e+00,0.000000000000000000e+00,0.000000000000000000e+00,0.000000000000000000e+00,0.000000000000000000e+00,0.000000000000000000e+00,0.000000000000000000e+00,0.000000000000000000e+00,0.000000000000000000e+00,3.050315093994140625e+01,-2.441349029541015625e-01,-9.834289550781250000e-03,6.163215637207031250e-02,3.594398498535156250e-02,5.201339721679687500e-03,3.227100372314453125e-01,-2.620697021484375000e-03,5.741119384765625000e-04,6.837844848632812500e-03,2.043724060058593750e-02,5.222320556640625000e-03,6.282806396484375000e-03,-1.947402954101562500e-03,-9.136199951171875000e-04,-3.414154052734375000e-04,1.962661743164062500e-03,1.516342163085937500e-03,5.537033081054687500e-03,7.057189941406250000e-03,1.173019409179687500e-03,-2.767562866210937500e-03,-5.538940429687500000e-03,-7.038116455078125000e-04,3.903961181640625000e-02,9.029388427734375000e-03,-7.228851318359375000e-04,-3.175735473632812500e-03,-2.536773681640625000e-04,-5.081176757812500000e-03,-2.049446105957031250e-02
0.000000000000000000e+00,0.000000000000000000e+00,0.000000000000000000e+00,0.000000000000000000e+00,0.000000000000000000e+00,0.000000000000000000e+00,0.000000000000000000e+00,0.000000000000000000e+00,0.000000000000000000e+00,0.000000000000000000e+00,0.000000000000000000e+00,0.000000000000000000e+00,0.000000000000000000e+00,0.000000000000000000e+00,0.000000000000000000e+00,0.000000000000000000e+00,0.000000000000000000e+00,0.000000000000000000e+00,0.000000000000000000e+00,0.000000000000000000e+00,3.029652404785156250e+01,-2.832183837890625000e-01,1.337623596191406250e-02,6.260490417480468750e-02,-7.144927978515625000e-03,1.779174804687500000e-02,4.304122924804687500e-01,-1.047134399414062500e-02,9.054183959960937500e-03,3.225135803222656250e-02,1.489639282226562500e-02,1.327514648437500000e-03,1.806259155273437500e-03,4.882812500000000000e-04,-2.954483032226562500e-03,-1.848220825195312500e-03,2.651214599609375000e-04,2.880096435546875000e-04,-2.775192260742187500e-03,2.370834350585937500e-02,4.255294799804687500e-03,-2.590179443359375000e-03,-6.683349609375000000e-03,-3.761291503906250000e-03,5.195999145507812500e-02,5.960464477539062500e-03,-1.363754272460937500e-03,-1.043128967285156250e-02,-9.727478027343750000e-05,-5.296707153320312500e-03,-1.890563964843750000e-02
0.000000000000000000e+00,0.000000000000000000e+00,0.000000000000000000e+00,0.000000000000000000e+00,0.000000000000000000e+00,0.000000000000000000e+00,0.000000000000000000e+00,0.000000000000000000e+00,0.000000000000000000e+00,0.000000000000000000e+00,0.000000000000000000e+00,0.000000000000000000e+00,0.000000000000000000e+00,0.000000000000000000e+00,0.000000000000000000e+00,0.000000000000000000e+00,0.000000000000000000e+00,0.000000000000000000e+00,0.000000000000000000e+00,0.000000000000000000e+00,3.028443527221679688e+01,-2.744560241699218750e-01,-4.026222229003906250e-02,6.793594360351562500e-02,3.201866149902343750e-02,9.977340698242187500e-02,3.518123626708984375e-01,-7.131958007812500000e-02,1.177215576171875000e-02,2.482795715332031250e-02,6.660461425781250000e-03,-2.468490600585937500e-02,-8.598327636718750000e-03,-1.449584960937500000e-04,-2.923965454101562500e-03,-7.305145263671875000e-04,9.317398071289062500e-03,3.434562683105468750e-02,1.403808593750000000e-02,2.584266662597656250e-02,1.976013183593750000e-03,5.853652954101562500e-03,-1.626968383789062500e-03,-5.016326904296875000e-04,3.031539916992187500e-02,2.216148376464843750e-02,-1.384735107421875000e-03,-2.702713012695312500e-03,1.277923583984375000e-04,-3.562927246093750000e-03,-3.678131103515625000e-02
0.000000000000000000e+00,0.000000000000000000e+00,0.000000000000000000e+00,0.000000000000000000e+00,0.000000000000000000e+00,0.000000000000000000e+00,0.000000000000000000e+00,0.000000000000000000e+00,0.000000000000000000e+00,0.000000000000000000e+00,0.000000000000000000e+00,0.000000000000000000e+00,0.000000000000000000e+00,0.000000000000000000e+00,0.000000000000000000e+00,0.000000000000000000e+00,0.000000000000000000e+00,0.000000000000000000e+00,0.000000000000000000e+00,0.000000000000000000e+00,3.043098640441894531e+01,-2.241210937500000000e-01,-2.403259277343750000e-03,1.401519775390625000e-02,5.836486816406250000e-02,1.150798797607421875e-01,3.690910339355468750e-01,-5.660820007324218750e-02,1.988983154296875000e-02,5.369186401367187500e-02,-9.340286254882812500e-03,-3.196334838867187500e-02,5.153656005859375000e-03,1.853942871093750000e-03,6.961822509765625000e-04,-1.003265380859375000e-03,1.397514343261718750e-02,3.231620788574218750e-02,3.397560119628906250e-02,3.928184509277343750e-02,5.287170410156250000e-03,4.981994628906250000e-03,-5.147933959960937500e-03,-9.174346923828125000e-04,1.963806152343750000e-02,-1.237106323242187500e-02,-1.523971557617187500e-03,-7.823944091796875000e-03,-3.089904785156250000e-04,-2.019882202148437500e-03,1.806831359863281250e-02
0.000000000000000000e+00,0.000000000000000000e+00,0.000000000000000000e+00,0.000000000000000000e+00,0.000000000000000000e+00,0.000000000000000000e+00,0.000000000000000000e+00,0.000000000000000000e+00,0.000000000000000000e+00,0.000000000000000000e+00,0.000000000000000000e+00,0.000000000000000000e+00,0.000000000000000000e+00,0.000000000000000000e+00,0.000000000000000000e+00,0.000000000000000000e+00,0.000000000000000000e+00,0.000000000000000000e+00,0.000000000000000000e+00,0.000000000000000000e+00,2.963222694396972656e+01,-1.643753051757812500e-01,5.982971191406250000e-02,-1.354408264160156250e-02,5.160522460937500000e-02,1.143226623535156250e-01,7.918281555175781250e-01,-1.418571472167968750e-01,3.258323669433593750e-02,5.279541015625000000e-03,-5.718231201171875000e-03,-4.254722595214843750e-02,-1.773834228515625000e-04,1.337051391601562500e-03,-1.010894775390625000e-04,5.863189697265625000e-03,1.662254333496093750e-02,2.413940429687500000e-02,3.295135498046875000e-02,4.063224792480468750e-02,3.166198730468750000e-04,8.434295654296875000e-03,-5.086898803710937500e-03,-3.255844116210937500e-03,2.567100524902343750e-02,-1.536941528320312500e-02,-3.528594970703125000e-04,-7.808685302734375000e-03,-3.108978271484375000e-04,-5.704879760742187500e-03,2.409934997558593750e-02
0.000000000000000000e+00,0.000000000000000000e+00,0.000000000000000000e+00,0.000000000000000000e+00,0.000000000000000000e+00,0.000000000000000000e+00,0.000000000000000000e+00,0.000000000000000000e+00,0.000000000000000000e+00,0.000000000000000000e+00,0.000000000000000000e+00,0.000000000000000000e+00,0.000000000000000000e+00,0.000000000000000000e+00,0.000000000000000000e+00,0.000000000000000000e+00,0.000000000000000000e+00,0.000000000000000000e+00,0.000000000000000000e+00,0.000000000000000000e+00,2.984682273864746094e+01,-1.360836029052734375e-01,5.352020263671875000e-02,-3.581619262695312500e-02,4.698371887207031250e-02,1.065216064453125000e-01,6.330471038818359375e-01,-1.930236816406250000e-02,5.183219909667968750e-02,6.695938110351562500e-02,-1.582527160644531250e-02,-2.464103698730468750e-02,2.233886718750000000e-02,4.924774169921875000e-03,1.157760620117187500e-03,3.747940063476562500e-03,1.170158386230468750e-02,3.787231445312500000e-02,5.291366577148437500e-02,1.443862915039062500e-02,-5.079269409179687500e-03,4.367828369140625000e-04,7.680892944335937500e-03,2.473831176757812500e-03,3.912353515625000000e-02,-1.969337463378906250e-02,3.890991210937500000e-04,-1.622772216796875000e-02,-7.266998291015625000e-04,7.133483886718750000e-04,2.060699462890625000e-02
0.000000000000000000e+00,0.000000000000000000e+00,0.000000000000000000e+00,0.000000000000000000e+00,0.000000000000000000e+00,0.000000000000000000e+00,0.000000000000000000e+00,0.000000000000000000e+00,0.000000000000000000e+00,0.000000000000000000e+00,0.000000000000000000e+00,0.000000000000000000e+00,0.000000000000000000e+00,0.000000000000000000e+00,0.000000000000000000e+00,0.000000000000000000e+00,0.000000000000000000e+00,0.000000000000000000e+00,0.000000000000000000e+00,0.000000000000000000e+00,2.987141036987304688e+01,-1.493320465087890625e-01,2.256202697753906250e-02,-3.440093994140625000e-02,2.417373657226562500e-02,8.442878723144531250e-02,5.955162048339843750e-01,5.031394958496093750e-02,7.880020141601562500e-02,9.026336669921875000e-02,-5.594253540039062500e-03,-2.484893798828125000e-02,4.467773437500000000e-02,2.258300781250000000e-03,7.156372070312500000e-03,-1.756668090820312500e-03,7.791519165039062500e-03,3.430557250976562500e-02,6.246757507324218750e-02,2.012252807617187500e-02,-5.792617797851562500e-03,1.106262207031250000e-03,4.291534423828125000e-03,1.995086669921875000e-03,3.948211669921875000e-02,-9.031295776367187500e-03,-1.468658447265625000e-04,-8.502960205078125000e-03,-8.983612060546875000e-04,5.638122558593750000e-03,-3.039550781250000000e-02
0.000000000000000000e+00,0.000000000000000000e+00,0.000000000000000000e+00,0.000000000000000000e+00,0.000000000000000000e+00,0.000000000000000000e+00,0.000000000000000000e+00,0.000000000000000000e+00,0.000000000000000000e+00,0.000000000000000000e+00,0.000000000000000000e+00,0.000000000000000000e+00,0.000000000000000000e+00,0.000000000000000000e+00,0.000000000000000000e+00,0.000000000000000000e+00,0.000000000000000000e+00,0.000000000000000000e+00,0.000000000000000000e+00,0.000000000000000000e+00,2.979307365417480469e+01,-1.492118835449218750e-01,-1.278686523437500000e-02,-4.162788391113281250e-02,-4.474639892578125000e-03,5.879402160644531250e-02,6.471347808837890625e-01,2.826118469238281250e-02,4.899024963378906250e-02,2.193832397460937500e-01,6.771087646484375000e-02,-1.365089416503906250e-02,-2.074050903320312500e-02,5.943298339843750000e-03,4.934310913085937500e-03,6.046295166015625000e-04,5.262374877929687500e-03,5.461120605468750000e-02,4.853057861328125000e-02,5.266380310058593750e-02,-7.789611816406250000e-03,7.286071777343750000e-04,-4.564285278320312500e-03,3.265380859375000000e-03,6.954383850097656250e-02,-1.686668395996093750e-02,3.280639648437500000e-04,-2.509498596191406250e-02,-1.180648803710937500e-03,4.570007324218750000e-03,-6.829833984375000000e-02
0.000000000000000000e+00,0.000000000000000000e+00,0.000000000000000000e+00,0.000000000000000000e+00,0.000000000000000000e+00,0.000000000000000000e+00,0.000000000000000000e+00,0.000000000000000000e+00,0.000000000000000000e+00,0.000000000000000000e+00,0.000000000000000000e+00,0.000000000000000000e+00,0.000000000000000000e+00,0.000000000000000000e+00,0.000000000000000000e+00,0.000000000000000000e+00,0.000000000000000000e+00,0.000000000000000000e+00,0.000000000000000000e+00,0.000000000000000000e+00,2.975625991821289062e+01,-1.939144134521484375e-01,8.726692199707031250e-02,-4.600715637207031250e-02,-4.458427429199218750e-02,4.266738891601562500e-02,6.159439086914062500e-01,1.786804199218750000e-02,4.748344421386718750e-02,4.488372802734375000e-02,2.182006835937500000e-03,-3.937149047851562500e-02,-1.344299316406250000e-02,-6.164550781250000000e-03,8.239746093750000000e-03,4.362106323242187500e-03,1.992034912109375000e-02,5.680656433105468750e-02,3.175926208496093750e-02,4.986572265625000000e-02,4.425048828125000000e-04,8.430480957031250000e-03,2.674102783203125000e-03,-3.843307495117187500e-03,2.606964111328125000e-02,-1.518821716308593750e-02,1.945495605468750000e-04,-1.688194274902343750e-02,-8.735656738281250000e-04,1.024246215820312500e-02,2.955570220947265625e-01
0.000000000000000000e+00,0.000000000000000000e+00,0.000000000000000000e+00,0.000000000000000000e+00,0.000000000000000000e+00,0.000000000000000000e+00,0.000000000000000000e+00,0.000000000000000000e+00,0.000000000000000000e+00,0.000000000000000000e+00,0.000000000000000000e+00,0.000000000000000000e+00,0.000000000000000000e+00,0.000000000000000000e+00,0.000000000000000000e+00,0.000000000000000000e+00,0.000000000000000000e+00,0.000000000000000000e+00,0.000000000000000000e+00,0.000000000000000000e+00,2.975543403625488281e+01,-1.306114196777343750e-01,5.960273742675781250e-02,-3.717613220214843750e-02,-3.237152099609375000e-02,5.469894409179687500e-02,6.004524230957031250e-01,-7.984161376953125000e-03,5.633163452148437500e-02,2.021980285644531250e-02,-6.708145141601562500e-03,-4.201126098632812500e-02,-2.799415588378906250e-02,-5.046844482421875000e-03,1.133728027343750000e-02,3.150939941406250000e-03,2.147293090820312500e-02,-9.231567382812500000e-04,1.857566833496093750e-02,5.542755126953125000e-02,3.381729125976562500e-03,9.330749511718750000e-03,1.781463623046875000e-03,-5.111694335937500000e-03,2.187347412109375000e-02,-1.085853576660156250e-02,-7.476806640625000000e-04,-2.000045776367187500e-02,-4.596710205078125000e-04,2.852630615234375000e-02,3.749294281005859375e-01
0.000000000000000000e+00,0.000000000000000000e+00,0.000000000000000000e+00,0.000000000000000000e+00,0.000000000000000000e+00,0.000000000000000000e+00,0.000000000000000000e+00,0.000000000000000000e+00,0.000000000000000000e+00,0.000000000000000000e+00,0.000000000000000000e+00,0.000000000000000000e+00,0.000000000000000000e+00,0.000000000000000000e+00,0.000000000000000000e+00,0.000000000000000000e+00,0.000000000000000000e+00,0.000000000000000000e+00,0.000000000000000000e+00,0.000000000000000000e+00,2.935675621032714844e+01,-4.662322998046875000e-02,5.573463439941406250e-02,5.283355712890625000e-03,2.013397216796875000e-02,4.763221740722656250e-02,4.759311676025390625e-01,-6.965637207031250000e-03,-2.804565429687500000e-02,9.101867675781250000e-02,4.091262817382812500e-03,-4.952812194824218750e-02,-3.351020812988281250e-02,1.171112060546875000e-03,2.964019775390625000e-03,7.841110229492187500e-03,1.003074645996093750e-02,-2.828598022460937500e-03,2.046394348144531250e-02,2.846145629882812500e-02,5.907058715820312500e-03,1.084709167480468750e-02,1.106262207031250000e-03,4.520416259765625000e-04,1.025390625000000000e-02,-1.258850097656250000e-03,-2.653121948242187500e-03,-1.774787902832031250e-02,7.820129394531250000e-04,2.307510375976562500e-02,4.597873687744140625e-01
0.000000000000000000e+00,0.000000000000000000e+00,0.000000000000000000e+00,0.000000000000000000e+00,0.000000000000000000e+00,0.000000000000000000e+00,0.000000000000000000e+00,0.000000000000000000e+00,0.000000000000000000e+00,0.000000000000000000e+00,0.000000000000000000e+00,0.000000000000000000e+00,0.000000000000000000e+00,0.000000000000000000e+00,0.000000000000000000e+00,0.000000000000000000e+00,0.000000000000000000e+00,0.000000000000000000e+00,0.000000000000000000e+00,0.000000000000000000e+00,2.912419700622558594e+01,-1.188163757324218750e-01,3.977012634277343750e-02,1.821136474609375000e-02,2.955436706542968750e-02,4.891586303710937500e-02,5.735454559326171875e-01,3.839111328125000000e-02,-1.221084594726562500e-02,1.102828979492187500e-02,2.326965332031250000e-03,-4.508590698242187500e-02,-3.350257873535156250e-02,8.182525634765625000e-04,4.066467285156250000e-03,1.177024841308593750e-02,9.012222290039062500e-03,-1.943588256835937500e-03,7.675170898437500000e-03,1.487350463867187500e-02,2.477645874023437500e-03,9.107589721679687500e-03,6.294250488281250000e-04,-3.509521484375000000e-04,9.120941162109375000e-03,5.481719970703125000e-03,-1.625061035156250000e-03,4.100799560546875000e-04,5.798339843750000000e-04,1.755905151367187500e-02,5.299587249755859375e-01
0.000000000000000000e+00,0.000000000000000000e+00,0.000000000000000000e+00,0.000000000000000000e+00,0.000000000000000000e+00,0.000000000000000000e+00,0.000000000000000000e+00,0.000000000000000000e+00,0.000000000000000000e+00,0.000000000000000000e+00,0.000000000000000000e+00,0.000000000000000000e+00,0.000000000000000000e+00,0.000000000000000000e+00,0.000000000000000000e+00,0.000000000000000000e+00,0.000000000000000000e+00,0.000000000000000000e+00,0.000000000000000000e+00,0.000000000000000000e+00,2.567701530456542969e+01,-7.679557800292968750e-02,2.870941162109375000e-02,1.071357727050781250e-02,8.152008056640625000e-03,3.397941589355468750e-02,4.571704864501953125e-01,1.934051513671875000e-03,7.385253906250000000e-03,6.587982177734375000e-03,4.924774169921875000e-03,8.319854736328125000e-03,-2.838134765625000000e-03,-1.070022583007812500e-03,9.593963623046875000e-04,1.155090332031250000e-02,7.579803466796875000e-03,2.332687377929687500e-03,4.199981689453125000e-03,1.250648498535156250e-02,2.698898315429687500e-03,1.258087158203125000e-02,3.904342651367187500e-03,7.629394531250000000e-05,7.270812988281250000e-03,1.044654846191406250e-02,-1.235961914062500000e-03,-1.754760742187500000e-04,5.931854248046875000e-04,9.656906127929687500e-03,1.614105224609375000e+00
0.000000000000000000e+00,0.000000000000000000e+00,0.000000000000000000e+00,0.000000000000000000e+00,0.000000000000000000e+00,0.000000000000000000e+00,0.000000000000000000e+00,0.000000000000000000e+00,0.000000000000000000e+00,0.000000000000000000e+00,0.000000000000000000e+00,0.000000000000000000e+00,0.000000000000000000e+00,0.000000000000000000e+00,0.000000000000000000e+00,0.000000000000000000e+00,0.000000000000000000e+00,0.000000000000000000e+00,0.000000000000000000e+00,0.000000000000000000e+00,2.553960418701171875e+01,-1.047706604003906250e-02,1.499557495117187500e-02,3.553390502929687500e-03,8.354187011718750000e-04,2.849769592285156250e-02,4.134407043457031250e-01,-1.760101318359375000e-02,-6.942749023437500000e-04,-3.089904785156250000e-03,2.708435058593750000e-03,8.792877197265625000e-04,-6.242752075195312500e-03,-5.779266357421875000e-04,-1.279830932617187500e-03,9.334564208984375000e-03,2.235412597656250000e-03,-1.131057739257812500e-03,2.609252929687500000e-03,8.062362670898437500e-03,1.327514648437500000e-03,1.363754272460937500e-02,1.808166503906250000e-03,4.386901855468750000e-04,5.487442016601562500e-03,3.431320190429687500e-03,-1.062393188476562500e-03,-5.474090576171875000e-04,5.569458007812500000e-04,6.046295166015625000e-03,1.933135986328125000e+00
0.000000000000000000e+00,0.000000000000000000e+00,0.000000000000000000e+00,0.000000000000000000e+00,0.000000000000000000e+00,0.000000000000000000e+00,0.000000000000000000e+00,0.000000000000000000e+00,0.000000000000000000e+00,0.000000000000000000e+00,0.000000000000000000e+00,0.000000000000000000e+00,0.000000000000000000e+00,0.000000000000000000e+00,0.000000000000000000e+00,0.000000000000000000e+00,0.000000000000000000e+00,0.000000000000000000e+00,0.000000000000000000e+00,0.000000000000000000e+00,-1.698093414306640625e-01,-3.549575805664062500e-03,6.839752197265625000e-03,2.490997314453125000e-03,-1.605987548828125000e-03,3.737258911132812500e-02,-3.492927551269531250e-02,2.010345458984375000e-03,-1.403808593750000000e-03,-3.137588500976562500e-03,-2.956390380859375000e-04,2.195358276367187500e-03,-6.502151489257812500e-03,8.563995361328125000e-04,-2.706527709960937500e-03,7.648468017578125000e-04,-1.998901367187500000e-03,-1.899719238281250000e-03,-6.294250488281250000e-05,6.299972534179687500e-03,7.438659667968750000e-04,1.137924194335937500e-02,2.780914306640625000e-03,9.155273437500000000e-05,6.526947021484375000e-03,7.787704467773437500e-03,-4.457473754882812500e-03,-7.190704345703125000e-04,3.623962402343750000e-04,4.781723022460937500e-03,3.070839118957519531e+01
0.000000000000000000e+00,0.000000000000000000e+00,0.000000000000000000e+00,0.000000000000000000e+00,0.000000000000000000e+00,0.000000000000000000e+00,0.000000000000000000e+00,0.000000000000000000e+00,0.000000000000000000e+00,0.000000000000000000e+00,0.000000000000000000e+00,0.000000000000000000e+00,0.000000000000000000e+00,0.000000000000000000e+00,0.000000000000000000e+00,0.000000000000000000e+00,0.000000000000000000e+00,0.000000000000000000e+00,0.000000000000000000e+00,0.000000000000000000e+00,-8.120536804199218750e-02,4.642486572265625000e-03,3.852844238281250000e-03,1.829147338867187500e-03,-4.726409912109375000e-03,3.621673583984375000e-02,-1.713752746582031250e-02,1.558303833007812500e-03,-2.109527587890625000e-03,-3.032684326171875000e-03,7.057189941406250000e-04,1.022338867187500000e-03,-6.126403808593750000e-03,9.441375732421875000e-04,-2.536773681640625000e-03,8.125305175781250000e-04,-8.087158203125000000e-04,-7.686614990234375000e-04,5.550384521484375000e-04,6.328582763671875000e-03,1.640319824218750000e-04,1.168441772460937500e-02,1.329421997070312500e-03,3.547668457031250000e-04,5.830764770507812500e-03,9.170532226562500000e-03,-3.852844238281250000e-03,-6.217956542968750000e-04,1.945495605468750000e-04,-3.604888916015625000e-04,3.066903877258300781e+01
0.000000000000000000e+00,0.000000000000000000e+00,0.000000000000000000e+00,0.000000000000000000e+00,0.000000000000000000e+00,0.000000000000000000e+00,0.000000000000000000e+00,0.000000000000000000e+00,0.000000000000000000e+00,0.000000000000000000e+00,0.000000000000000000e+00,0.000000000000000000e+00,0.000000000000000000e+00,0.000000000000000000e+00,0.000000000000000000e+00,0.000000000000000000e+00,0.000000000000000000e+00,0.000000000000000000e+00,0.000000000000000000e+00,0.000000000000000000e+00,-5.453300476074218750e-02,6.258010864257812500e-03,4.230499267578125000e-03,7.419586181640625000e-04,-3.631591796875000000e-03,4.334640502929687500e-02,-1.285934448242187500e-02,4.005432128906250000e-04,-2.077102661132812500e-03,-2.925872802734375000e-03,9.174346923828125000e-04,1.232147216796875000e-03,-6.494522094726562500e-03,1.403808593750000000e-03,-1.363754272460937500e-03,7.934570312500000000e-04,-1.024246215820312500e-03,-1.602172851562500000e-03,7.915496826171875000e-04,6.582260131835937500e-03,4.215240478515625000e-04,7.215499877929687500e-03,1.842498779296875000e-03,6.084442138671875000e-04,4.356384277343750000e-03,1.058387756347656250e-02,-4.232406616210937500e-03,4.291534423828125000e-04,-1.678466796875000000e-04,6.822586059570312500e-03,3.061034202575683594e+01
0.000000000000000000e+00,0.000000000000000000e+00,0.000000000000000000e+00,0.000000000000000000e+00,0.000000000000000000e+00,0.000000000000000000e+00,0.000000000000000000e+00,0.000000000000000000e+00,0.000000000000000000e+00,0.000000000000000000e+00,0.000000000000000000e+00,0.000000000000000000e+00,0.000000000000000000e+00,0.000000000000000000e+00,0.000000000000000000e+00,0.000000000000000000e+00,0.000000000000000000e+00,0.000000000000000000e+00,0.000000000000000000e+00,0.000000000000000000e+00,-6.078910827636718750e-02,5.237579345703125000e-03,-3.004074096679687500e-03,1.869201660156250000e-04,-1.306533813476562500e-03,4.380035400390625000e-02,-1.489830017089843750e-02,-8.487701416015625000e-04,-1.632690429687500000e-03,-2.346038818359375000e-03,3.910064697265625000e-04,-7.591247558593750000e-04,-8.209228515625000000e-03,2.099990844726562500e-03,-9.727478027343750000e-04,6.523132324218750000e-04,-1.331329345703125000e-03,-1.224517822265625000e-03,2.363204956054687500e-03,1.523971557617187500e-03,5.416870117187500000e-04,5.554199218750000000e-03,4.995346069335937500e-03,2.836227416992187500e-03,4.343032836914062500e-03,1.096725463867187500e-03,-5.661010742187500000e-03,-1.407623291015625000e-03,1.239776611328125000e-04,4.117965698242187500e-03,3.058771705627441406e+01
0.000000000000000000e+00,0.000000000000000000e+00,0.000000000000000000e+00,0.000000000000000000e+00,0.000000000000000000e+00,0.000000000000000000e+00,0.000000000000000000e+00,0.000000000000000000e+00,0.000000000000000000e+00,0.000000000000000000e+00,0.000000000000000000e+00,0.000000000000000000e+00,0.000000000000000000e+00,0.000000000000000000e+00,0.000000000000000000e+00,0.000000000000000000e+00,0.000000000000000000e+00,0.000000000000000000e+00,0.000000000000000000e+00,0.000000000000000000e+00,-6.542587280273437500e-02,1.229286193847656250e-02,1.447677612304687500e-03,-6.866455078125000000e-05,-1.422882080078125000e-03,1.127243041992187500e-03,1.594734191894531250e-02,-8.621215820312500000e-04,-3.032684326171875000e-03,-3.681182861328125000e-04,3.757476806640625000e-04,-1.375198364257812500e-03,-9.920120239257812500e-03,2.952575683593750000e-03,2.040863037109375000e-03,2.937316894531250000e-04,-1.232147216796875000e-03,-2.136230468750000000e-04,1.935958862304687500e-03,2.803802490234375000e-04,-7.629394531250000000e-05,3.513336181640625000e-03,6.238937377929687500e-03,2.464294433593750000e-03,3.671646118164062500e-03,4.766464233398437500e-03,-5.613327026367187500e-03,-2.120971679687500000e-03,1.544952392578125000e-04,3.297805786132812500e-03,3.058942985534667969e+01
0.000000000000000000e+00,0.000000000000000000e+00,0.000000000000000000e+00,0.000000000000000000e+00,0.000000000000000000e+00,0.000000000000000000e+00,0.000000000000000000e+00,0.000000000000000000e+00,0.000000000000000000e+00,0.000000000000000000e+00,0.000000000000000000e+00,0.000000000000000000e+00,0.000000000000000000e+00,0.000000000000000000e+00,0.000000000000000000e+00,0.000000000000000000e+00,0.000000000000000000e+00,0.000000000000000000e+00,0.000000000000000000e+00,0.000000000000000000e+00,0.000000000000000000e+00,0.000000000000000000e+00,0.000000000000000000e+00,0.000000000000000000e+00,0.000000000000000000e+00,0.000000000000000000e+00,0.000000000000000000e+00,0.000000000000000000e+00,0.000000000000000000e+00,0.000000000000000000e+00,0.000000000000000000e+00,0.000000000000000000e+00,0.000000000000000000e+00,0.000000000000000000e+00,0.000000000000000000e+00,0.000000000000000000e+00,0.000000000000000000e+00,0.000000000000000000e+00,0.000000000000000000e+00,0.000000000000000000e+00,0.000000000000000000e+00,0.000000000000000000e+00,0.000000000000000000e+00,0.000000000000000000e+00,0.000000000000000000e+00,0.000000000000000000e+00,0.000000000000000000e+00,0.000000000000000000e+00,0.000000000000000000e+00,0.000000000000000000e+00,3.066842460632324219e+01
