0.000000000000000000e+00,0.000000000000000000e+00,0.000000000000000000e+00,0.000000000000000000e+00,0.000000000000000000e+00,0.000000000000000000e+00,0.000000000000000000e+00,0.000000000000000000e+00,0.000000000000000000e+00,0.000000000000000000e+00,0.000000000000000000e+00,0.000000000000000000e+00,0.000000000000000000e+00,0.000000000000000000e+00,0.000000000000000000e+00,0.000000000000000000e+00,0.000000000000000000e+00,0.000000000000000000e+00,0.000000000000000000e+00,0.000000000000000000e+00,3.064196777343750000e+01,3.929138183593750000e-03,-2.500534057617187500e-03,-1.409530639648437500e-03,6.828308105468750000e-04,1.258850097656250000e-04,-6.824493408203125000e-03,1.106262207031250000e-04,-1.773834228515625000e-04,-4.577636718750000000e-05,3.528594970703125000e-04,-2.098083496093750000e-04,-5.912780761718750000e-05,-2.670288085937500000e-05,-1.029968261718750000e-04,7.629394531250000000e-06,6.294250488281250000e-05,-1.354217529296875000e-04,9.536743164062500000e-06,1.127243041992187500e-03,7.076263427734375000e-04,-9.536743164062500000e-06,1.029968261718750000e-04,-1.024246215820312500e-03,5.340576171875000000e-05,-2.338409423828125000e-03,-1.869201660156250000e-04,-9.727478027343750000e-05,7.629394531250000000e-06,-6.484985351562500000e-05,-4.844665527343750000e-04
0.000000000000000000e+00,0.000000000000000000e+00,0.000000000000000000e+00,0.000000000000000000e+00,0.000000000000000000e+00,0.000000000000000000e+00,0.000000000000000000e+00,0.000000000000000000e+00,0.000000000000000000e+00,0.000000000000000000e+00,0.000000000000000000e+00,0.000000000000000000e+00,0.000000000000000000e+00,0.000000000000000000e+00,0.000000000000000000e+00,0.000000000000000000e+00,0.000000000000000000e+00,0.000000000000000000e+00,0.000000000000000000e+00,0.000000000000000000e+00,3.056820678710937500e+01,7.581901550292968750e-02,-1.182556152343750000e-04,-6.916046142578125000e-03,-2.922058105468750000e-03,-2.384185791015625000e-03,3.377914428710937500e-03,-3.101348876953125000e-03,-6.313323974609375000e-04,8.583068847656250000e-05,-1.716613769531250000e-04,-8.659362792968750000e-04,-5.607604980468750000e-04,8.773803710937500000e-05,-8.773803710937500000e-05,-3.776550292968750000e-04,-1.335144042968750000e-04,-1.411437988281250000e-04,2.193450927734375000e-04,-1.113891601562500000e-03,9.346008300781250000e-04,3.852844238281250000e-04,4.272460937500000000e-04,-1.924514770507812500e-03,-1.283645629882812500e-03,-2.977371215820312500e-03,-1.888275146484375000e-04,-2.994537353515625000e-04,-8.049011230468750000e-04,-1.277923583984375000e-04,-6.217956542968750000e-04
0.000000000000000000e+00,0.000000000000000000e+00,0.000000000000000000e+00,0.000000000000000000e+00,0.000000000000000000e+00,0.000000000000000000e+00,0.000000000000000000e+00,0.000000000000000000e+00,0.000000000000000000e+00,0.000000000000000000e+00,0.000000000000000000e+00,0.000000000000000000e+00,0.000000000000000000e+00,0.000000000000000000e+00,0.000000000000000000e+00,0.000000000000000000e+00,0.000000000000000000e+00,0.000000000000000000e+00,0.000000000000000000e+00,0.000000000000000000e+00,3.051148605346679688e+01,-1.146888732910156250e-01,-2.271270751953125000e-02,-5.867004394531250000e-03,-4.816055297851562500e-03,-3.651428222656250000e-02,4.130935668945312500e-02,-2.122688293457031250e-02,3.108978271484375000e-04,-2.550125122070312500e-03,4.730224609375000000e-04,1.361846923828125000e-03,-3.585815429687500000e-04,-1.010894775390625000e-04,-9.727478027343750000e-05,-1.258850097656250000e-04,-8.258819580078125000e-04,-4.253387451171875000e-04,-9.479522705078125000e-04,-5.983352661132812500e-03,6.713867187500000000e-04,3.986358642578125000e-04,-2.414703369140625000e-03,-1.132965087890625000e-03,-1.233863830566406250e-02,-6.484985351562500000e-04,1.907348632812500000e-06,-5.300521850585937500e-03,-5.340576171875000000e-04,-1.296997070312500000e-04,-4.388809204101562500e-03
0.000000000000000000e+00,0.000000000000000000e+00,0.000000000000000000e+00,0.000000000000000000e+00,0.000000000000000000e+00,0.000000000000000000e+00,0.000000000000000000e+00,0.000000000000000000e+00,0.000000000000000000e+00,0.000000000000000000e+00,0.000000000000000000e+00,0.000000000000000000e+00,0.000000000000000000e+00,0.000000000000000000e+00,0.000000000000000000e+00,0.000000000000000000e+00,0.000000000000000000e+00,0.000000000000000000e+00,0.000000000000000000e+00,0.000000000000000000e+00,3.045582771301269531e+01,-1.168308258056640625e-01,-2.579116821289062500e-02,-5.168914794921875000e-03,4.674911499023437500e-03,-2.218055725097656250e-02,6.194114685058593750e-02,-2.703475952148437500e-02,1.962661743164062500e-03,3.356933593750000000e-04,-4.940032958984375000e-03,-5.378723144531250000e-04,-1.764297485351562500e-03,-7.991790771484375000e-04,-4.100799560546875000e-04,2.460479736328125000e-04,-3.664016723632812500e-03,-1.287460327148437500e-03,-2.460479736328125000e-04,2.019882202148437500e-03,-2.418518066406250000e-03,-1.033782958984375000e-03,-2.998352050781250000e-03,-2.809524536132812500e-03,-5.140304565429687500e-03,-6.361007690429687500e-03,-2.307891845703125000e-04,-5.996704101562500000e-03,-3.261566162109375000e-04,-6.847381591796875000e-04,-9.864807128906250000e-03
0.000000000000000000e+00,0.000000000000000000e+00,0.000000000000000000e+00,0.000000000000000000e+00,0.000000000000000000e+00,0.000000000000000000e+00,0.000000000000000000e+00,0.000000000000000000e+00,0.000000000000000000e+00,0.000000000000000000e+00,0.000000000000000000e+00,0.000000000000000000e+00,0.000000000000000000e+00,0.000000000000000000e+00,0.000000000000000000e+00,0.000000000000000000e+00,0.000000000000000000e+00,0.000000000000000000e+00,0.000000000000000000e+00,0.000000000000000000e+00,3.041542816162109375e+01,-2.814426422119140625e-01,-1.345443725585937500e-02,-1.544952392578125000e-03,9.593963623046875000e-04,-1.264762878417968750e-02,1.110305786132812500e-01,-4.154396057128906250e-02,-6.465911865234375000e-04,8.964538574218750000e-05,-1.071166992187500000e-02,-3.210067749023437500e-03,-2.271652221679687500e-03,-1.176834106445312500e-03,-1.024246215820312500e-03,1.468658447265625000e-04,-3.482818603515625000e-03,3.128051757812500000e-04,-1.049041748046875000e-04,-2.212524414062500000e-04,-2.012252807617187500e-03,-1.628875732421875000e-03,-1.489639282226562500e-03,-2.101898193359375000e-03,-1.523971557617187500e-03,-8.132934570312500000e-03,-2.918243408203125000e-04,-5.620956420898437500e-03,-4.653930664062500000e-04,-1.491546630859375000e-03,-1.264381408691406250e-02
0.000000000000000000e+00,0.000000000000000000e+00,0.000000000000000000e+00,0.000000000000000000e+00,0.000000000000000000e+00,0.000000000000000000e+00,0.000000000000000000e+00,0.000000000000000000e+00,0.000000000000000000e+00,0.000000000000000000e+00,0.000000000000000000e+00,0.000000000000000000e+00,0.000000000000000000e+00,0.000000000000000000e+00,0.000000000000000000e+00,0.000000000000000000e+00,0.000000000000000000e+00,0.000000000000000000e+00,0.000000000000000000e+00,0.000000000000000000e+00,3.023082542419433594e+01,-3.221931457519531250e-01,-1.985359191894531250e-02,-9.712219238281250000e-03,-7.822036743164062500e-03,-3.811073303222656250e-02,2.697124481201171875e-01,-3.059768676757812500e-02,-1.953315734863281250e-02,-9.368896484375000000e-03,-2.310752868652343750e-02,-2.677917480468750000e-03,-8.945465087890625000e-04,-7.762908935546875000e-04,-7.438659667968750000e-05,8.792877197265625000e-04,5.245208740234375000e-04,2.296447753906250000e-03,-4.493713378906250000e-03,-6.187438964843750000e-03,4.539489746093750000e-04,3.662109375000000000e-04,-3.032684326171875000e-04,-3.030776977539062500e-03,-8.880615234375000000e-03,-8.865356445312500000e-03,-2.880096435546875000e-04,-1.869201660156250000e-04,-3.776550292968750000e-04,-2.027511596679687500e-03,-1.144409179687500000e-02
0.000000000000000000e+00,0.000000000000000000e+00,0.000000000000000000e+00,0.000000000000000000e+00,0.000000000000000000e+00,0.000000000000000000e+00,0.000000000000000000e+00,0.000000000000000000e+00,0.000000000000000000e+00,0.000000000000000000e+00,0.000000000000000000e+00,0.000000000000000000e+00,0.000000000000000000e+00,0.000000000000000000e+00,0.000000000000000000e+00,0.000000000000000000e+00,0.000000000000000000e+00,0.000000000000000000e+00,0.000000000000000000e+00,0.000000000000000000e+00,3.023168945312500000e+01,-2.562694549560546875e-01,2.450180053710937500e-02,-3.398895263671875000e-03,-2.030563354492187500e-02,-1.823616027832031250e-02,2.839889526367187500e-01,-4.455757141113281250e-02,-9.412765502929687500e-03,-2.046585083007812500e-03,-3.283882141113281250e-02,-4.365921020507812500e-03,-1.091957092285156250e-02,-3.137588500976562500e-03,-9.098052978515625000e-04,3.852844238281250000e-04,2.803802490234375000e-04,-5.149841308593750000e-05,-6.368637084960937500e-03,-4.171371459960937500e-03,1.638412475585937500e-03,-5.741119384765625000e-04,-2.029418945312500000e-03,-1.804351806640625000e-03,-4.942321777343750000e-02,-7.696151733398437500e-03,-4.138946533203125000e-04,-2.664566040039062500e-03,-2.822875976562500000e-04,-2.365112304687500000e-03,-1.002311706542968750e-02
0.000000000000000000e+00,0.000000000000000000e+00,0.000000000000000000e+00,0.000000000000000000e+00,0.000000000000000000e+00,0.000000000000000000e+00,0.000000000000000000e+00,0.000000000000000000e+00,0.000000000000000000e+00,0.000000000000000000e+00,0.000000000000000000e+00,0.000000000000000000e+00,0.000000000000000000e+00,0.000000000000000000e+00,0.000000000000000000e+00,0.000000000000000000e+00,0.000000000000000000e+00,0.000000000000000000e+00,0.000000000000000000e+00,0.000000000000000000e+00,3.014310455322265625e+01,-2.662601470947265625e-01,3.963470458984375000e-02,4.831314086914062500e-03,3.145217895507812500e-03,-3.238868713378906250e-02,2.937526702880859375e-01,-6.357002258300781250e-02,-1.577568054199218750e-02,-1.258468627929687500e-02,-8.707046508789062500e-03,-8.106231689453125000e-03,-1.232910156250000000e-02,-2.489089965820312500e-03,-3.318786621093750000e-03,-7.343292236328125000e-04,-7.841110229492187500e-03,-4.697799682617187500e-03,-8.827209472656250000e-03,-1.454162597656250000e-02,6.980895996093750000e-04,-2.254486083984375000e-03,-5.561828613281250000e-03,-4.068374633789062500e-03,-5.017852783203125000e-02,-2.655029296875000000e-03,-6.713867187500000000e-04,-3.398895263671875000e-03,-1.125335693359375000e-04,-4.549026489257812500e-03,-1.771926879882812500e-02
0.000000000000000000e+00,0.000000000000000000e+00,0.000000000000000000e+00,0.000000000000000000e+00,0.000000000000000000e+00,0.000000000000000000e+00,0.000000000000000000e+00,0.000000000000000000e+00,0.000000000000000000e+00,0.000000000000000000e+00,0.000000000000000000e+00,0.000000000000000000e+00,0.000000000000000000e+00,0.000000000000000000e+00,0.000000000000000000e+00,0.000000000000000000e+00,0.000000000000000000e+00,0.000000000000000000e+00,0.000000000000000000e+00,0.000000000000000000e+00,3.037364959716796875e+01,-2.441349029541015625e-01,-9.834289550781250000e-03,2.467155456542968750e-02,-3.156089782714843750e-02,-9.815597534179687500e-02,3.166007995605468750e-01,-8.973312377929687500e-02,-2.789306640625000000e-02,-3.030776977539062500e-02,-1.348304748535156250e-02,-4.596710205078125000e-04,-4.209518432617187500e-03,-3.105163574218750000e-03,-9.136199951171875000e-04,-3.414154052734375000e-04,1.962661743164062500e-03,-3.057479858398437500e-03,-1.069068908691406250e-02,6.238937377929687500e-03,1.173019409179687500e-03,-2.767562866210937500e-03,-5.538940429687500000e-03,-7.038116455078125000e-04,-7.829093933105468750e-02,9.029388427734375000e-03,-7.228851318359375000e-04,-3.175735473632812500e-03,-2.536773681640625000e-04,-5.081176757812500000e-03,-2.049446105957031250e-02
0.000000000000000000e+00,0.000000000000000000e+00,0.000000000000000000e+00,0.000000000000000000e+00,0.000000000000000000e+00,0.000000000000000000e+00,0.000000000000000000e+00,0.000000000000000000e+00,0.000000000000000000e+00,0.000000000000000000e+00,0.000000000000000000e+00,0.000000000000000000e+00,0.000000000000000000e+00,0.000000000000000000e+00,0.000000000000000000e+00,0.000000000000000000e+00,0.000000000000000000e+00,0.000000000000000000e+00,0.000000000000000000e+00,0.000000000000000000e+00,3.024837112426757812e+01,-2.832183837890625000e-01,1.337623596191406250e-02,3.627586364746093750e-02,-6.915092468261718750e-02,-1.184558868408203125e-01,4.304122924804687500e-01,-1.267852783203125000e-01,-6.204032897949218750e-02,9.038925170898437500e-03,-1.254081726074218750e-02,-2.524566650390625000e-02,-2.639770507812500000e-03,-1.345634460449218750e-02,-2.954483032226562500e-03,-1.911163330078125000e-03,2.651214599609375000e-04,2.880096435546875000e-04,-2.775192260742187500e-03,-2.281951904296875000e-02,1.379013061523437500e-03,-2.590179443359375000e-03,-6.683349609375000000e-03,-3.761291503906250000e-03,-5.016136169433593750e-02,5.960464477539062500e-03,-1.363754272460937500e-03,-1.043128967285156250e-02,-1.659393310546875000e-04,-5.296707153320312500e-03,-1.890563964843750000e-02
0.000000000000000000e+00,0.000000000000000000e+00,0.000000000000000000e+00,0.000000000000000000e+00,0.000000000000000000e+00,0.000000000000000000e+00,0.000000000000000000e+00,0.000000000000000000e+00,0.000000000000000000e+00,0.000000000000000000e+00,0.000000000000000000e+00,0.000000000000000000e+00,0.000000000000000000e+00,0.000000000000000000e+00,0.000000000000000000e+00,0.000000000000000000e+00,0.000000000000000000e+00,0.000000000000000000e+00,0.000000000000000000e+00,0.000000000000000000e+00,3.023036003112792969e+01,-2.744560241699218750e-01,-4.026222229003906250e-02,2.898979187011718750e-02,-8.743286132812500000e-02,-8.544731140136718750e-02,3.055591583251953125e-01,-7.131958007812500000e-02,-4.942512512207031250e-02,8.821487426757812500e-03,-1.170539855957031250e-02,-2.468490600585937500e-02,-8.598327636718750000e-03,-1.218414306640625000e-02,-2.923965454101562500e-03,-1.345634460449218750e-02,3.204345703125000000e-04,-1.136589050292968750e-02,-2.622222900390625000e-02,-5.102157592773437500e-03,-2.283096313476562500e-03,-8.962631225585937500e-03,-1.626968383789062500e-03,-9.780883789062500000e-03,1.685142517089843750e-02,1.346969604492187500e-02,-1.384735107421875000e-03,-2.702713012695312500e-03,-1.754760742187500000e-04,-3.562927246093750000e-03,-3.678131103515625000e-02
0.000000000000000000e+00,0.000000000000000000e+00,0.000000000000000000e+00,0.000000000000000000e+00,0.000000000000000000e+00,0.000000000000000000e+00,0.000000000000000000e+00,0.000000000000000000e+00,0.000000000000000000e+00,0.000000000000000000e+00,0.000000000000000000e+00,0.000000000000000000e+00,0.000000000000000000e+00,0.000000000000000000e+00,0.000000000000000000e+00,0.000000000000000000e+00,0.000000000000000000e+00,0.000000000000000000e+00,0.000000000000000000e+00,0.000000000000000000e+00,3.006082725524902344e+01,-2.241210937500000000e-01,-2.403259277343750000e-03,1.401519775390625000e-02,-6.278800964355468750e-02,-2.023849487304687500e-01,1.656532287597656250e-01,-5.660820007324218750e-02,-4.701042175292968750e-02,1.998710632324218750e-02,-2.707672119140625000e-02,-3.196334838867187500e-02,2.088546752929687500e-03,-9.248733520507812500e-03,-5.668640136718750000e-03,-6.500244140625000000e-03,3.976821899414062500e-03,-1.295089721679687500e-03,-2.816772460937500000e-02,-3.906059265136718750e-02,-2.565383911132812500e-03,-4.173278808593750000e-03,-5.147933959960937500e-03,-9.174346923828125000e-04,1.963806152343750000e-02,-1.237106323242187500e-02,-1.523971557617187500e-03,-7.823944091796875000e-03,-3.089904785156250000e-04,-2.019882202148437500e-03,1.371383666992187500e-02
0.000000000000000000e+00,0.000000000000000000e+00,0.000000000000000000e+00,0.000000000000000000e+00,0.000000000000000000e+00,0.000000000000000000e+00,0.000000000000000000e+00,0.000000000000000000e+00,0.000000000000000000e+00,0.000000000000000000e+00,0.000000000000000000e+00,0.000000000000000000e+00,0.000000000000000000e+00,0.000000000000000000e+00,0.000000000000000000e+00,0.000000000000000000e+00,0.000000000000000000e+00,0.000000000000000000e+00,0.000000000000000000e+00,0.000000000000000000e+00,2.962743759155273438e+01,-2.098522186279296875e-01,2.991485595703125000e-02,-1.354408264160156250e-02,-9.805488586425781250e-02,-1.749629974365234375e-01,7.918281555175781250e-01,-1.418571472167968750e-01,-3.348731994628906250e-02,5.279541015625000000e-03,-2.629470825195312500e-02,-4.254722595214843750e-02,-1.773834228515625000e-04,-5.346298217773437500e-03,-2.651214599609375000e-03,-9.206771850585937500e-03,-6.219863891601562500e-03,6.990432739257812500e-03,-3.834533691406250000e-02,-2.023124694824218750e-02,3.166198730468750000e-04,-8.317947387695312500e-03,-5.086898803710937500e-03,-3.255844116210937500e-03,2.567100524902343750e-02,-1.536941528320312500e-02,-3.528594970703125000e-04,-7.808685302734375000e-03,-3.108978271484375000e-04,-5.704879760742187500e-03,-9.458541870117187500e-03
0.000000000000000000e+00,0.000000000000000000e+00,0.000000000000000000e+00,0.000000000000000000e+00,0.000000000000000000e+00,0.000000000000000000e+00,0.000000000000000000e+00,0.000000000000000000e+00,0.000000000000000000e+00,0.000000000000000000e+00,0.000000000000000000e+00,0.000000000000000000e+00,0.000000000000000000e+00,0.000000000000000000e+00,0.000000000000000000e+00,0.000000000000000000e+00,0.000000000000000000e+00,0.000000000000000000e+00,0.000000000000000000e+00,0.000000000000000000e+00,2.967738723754882812e+01,-2.388038635253906250e-01,5.352020263671875000e-02,-3.581619262695312500e-02,4.698371887207031250e-02,-6.522369384765625000e-02,5.567893981933593750e-01,-1.930236816406250000e-02,-6.622886657714843750e-02,5.550384521484375000e-03,-1.582527160644531250e-02,-2.464103698730468750e-02,1.560211181640625000e-03,-4.980087280273437500e-03,-6.252288818359375000e-03,-7.625579833984375000e-03,-2.883911132812500000e-03,1.659774780273437500e-02,-1.711845397949218750e-02,1.443862915039062500e-02,-5.079269409179687500e-03,-2.090454101562500000e-03,-5.384445190429687500e-03,-1.754760742187500000e-04,3.912353515625000000e-02,-1.969337463378906250e-02,-2.136230468750000000e-04,-1.622772216796875000e-02,-7.266998291015625000e-04,7.133483886718750000e-04,4.650115966796875000e-03
0.000000000000000000e+00,0.000000000000000000e+00,0.000000000000000000e+00,0.000000000000000000e+00,0.000000000000000000e+00,0.000000000000000000e+00,0.000000000000000000e+00,0.000000000000000000e+00,0.000000000000000000e+00,0.000000000000000000e+00,0.000000000000000000e+00,0.000000000000000000e+00,0.000000000000000000e+00,0.000000000000000000e+00,0.000000000000000000e+00,0.000000000000000000e+00,0.000000000000000000e+00,0.000000000000000000e+00,0.000000000000000000e+00,0.000000000000000000e+00,2.969336700439453125e+01,-1.493320465087890625e-01,2.256202697753906250e-02,-3.440093994140625000e-02,2.417373657226562500e-02,-2.469062805175781250e-02,3.532257080078125000e-01,3.206253051757812500e-02,-3.953170776367187500e-02,3.711128234863281250e-02,-2.457046508789062500e-02,-2.484893798828125000e-02,-1.727676391601562500e-02,-2.630233764648437500e-03,-1.344871520996093750e-02,-1.030731201171875000e-02,-6.666183471679687500e-03,-3.774642944335937500e-03,-2.490425109863281250e-02,1.786041259765625000e-02,-5.792617797851562500e-03,1.869201660156250000e-04,1.182556152343750000e-04,1.995086669921875000e-03,3.948211669921875000e-02,-9.031295776367187500e-03,-1.468658447265625000e-04,-8.502960205078125000e-03,-8.983612060546875000e-04,5.638122558593750000e-03,-3.039550781250000000e-02
0.000000000000000000e+00,0.000000000000000000e+00,0.000000000000000000e+00,0.000000000000000000e+00,0.000000000000000000e+00,0.000000000000000000e+00,0.000000000000000000e+00,0.000000000000000000e+00,0.000000000000000000e+00,0.000000000000000000e+00,0.000000000000000000e+00,0.000000000000000000e+00,0.000000000000000000e+00,0.000000000000000000e+00,0.000000000000000000e+00,0.000000000000000000e+00,0.000000000000000000e+00,0.000000000000000000e+00,0.000000000000000000e+00,0.000000000000000000e+00,2.961761093139648438e+01,-1.492118835449218750e-01,-1.278686523437500000e-02,-4.162788391113281250e-02,-4.474639892578125000e-03,-1.791000366210937500e-02,5.026016235351562500e-01,2.826118469238281250e-02,-1.155338287353515625e-01,-3.149032592773437500e-02,-7.289314270019531250e-02,-1.365089416503906250e-02,-2.074050903320312500e-02,-1.874923706054687500e-03,-3.353118896484375000e-03,-1.310539245605468750e-02,-1.791381835937500000e-02,-3.217315673828125000e-02,-3.092765808105468750e-02,-4.535484313964843750e-02,-7.789611816406250000e-03,-3.433227539062500000e-04,-4.564285278320312500e-03,1.684188842773437500e-03,5.120277404785156250e-02,-1.686668395996093750e-02,-1.029968261718750000e-03,-2.509498596191406250e-02,-1.180648803710937500e-03,4.570007324218750000e-03,-6.829833984375000000e-02
0.000000000000000000e+00,0.000000000000000000e+00,0.000000000000000000e+00,0.000000000000000000e+00,0.000000000000000000e+00,0.000000000000000000e+00,0.000000000000000000e+00,0.000000000000000000e+00,0.000000000000000000e+00,0.000000000000000000e+00,0.000000000000000000e+00,0.000000000000000000e+00,0.000000000000000000e+00,0.000000000000000000e+00,0.000000000000000000e+00,0.000000000000000000e+00,0.000000000000000000e+00,0.000000000000000000e+00,0.000000000000000000e+00,0.000000000000000000e+00,2.959861373901367188e+01,-1.939144134521484375e-01,7.212066650390625000e-02,-4.600715637207031250e-02,-4.458427429199218750e-02,-2.779006958007812500e-02,3.901786804199218750e-01,1.786804199218750000e-02,-1.386089324951171875e-01,4.488372802734375000e-02,2.182006835937500000e-03,-3.937149047851562500e-02,-1.344299316406250000e-02,-6.164550781250000000e-03,-4.951477050781250000e-03,-3.354644775390625000e-02,-2.360916137695312500e-02,1.252174377441406250e-02,-1.206588745117187500e-02,1.699447631835937500e-02,-1.935958862304687500e-03,-6.195068359375000000e-03,2.555847167968750000e-04,-3.843307495117187500e-03,-1.990509033203125000e-02,-1.518821716308593750e-02,-5.207061767578125000e-04,-1.688194274902343750e-02,-8.735656738281250000e-04,7.064819335937500000e-03,-1.695632934570312500e-02
0.000000000000000000e+00,0.000000000000000000e+00,0.000000000000000000e+00,0.000000000000000000e+00,0.000000000000000000e+00,0.000000000000000000e+00,0.000000000000000000e+00,0.000000000000000000e+00,0.000000000000000000e+00,0.000000000000000000e+00,0.000000000000000000e+00,0.000000000000000000e+00,0.000000000000000000e+00,0.000000000000000000e+00,0.000000000000000000e+00,0.000000000000000000e+00,0.000000000000000000e+00,0.000000000000000000e+00,0.000000000000000000e+00,0.000000000000000000e+00,2.958620643615722656e+01,-1.306114196777343750e-01,5.960273742675781250e-02,-3.717613220214843750e-02,-3.237152099609375000e-02,4.457283020019531250e-02,3.252277374267578125e-01,-7.984161376953125000e-03,-1.317405700683593750e-01,2.021980285644531250e-02,-6.708145141601562500e-03,-4.201126098632812500e-02,-2.799415588378906250e-02,-5.046844482421875000e-03,-6.151199340820312500e-03,-3.024101257324218750e-02,-1.379776000976562500e-02,-9.231567382812500000e-04,-1.804161071777343750e-02,-5.271911621093750000e-03,-3.822326660156250000e-03,-6.908416748046875000e-03,-2.748489379882812500e-03,-5.111694335937500000e-03,-2.077102661132812500e-02,-1.085853576660156250e-02,-7.476806640625000000e-04,-2.000045776367187500e-02,-4.901885986328125000e-04,-2.743721008300781250e-02,-2.927017211914062500e-02
0.000000000000000000e+00,0.000000000000000000e+00,0.000000000000000000e+00,0.000000000000000000e+00,0.000000000000000000e+00,0.000000000000000000e+00,0.000000000000000000e+00,0.000000000000000000e+00,0.000000000000000000e+00,0.000000000000000000e+00,0.000000000000000000e+00,0.000000000000000000e+00,0.000000000000000000e+00,0.000000000000000000e+00,0.000000000000000000e+00,0.000000000000000000e+00,0.000000000000000000e+00,0.000000000000000000e+00,0.000000000000000000e+00,0.000000000000000000e+00,2.935675621032714844e+01,-1.676006317138671875e-01,5.573463439941406250e-02,5.283355712890625000e-03,2.013397216796875000e-02,4.763221740722656250e-02,2.378158569335937500e-01,-6.965637207031250000e-03,-2.804565429687500000e-02,-4.202461242675781250e-02,4.091262817382812500e-03,-4.952812194824218750e-02,-3.351020812988281250e-02,6.580352783203125000e-04,2.964019775390625000e-03,-1.249313354492187500e-03,1.003074645996093750e-02,-9.449005126953125000e-03,-1.194381713867187500e-02,-2.646827697753906250e-02,-5.023956298828125000e-03,-9.805679321289062500e-03,-2.496719360351562500e-03,4.520416259765625000e-04,-1.099777221679687500e-02,-1.258850097656250000e-03,-2.653121948242187500e-03,-1.774787902832031250e-02,1.258850097656250000e-04,-3.354072570800781250e-02,3.796367645263671875e-01
0.000000000000000000e+00,0.000000000000000000e+00,0.000000000000000000e+00,0.000000000000000000e+00,0.000000000000000000e+00,0.000000000000000000e+00,0.000000000000000000e+00,0.000000000000000000e+00,0.000000000000000000e+00,0.000000000000000000e+00,0.000000000000000000e+00,0.000000000000000000e+00,0.000000000000000000e+00,0.000000000000000000e+00,0.000000000000000000e+00,0.000000000000000000e+00,0.000000000000000000e+00,0.000000000000000000e+00,0.000000000000000000e+00,0.000000000000000000e+00,2.912419700622558594e+01,-1.188163757324218750e-01,3.977012634277343750e-02,9.212493896484375000e-04,1.646232604980468750e-02,-9.752273559570312500e-03,2.583236694335937500e-01,3.839111328125000000e-02,-1.526260375976562500e-02,1.102828979492187500e-02,2.326965332031250000e-03,-4.508590698242187500e-02,-3.350257873535156250e-02,-6.656646728515625000e-04,4.066467285156250000e-03,-3.772735595703125000e-03,-3.959655761718750000e-03,-1.332283020019531250e-02,1.171112060546875000e-03,-1.656532287597656250e-02,-3.143310546875000000e-03,-9.294509887695312500e-03,1.544952392578125000e-04,-3.509521484375000000e-04,-9.777069091796875000e-03,5.481719970703125000e-03,-1.625061035156250000e-03,4.100799560546875000e-04,-5.931854248046875000e-04,-3.097152709960937500e-02,3.879642486572265625e-01
0.000000000000000000e+00,0.000000000000000000e+00,0.000000000000000000e+00,0.000000000000000000e+00,0.000000000000000000e+00,0.000000000000000000e+00,0.000000000000000000e+00,0.000000000000000000e+00,0.000000000000000000e+00,0.000000000000000000e+00,0.000000000000000000e+00,0.000000000000000000e+00,0.000000000000000000e+00,0.000000000000000000e+00,0.000000000000000000e+00,0.000000000000000000e+00,0.000000000000000000e+00,0.000000000000000000e+00,0.000000000000000000e+00,0.000000000000000000e+00,2.567701530456542969e+01,-7.679557800292968750e-02,2.870941162109375000e-02,-1.059532165527343750e-02,8.152008056640625000e-03,-2.538681030273437500e-02,4.571704864501953125e-01,1.934051513671875000e-03,-1.376724243164062500e-02,6.587982177734375000e-03,-3.419876098632812500e-03,-1.579284667968750000e-03,-1.345062255859375000e-02,-1.070022583007812500e-03,5.531311035156250000e-04,-9.067535400390625000e-03,-1.307678222656250000e-02,2.332687377929687500e-03,4.199981689453125000e-03,-1.444435119628906250e-02,-3.671646118164062500e-03,-9.340286254882812500e-03,-1.062393188476562500e-03,-3.662109375000000000e-04,1.770019531250000000e-03,1.044654846191406250e-02,-1.235961914062500000e-03,-1.754760742187500000e-04,-7.419586181640625000e-04,-2.031517028808593750e-02,1.614105224609375000e+00
0.000000000000000000e+00,0.000000000000000000e+00,0.000000000000000000e+00,0.000000000000000000e+00,0.000000000000000000e+00,0.000000000000000000e+00,0.000000000000000000e+00,0.000000000000000000e+00,0.000000000000000000e+00,0.000000000000000000e+00,0.000000000000000000e+00,0.000000000000000000e+00,0.000000000000000000e+00,0.000000000000000000e+00,0.000000000000000000e+00,0.000000000000000000e+00,0.000000000000000000e+00,0.000000000000000000e+00,0.000000000000000000e+00,0.000000000000000000e+00,2.553960418701171875e+01,-1.047706604003906250e-02,1.499557495117187500e-02,-5.931854248046875000e-03,-2.601623535156250000e-03,-2.488517761230468750e-02,4.134407043457031250e-01,-1.760101318359375000e-02,-3.797531127929687500e-03,-3.089904785156250000e-03,-4.703521728515625000e-03,-3.364562988281250000e-03,-6.242752075195312500e-03,-5.779266357421875000e-04,-1.279830932617187500e-03,-2.128601074218750000e-03,-3.051757812500000000e-05,-1.131057739257812500e-03,2.609252929687500000e-03,-1.303100585937500000e-02,-2.883911132812500000e-03,-8.172988891601562500e-03,7.820129394531250000e-05,-4.444122314453125000e-04,-9.155273437500000000e-04,3.431320190429687500e-03,-1.062393188476562500e-03,-5.474090576171875000e-04,-6.465911865234375000e-04,-1.667404174804687500e-02,1.933135986328125000e+00
0.000000000000000000e+00,0.000000000000000000e+00,0.000000000000000000e+00,0.000000000000000000e+00,0.000000000000000000e+00,0.000000000000000000e+00,0.000000000000000000e+00,0.000000000000000000e+00,0.000000000000000000e+00,0.000000000000000000e+00,0.000000000000000000e+00,0.000000000000000000e+00,0.000000000000000000e+00,0.000000000000000000e+00,0.000000000000000000e+00,0.000000000000000000e+00,0.000000000000000000e+00,0.000000000000000000e+00,0.000000000000000000e+00,0.000000000000000000e+00,-1.698093414306640625e-01,-3.549575805664062500e-03,-3.753662109375000000e-03,9.441375732421875000e-04,-1.605987548828125000e-03,-3.351593017578125000e-02,-3.492927551269531250e-02,-2.506256103515625000e-03,-2.883911132812500000e-03,-3.137588500976562500e-03,-6.790161132812500000e-04,2.195358276367187500e-03,-6.502151489257812500e-03,-2.920150756835937500e-03,-2.706527709960937500e-03,4.787445068359375000e-04,-1.998901367187500000e-03,-1.899719238281250000e-03,-6.294250488281250000e-05,-1.181030273437500000e-02,-2.201080322265625000e-03,-6.891250610351562500e-03,1.892089843750000000e-03,9.155273437500000000e-05,-1.480102539062500000e-03,4.215240478515625000e-04,-4.457473754882812500e-03,-7.190704345703125000e-04,-4.062652587890625000e-04,4.781723022460937500e-03,3.070839118957519531e+01
0.000000000000000000e+00,0.000000000000000000e+00,0.000000000000000000e+00,0.000000000000000000e+00,0.000000000000000000e+00,0.000000000000000000e+00,0.000000000000000000e+00,0.000000000000000000e+00,0.000000000000000000e+00,0.000000000000000000e+00,0.000000000000000000e+00,0.000000000000000000e+00,0.000000000000000000e+00,0.000000000000000000e+00,0.000000000000000000e+00,0.000000000000000000e+00,0.000000000000000000e+00,0.000000000000000000e+00,0.000000000000000000e+00,0.000000000000000000e+00,-8.120536804199218750e-02,4.642486572265625000e-03,-2.468109130859375000e-03,9.250640869140625000e-04,-4.726409912109375000e-03,-3.674888610839843750e-02,-1.713752746582031250e-02,-7.991790771484375000e-04,-3.303527832031250000e-03,-3.032684326171875000e-03,-9.574890136718750000e-04,1.697540283203125000e-04,-6.126403808593750000e-03,-2.740859985351562500e-03,-2.536773681640625000e-03,3.089904785156250000e-04,-8.087158203125000000e-04,-7.686614990234375000e-04,5.550384521484375000e-04,-7.827758789062500000e-03,-2.164840698242187500e-03,-7.110595703125000000e-03,1.329421997070312500e-03,-2.536773681640625000e-04,-1.472473144531250000e-03,-9.813308715820312500e-03,-3.852844238281250000e-03,-6.217956542968750000e-04,-1.316070556640625000e-04,-3.604888916015625000e-04,3.066903877258300781e+01
0.000000000000000000e+00,0.000000000000000000e+00,0.000000000000000000e+00,0.000000000000000000e+00,0.000000000000000000e+00,0.000000000000000000e+00,0.000000000000000000e+00,0.000000000000000000e+00,0.000000000000000000e+00,0.000000000000000000e+00,0.000000000000000000e+00,0.000000000000000000e+00,0.000000000000000000e+00,0.000000000000000000e+00,0.000000000000000000e+00,0.000000000000000000e+00,0.000000000000000000e+00,0.000000000000000000e+00,0.000000000000000000e+00,0.000000000000000000e+00,-5.453300476074218750e-02,6.258010864257812500e-03,-4.127502441406250000e-03,7.419586181640625000e-04,-3.631591796875000000e-03,-4.269409179687500000e-02,-1.285934448242187500e-02,4.005432128906250000e-04,-2.655029296875000000e-03,-2.925872802734375000e-03,-1.018524169921875000e-03,9.384155273437500000e-04,-6.494522094726562500e-03,-2.391815185546875000e-03,-1.363754272460937500e-03,2.613067626953125000e-04,-1.024246215820312500e-03,-1.602172851562500000e-03,7.915496826171875000e-04,-7.249832153320312500e-03,-1.052856445312500000e-03,-8.380889892578125000e-03,1.636505126953125000e-03,-4.825592041015625000e-04,-1.794815063476562500e-03,-8.214950561523437500e-03,-4.232406616210937500e-03,4.291534423828125000e-04,-1.678466796875000000e-04,-5.504608154296875000e-03,3.061034202575683594e+01
0.000000000000000000e+00,0.000000000000000000e+00,0.000000000000000000e+00,0.000000000000000000e+00,0.000000000000000000e+00,0.000000000000000000e+00,0.000000000000000000e+00,0.000000000000000000e+00,0.000000000000000000e+00,0.000000000000000000e+00,0.000000000000000000e+00,0.000000000000000000e+00,0.000000000000000000e+00,0.000000000000000000e+00,0.000000000000000000e+00,0.000000000000000000e+00,0.000000000000000000e+00,0.000000000000000000e+00,0.000000000000000000e+00,0.000000000000000000e+00,-6.078910827636718750e-02,5.237579345703125000e-03,-3.004074096679687500e-03,1.869201660156250000e-04,-1.306533813476562500e-03,-4.352188110351562500e-02,-1.489830017089843750e-02,-8.487701416015625000e-04,-2.033233642578125000e-03,-2.346038818359375000e-03,-8.678436279296875000e-04,-7.591247558593750000e-04,-8.209228515625000000e-03,-3.486633300781250000e-03,-9.727478027343750000e-04,4.024505615234375000e-04,-1.331329345703125000e-03,-1.224517822265625000e-03,2.363204956054687500e-03,-1.331329345703125000e-03,-1.699447631835937500e-03,-6.345748901367187500e-03,2.182006835937500000e-03,-2.946853637695312500e-03,7.820129394531250000e-05,-5.208969116210937500e-03,-5.661010742187500000e-03,-1.407623291015625000e-03,-1.049041748046875000e-04,-2.746582031250000000e-03,3.058771705627441406e+01
0.000000000000000000e+00,0.000000000000000000e+00,0.000000000000000000e+00,0.000000000000000000e+00,0.000000000000000000e+00,0.000000000000000000e+00,0.000000000000000000e+00,0.000000000000000000e+00,0.000000000000000000e+00,0.000000000000000000e+00,0.000000000000000000e+00,0.000000000000000000e+00,0.000000000000000000e+00,0.000000000000000000e+00,0.000000000000000000e+00,0.000000000000000000e+00,0.000000000000000000e+00,0.000000000000000000e+00,0.000000000000000000e+00,0.000000000000000000e+00,-6.542587280273437500e-02,8.224487304687500000e-03,1.447677612304687500e-03,-6.866455078125000000e-05,-1.422882080078125000e-03,-1.049041748046875000e-03,-7.274627685546875000e-03,-8.621215820312500000e-04,-3.032684326171875000e-03,-3.681182861328125000e-04,3.395080566406250000e-04,-1.375198364257812500e-03,-9.920120239257812500e-03,-3.490447998046875000e-03,1.710891723632812500e-03,2.937316894531250000e-04,-1.232147216796875000e-03,-2.136230468750000000e-04,1.546859741210937500e-03,-5.760192871093750000e-04,-1.146316528320312500e-03,-4.198074340820312500e-03,4.520416259765625000e-04,-3.574371337890625000e-03,1.180648803710937500e-03,-5.603790283203125000e-03,-5.613327026367187500e-03,-2.120971679687500000e-03,-7.438659667968750000e-05,-2.494812011718750000e-03,3.058942985534667969e+01
0.000000000000000000e+00,0.000000000000000000e+00,0.000000000000000000e+00,0.000000000000000000e+00,0.000000000000000000e+00,0.000000000000000000e+00,0.000000000000000000e+00,0.000000000000000000e+00,0.000000000000000000e+00,0.000000000000000000e+00,0.000000000000000000e+00,0.000000000000000000e+00,0.000000000000000000e+00,0.000000000000000000e+00,0.000000000000000000e+00,0.000000000000000000e+00,0.000000000000000000e+00,0.000000000000000000e+00,0.000000000000000000e+00,0.000000000000000000e+00,0.000000000000000000e+00,0.000000000000000000e+00,0.000000000000000000e+00,0.000000000000000000e+00,0.000000000000000000e+00,0.000000000000000000e+00,0.000000000000000000e+00,0.000000000000000000e+00,0.000000000000000000e+00,0.000000000000000000e+00,0.000000000000000000e+00,0.000000000000000000e+00,0.000000000000000000e+00,0.000000000000000000e+00,0.000000000000000000e+00,0.000000000000000000e+00,0.000000000000000000e+00,0.000000000000000000e+00,0.000000000000000000e+00,0.000000000000000000e+00,0.000000000000000000e+00,0.000000000000000000e+00,0.000000000000000000e+00,0.000000000000000000e+00,0.000000000000000000e+00,0.000000000000000000e+00,0.000000000000000000e+00,0.000000000000000000e+00,0.000000000000000000e+00,0.000000000000000000e+00,3.066842460632324219e+01
