0.000000000000000000e+00,0.000000000000000000e+00,0.000000000000000000e+00,0.000000000000000000e+00,0.000000000000000000e+00,0.000000000000000000e+00,0.000000000000000000e+00,0.000000000000000000e+00,0.000000000000000000e+00,0.000000000000000000e+00,0.000000000000000000e+00,0.000000000000000000e+00,0.000000000000000000e+00,0.000000000000000000e+00,0.000000000000000000e+00,0.000000000000000000e+00,0.000000000000000000e+00,0.000000000000000000e+00,0.000000000000000000e+00,0.000000000000000000e+00,9.694406986236572266e-01,4.081594049930572510e-01,2.171407639980316162e-01,-1.508065499365329742e-02,4.545738175511360168e-02,1.460266858339309692e-01,-1.528088599443435669e-01,1.144900321960449219e-01,-5.732593312859535217e-02,1.054397523403167725e-01,-3.510741889476776123e-02,6.883804686367511749e-03,-1.039004623889923096e-01,5.110417678952217102e-02,-1.045277863740921021e-01,2.226827852427959442e-02,-6.704738736152648926e-02,1.269111689180135727e-02,1.936610937118530273e-01,3.047250211238861084e-02,-2.101005613803863525e-02,7.550857216119766235e-02,9.865418076515197754e-02,-3.547883825376629829e-03,9.277715347707271576e-03,5.980557762086391449e-03,-3.047743625938892365e-02,1.052446383982896805e-02,-9.789745323359966278e-03,-2.953105792403221130e-02,2.557975053787231445e-02
0.000000000000000000e+00,0.000000000000000000e+00,0.000000000000000000e+00,0.000000000000000000e+00,0.000000000000000000e+00,0.000000000000000000e+00,0.000000000000000000e+00,0.000000000000000000e+00,0.000000000000000000e+00,0.000000000000000000e+00,0.000000000000000000e+00,0.000000000000000000e+00,0.000000000000000000e+00,0.000000000000000000e+00,0.000000000000000000e+00,0.000000000000000000e+00,0.000000000000000000e+00,0.000000000000000000e+00,0.000000000000000000e+00,0.000000000000000000e+00,8.354661464691162109e-01,6.010954380035400391e-01,3.075388371944427490e-01,2.937565930187702179e-02,5.555817857384681702e-02,-3.214971348643302917e-02,-5.726695433259010315e-02,-1.815936416387557983e-01,-9.710152447223663330e-02,6.406035274267196655e-02,-5.723266862332820892e-03,-8.296909928321838379e-02,-1.143733337521553040e-01,-8.039302378892898560e-02,-1.204759348183870316e-02,-1.546634286642074585e-01,-1.065904647111892700e-01,-5.993524566292762756e-02,-2.675828710198402405e-02,1.856507733464241028e-02,2.695922926068305969e-02,1.011934690177440643e-02,7.276411354541778564e-02,-5.147497355937957764e-02,1.674949750304222107e-02,2.985281124711036682e-02,-3.008335828781127930e-03,3.659182786941528320e-02,1.200781762599945068e-02,4.023835435509681702e-02,3.125583380460739136e-02
0.000000000000000000e+00,0.000000000000000000e+00,0.000000000000000000e+00,0.000000000000000000e+00,0.000000000000000000e+00,0.000000000000000000e+00,0.000000000000000000e+00,0.000000000000000000e+00,0.000000000000000000e+00,0.000000000000000000e+00,0.000000000000000000e+00,0.000000000000000000e+00,0.000000000000000000e+00,0.000000000000000000e+00,0.000000000000000000e+00,0.000000000000000000e+00,0.000000000000000000e+00,0.000000000000000000e+00,0.000000000000000000e+00,0.000000000000000000e+00,8.246976137161254883e-01,4.638384282588958740e-01,3.375810086727142334e-01,-2.281972207129001617e-03,9.466283768415451050e-02,1.576194614171981812e-01,1.959227174520492554e-01,-9.432878345251083374e-02,1.374798566102981567e-01,1.899155974388122559e-01,1.388984322547912598e-01,1.121764332056045532e-01,-1.027994416654109955e-02,4.490167833864688873e-03,3.861989453434944153e-02,3.476333618164062500e-02,-9.512381255626678467e-02,-7.136323302984237671e-02,6.602353416383266449e-03,2.045415043830871582e-01,2.130822977051138878e-03,7.607837766408920288e-02,1.267716381698846817e-02,-2.558401599526405334e-02,3.251100704073905945e-02,9.822986274957656860e-02,6.631729658693075180e-03,1.390170454978942871e-01,-7.335028611123561859e-03,6.661669909954071045e-02,5.901321396231651306e-02
0.000000000000000000e+00,0.000000000000000000e+00,0.000000000000000000e+00,0.000000000000000000e+00,0.000000000000000000e+00,0.000000000000000000e+00,0.000000000000000000e+00,0.000000000000000000e+00,0.000000000000000000e+00,0.000000000000000000e+00,0.000000000000000000e+00,0.000000000000000000e+00,0.000000000000000000e+00,0.000000000000000000e+00,0.000000000000000000e+00,0.000000000000000000e+00,0.000000000000000000e+00,0.000000000000000000e+00,0.000000000000000000e+00,0.000000000000000000e+00,8.402512073516845703e-01,4.562282562255859375e-01,2.938673198223114014e-01,4.474697262048721313e-02,5.382377654314041138e-02,1.459788084030151367e-01,1.979227364063262939e-01,-7.325732707977294922e-02,4.917125031352043152e-02,1.034766286611557007e-01,8.999860286712646484e-02,3.737946972250938416e-02,-1.112287491559982300e-02,6.395369768142700195e-02,2.041881904006004333e-02,7.968425750732421875e-02,6.559937447309494019e-02,1.588580012321472168e-02,3.859609365463256836e-02,7.253362238407135010e-02,5.674123764038085938e-02,1.076481789350509644e-01,-3.124862909317016602e-03,-1.554087828844785690e-02,3.705642372369766235e-02,1.389653980731964111e-01,1.779749058187007904e-02,1.371326744556427002e-01,-8.504963479936122894e-03,5.955625697970390320e-02,2.289229035377502441e-01
0.000000000000000000e+00,0.000000000000000000e+00,0.000000000000000000e+00,0.000000000000000000e+00,0.000000000000000000e+00,0.000000000000000000e+00,0.000000000000000000e+00,0.000000000000000000e+00,0.000000000000000000e+00,0.000000000000000000e+00,0.000000000000000000e+00,0.000000000000000000e+00,0.000000000000000000e+00,0.000000000000000000e+00,0.000000000000000000e+00,0.000000000000000000e+00,0.000000000000000000e+00,0.000000000000000000e+00,0.000000000000000000e+00,0.000000000000000000e+00,6.886911392211914062e-01,4.968070387840270996e-01,3.746970295906066895e-01,4.951061308383941650e-02,1.373178511857986450e-01,2.836988270282745361e-01,3.313612341880798340e-01,-1.062707602977752686e-01,1.109309345483779907e-01,1.300667375326156616e-01,6.797607988119125366e-02,1.852959953248500824e-02,-6.014329567551612854e-02,5.863805115222930908e-02,-3.397633507847785950e-02,-1.510451664216816425e-03,1.106346324086189270e-01,3.419589251279830933e-02,1.763723976910114288e-02,2.040461823344230652e-02,3.876502858474850655e-03,5.120408162474632263e-02,-1.750666182488203049e-03,-1.888093771412968636e-03,9.678863920271396637e-03,1.132714673876762390e-01,5.145698040723800659e-02,1.454657614231109619e-01,-3.710020333528518677e-02,4.445825144648551941e-02,2.104640454053878784e-01
0.000000000000000000e+00,0.000000000000000000e+00,0.000000000000000000e+00,0.000000000000000000e+00,0.000000000000000000e+00,0.000000000000000000e+00,0.000000000000000000e+00,0.000000000000000000e+00,0.000000000000000000e+00,0.000000000000000000e+00,0.000000000000000000e+00,0.000000000000000000e+00,0.000000000000000000e+00,0.000000000000000000e+00,0.000000000000000000e+00,0.000000000000000000e+00,0.000000000000000000e+00,0.000000000000000000e+00,0.000000000000000000e+00,0.000000000000000000e+00,6.993910670280456543e-01,4.471392333507537842e-01,3.672947585582733154e-01,2.758770883083343506e-01,1.606244444847106934e-01,1.296968460083007812e-01,2.840614318847656250e-01,3.267787396907806396e-02,1.252505928277969360e-01,1.202895045280456543e-01,1.122714206576347351e-01,-2.897901460528373718e-03,-2.285682223737239838e-02,-3.950282186269760132e-02,-5.155960097908973694e-02,1.217646002769470215e-01,2.897037193179130554e-02,5.524799600243568420e-02,-3.017972595989704132e-02,1.701361313462257385e-02,1.239293813705444336e-02,1.015354394912719727e-01,-2.794416807591915131e-02,-1.329813431948423386e-02,-2.299871295690536499e-02,1.425352394580841064e-01,7.083819061517715454e-02,1.419150382280349731e-01,-5.218945071101188660e-02,2.956747263669967651e-02,2.300379127264022827e-01
0.000000000000000000e+00,0.000000000000000000e+00,0.000000000000000000e+00,0.000000000000000000e+00,0.000000000000000000e+00,0.000000000000000000e+00,0.000000000000000000e+00,0.000000000000000000e+00,0.000000000000000000e+00,0.000000000000000000e+00,0.000000000000000000e+00,0.000000000000000000e+00,0.000000000000000000e+00,0.000000000000000000e+00,0.000000000000000000e+00,0.000000000000000000e+00,0.000000000000000000e+00,0.000000000000000000e+00,0.000000000000000000e+00,0.000000000000000000e+00,7.042532563209533691e-01,4.613087177276611328e-01,3.201100230216979980e-01,3.602593541145324707e-01,2.913401126861572266e-01,8.546772412955760956e-03,2.751653492450714111e-01,-9.581806138157844543e-03,1.976435631513595581e-01,1.229884847998619080e-01,8.937618881464004517e-02,1.005592569708824158e-02,7.017358392477035522e-02,-6.256815791130065918e-02,-4.942047223448753357e-02,7.191261649131774902e-02,4.962341487407684326e-02,-1.225616317242383957e-02,-2.464170381426811218e-02,3.249759599566459656e-02,7.083319593220949173e-03,1.291796118021011353e-01,-3.411960601806640625e-02,6.243666168302297592e-03,4.819665569812059402e-03,1.319712996482849121e-01,7.898742705583572388e-02,1.542408615350723267e-01,-1.520864665508270264e-02,1.983368396759033203e-02,2.213410288095474243e-01
0.000000000000000000e+00,0.000000000000000000e+00,0.000000000000000000e+00,0.000000000000000000e+00,0.000000000000000000e+00,0.000000000000000000e+00,0.000000000000000000e+00,0.000000000000000000e+00,0.000000000000000000e+00,0.000000000000000000e+00,0.000000000000000000e+00,0.000000000000000000e+00,0.000000000000000000e+00,0.000000000000000000e+00,0.000000000000000000e+00,0.000000000000000000e+00,0.000000000000000000e+00,0.000000000000000000e+00,0.000000000000000000e+00,0.000000000000000000e+00,7.592689394950866699e-01,4.070275425910949707e-01,3.891619145870208740e-01,2.651992440223693848e-01,3.380824029445648193e-01,1.022246479988098145e-01,2.950550019741058350e-01,-8.854167908430099487e-02,1.243246346712112427e-01,1.340991705656051636e-01,1.128626242280006409e-01,-2.973389439284801483e-02,5.697685480117797852e-02,-5.007288604974746704e-02,-1.345718055963516235e-01,-3.567873314023017883e-02,5.050623323768377304e-03,-3.563380241394042969e-02,-3.849591314792633057e-02,2.186587080359458923e-02,9.536104276776313782e-03,4.282903298735618591e-02,-3.028037026524543762e-02,-2.623581700026988983e-02,-1.409777533262968063e-02,1.013960838317871094e-01,6.603877991437911987e-02,1.135863885283470154e-01,-2.974192798137664795e-02,-2.239099517464637756e-02,2.061283439397811890e-01
0.000000000000000000e+00,0.000000000000000000e+00,0.000000000000000000e+00,0.000000000000000000e+00,0.000000000000000000e+00,0.000000000000000000e+00,0.000000000000000000e+00,0.000000000000000000e+00,0.000000000000000000e+00,0.000000000000000000e+00,0.000000000000000000e+00,0.000000000000000000e+00,0.000000000000000000e+00,0.000000000000000000e+00,0.000000000000000000e+00,0.000000000000000000e+00,0.000000000000000000e+00,0.000000000000000000e+00,0.000000000000000000e+00,0.000000000000000000e+00,6.602385640144348145e-01,3.689272701740264893e-01,4.848653376102447510e-01,2.995904088020324707e-01,2.017275989055633545e-01,1.019123122096061707e-01,3.321294188499450684e-01,6.936486065387725830e-02,-2.991522662341594696e-03,1.355097293853759766e-01,1.533767282962799072e-01,3.686114028096199036e-02,8.664686232805252075e-02,-5.703567340970039368e-02,-1.427651643753051758e-01,-1.479352638125419617e-02,3.872159123420715332e-02,2.029418945312500000e-02,-3.007326647639274597e-02,1.350071132183074951e-01,3.789070248603820801e-02,3.836825117468833923e-02,7.180201355367898941e-03,-4.681434947997331619e-03,-1.749191805720329285e-02,1.284560263156890869e-01,3.277494385838508606e-02,1.097564920783042908e-01,-2.908498048782348633e-03,-2.735786698758602142e-02,2.144632041454315186e-01
0.000000000000000000e+00,0.000000000000000000e+00,0.000000000000000000e+00,0.000000000000000000e+00,0.000000000000000000e+00,0.000000000000000000e+00,0.000000000000000000e+00,0.000000000000000000e+00,0.000000000000000000e+00,0.000000000000000000e+00,0.000000000000000000e+00,0.000000000000000000e+00,0.000000000000000000e+00,0.000000000000000000e+00,0.000000000000000000e+00,0.000000000000000000e+00,0.000000000000000000e+00,0.000000000000000000e+00,0.000000000000000000e+00,0.000000000000000000e+00,6.300080418586730957e-01,3.835450708866119385e-01,5.185198187828063965e-01,3.341127038002014160e-01,1.338013559579849243e-01,1.015803366899490356e-01,3.955684006214141846e-01,8.138135820627212524e-02,-8.299385756254196167e-02,1.500325649976730347e-01,1.592250913381576538e-01,4.255869612097740173e-02,4.543837532401084900e-02,-4.601040855050086975e-02,-8.862443268299102783e-02,-5.658786743879318237e-02,7.787517458200454712e-02,1.577239781618118286e-01,5.549154244363307953e-03,1.275306642055511475e-01,9.240652434527873993e-03,2.862748131155967712e-02,3.946260735392570496e-02,-6.252538878470659256e-03,8.171478658914566040e-02,1.686849147081375122e-01,9.586102329194545746e-03,1.447322219610214233e-01,-4.626362398266792297e-02,-2.226171642541885376e-02,1.885593086481094360e-01
0.000000000000000000e+00,0.000000000000000000e+00,0.000000000000000000e+00,0.000000000000000000e+00,0.000000000000000000e+00,0.000000000000000000e+00,0.000000000000000000e+00,0.000000000000000000e+00,0.000000000000000000e+00,0.000000000000000000e+00,0.000000000000000000e+00,0.000000000000000000e+00,0.000000000000000000e+00,0.000000000000000000e+00,0.000000000000000000e+00,0.000000000000000000e+00,0.000000000000000000e+00,0.000000000000000000e+00,0.000000000000000000e+00,0.000000000000000000e+00,6.769870519638061523e-01,2.920481264591217041e-01,4.389594197273254395e-01,2.991689145565032959e-01,1.182099208235740662e-01,1.779025346040725708e-01,3.470345735549926758e-01,1.928173303604125977e-01,4.150742664933204651e-02,2.877815961837768555e-01,2.129347622394561768e-01,6.906741112470626831e-02,1.954108625650405884e-01,4.305571317672729492e-02,-9.137099236249923706e-02,-5.143127217888832092e-02,3.456920385360717773e-02,2.445298880338668823e-01,8.695417642593383789e-02,1.852757483720779419e-01,1.503768377006053925e-02,-2.004056237637996674e-02,5.976771470159292221e-03,-4.926906898617744446e-02,7.086446136236190796e-02,2.049041837453842163e-01,2.393737062811851501e-02,1.794909387826919556e-01,8.367064408957958221e-03,3.492883872240781784e-03,1.980312913656234741e-01
0.000000000000000000e+00,0.000000000000000000e+00,0.000000000000000000e+00,0.000000000000000000e+00,0.000000000000000000e+00,0.000000000000000000e+00,0.000000000000000000e+00,0.000000000000000000e+00,0.000000000000000000e+00,0.000000000000000000e+00,0.000000000000000000e+00,0.000000000000000000e+00,0.000000000000000000e+00,0.000000000000000000e+00,0.000000000000000000e+00,0.000000000000000000e+00,0.000000000000000000e+00,0.000000000000000000e+00,0.000000000000000000e+00,0.000000000000000000e+00,6.651863455772399902e-01,2.637520134449005127e-01,4.558108448982238770e-01,2.346005737781524658e-01,1.710383147001266479e-01,1.493409872055053711e-01,2.958689928054809570e-01,2.258707582950592041e-01,1.534393280744552612e-01,2.947261035442352295e-01,1.435573101043701172e-01,4.347376897931098938e-02,2.218700945377349854e-01,1.077566295862197876e-02,-1.019462496042251587e-01,-1.593597978353500366e-02,7.288911193609237671e-02,2.701279222965240479e-01,2.134929895401000977e-01,1.897209137678146362e-01,4.285288602113723755e-02,3.284525498747825623e-02,-4.232350736856460571e-03,-2.595546282827854156e-02,9.467308223247528076e-02,1.032566055655479431e-01,7.286716997623443604e-02,5.970894917845726013e-02,5.904817022383213043e-03,2.169980481266975403e-02,2.428881824016571045e-01
0.000000000000000000e+00,0.000000000000000000e+00,0.000000000000000000e+00,0.000000000000000000e+00,0.000000000000000000e+00,0.000000000000000000e+00,0.000000000000000000e+00,0.000000000000000000e+00,0.000000000000000000e+00,0.000000000000000000e+00,0.000000000000000000e+00,0.000000000000000000e+00,0.000000000000000000e+00,0.000000000000000000e+00,0.000000000000000000e+00,0.000000000000000000e+00,0.000000000000000000e+00,0.000000000000000000e+00,0.000000000000000000e+00,0.000000000000000000e+00,6.615139842033386230e-01,1.705097258090972900e-01,3.931676745414733887e-01,2.513184547424316406e-01,1.546276211738586426e-01,1.993969529867172241e-01,4.333201348781585693e-01,2.137528210878372192e-01,2.583147287368774414e-01,3.613669872283935547e-01,1.509024649858474731e-01,4.380811750888824463e-02,2.473922669887542725e-01,9.546181187033653259e-03,-8.476695418357849121e-02,2.325493143871426582e-03,8.499405533075332642e-02,2.706190347671508789e-01,1.581439077854156494e-01,1.966236978769302368e-01,5.169013142585754395e-02,5.775643512606620789e-02,-3.752678260207176208e-02,1.843763515353202820e-03,1.417688131332397461e-01,8.448906242847442627e-02,1.258071213960647583e-01,5.327052995562553406e-02,4.112412407994270325e-02,3.564580902457237244e-02,1.899979561567306519e-01
0.000000000000000000e+00,0.000000000000000000e+00,0.000000000000000000e+00,0.000000000000000000e+00,0.000000000000000000e+00,0.000000000000000000e+00,0.000000000000000000e+00,0.000000000000000000e+00,0.000000000000000000e+00,0.000000000000000000e+00,0.000000000000000000e+00,0.000000000000000000e+00,0.000000000000000000e+00,0.000000000000000000e+00,0.000000000000000000e+00,0.000000000000000000e+00,0.000000000000000000e+00,0.000000000000000000e+00,0.000000000000000000e+00,0.000000000000000000e+00,6.342515945434570312e-01,1.313312649726867676e-01,3.145794868469238281e-01,-5.292360112071037292e-02,2.778106927871704102e-01,2.435277998447418213e-01,4.086825549602508545e-01,2.690649032592773438e-01,1.689216792583465576e-01,3.892789185047149658e-01,2.265281677246093750e-01,3.929276391863822937e-02,1.978935599327087402e-01,7.368399947881698608e-02,-9.965118020772933960e-02,-9.195379912853240967e-02,3.073767013847827911e-02,2.780640721321105957e-01,2.381297647953033447e-01,2.596125602722167969e-01,3.341708704829216003e-02,2.093152515590190887e-02,8.726464584469795227e-03,4.257231205701828003e-02,1.677694767713546753e-01,5.553417373448610306e-03,1.489837281405925751e-02,7.781204581260681152e-02,5.424594134092330933e-02,5.133903771638870239e-02,1.857065409421920776e-01
0.000000000000000000e+00,0.000000000000000000e+00,0.000000000000000000e+00,0.000000000000000000e+00,0.000000000000000000e+00,0.000000000000000000e+00,0.000000000000000000e+00,0.000000000000000000e+00,0.000000000000000000e+00,0.000000000000000000e+00,0.000000000000000000e+00,0.000000000000000000e+00,0.000000000000000000e+00,0.000000000000000000e+00,0.000000000000000000e+00,0.000000000000000000e+00,0.000000000000000000e+00,0.000000000000000000e+00,0.000000000000000000e+00,0.000000000000000000e+00,6.842357516288757324e-01,9.886494278907775879e-02,2.824254930019378662e-01,-6.805442273616790771e-02,2.790701687335968018e-01,2.500452101230621338e-01,3.821350336074829102e-01,2.746461033821105957e-01,2.485850453376770020e-01,4.049532413482666016e-01,2.499684095382690430e-01,4.211482778191566467e-02,2.337294518947601318e-01,7.335897535085678101e-02,-1.310357004404067993e-01,-1.294178962707519531e-01,5.812006536871194839e-03,2.760809361934661865e-01,2.577047348022460938e-01,2.972314059734344482e-01,3.504867479205131531e-02,5.901091173291206360e-02,4.911231994628906250e-02,7.258561998605728149e-02,1.799399703741073608e-01,2.783390320837497711e-02,-9.378780610859394073e-03,6.734895706176757812e-02,4.152774065732955933e-02,8.165754377841949463e-02,1.028420105576515198e-01
0.000000000000000000e+00,0.000000000000000000e+00,0.000000000000000000e+00,0.000000000000000000e+00,0.000000000000000000e+00,0.000000000000000000e+00,0.000000000000000000e+00,0.000000000000000000e+00,0.000000000000000000e+00,0.000000000000000000e+00,0.000000000000000000e+00,0.000000000000000000e+00,0.000000000000000000e+00,0.000000000000000000e+00,0.000000000000000000e+00,0.000000000000000000e+00,0.000000000000000000e+00,0.000000000000000000e+00,0.000000000000000000e+00,0.000000000000000000e+00,7.283303141593933105e-01,1.333219707012176514e-01,2.192863076925277710e-01,-9.449461102485656738e-02,3.087253570556640625e-01,1.646360754966735840e-01,3.827385604381561279e-01,2.605848908424377441e-01,1.890758797526359558e-02,3.751263618469238281e-01,1.460183262825012207e-01,8.890177123248577118e-03,4.196237772703170776e-02,2.984462492167949677e-02,-5.084596574306488037e-02,-1.509256362915039062e-01,-9.660148620605468750e-02,1.885165423154830933e-01,1.727346777915954590e-01,1.070857644081115723e-01,-9.198378026485443115e-02,3.515205159783363342e-02,-1.879221946001052856e-02,3.739070845767855644e-03,1.904263496398925781e-01,1.952215470373630524e-02,-1.031443104147911072e-01,6.468945741653442383e-02,5.272862315177917480e-02,6.297092884778976440e-02,3.605167269706726074e-01
0.000000000000000000e+00,0.000000000000000000e+00,0.000000000000000000e+00,0.000000000000000000e+00,0.000000000000000000e+00,0.000000000000000000e+00,0.000000000000000000e+00,0.000000000000000000e+00,0.000000000000000000e+00,0.000000000000000000e+00,0.000000000000000000e+00,0.000000000000000000e+00,0.000000000000000000e+00,0.000000000000000000e+00,0.000000000000000000e+00,0.000000000000000000e+00,0.000000000000000000e+00,0.000000000000000000e+00,0.000000000000000000e+00,0.000000000000000000e+00,7.556030154228210449e-01,7.583269476890563965e-02,3.111473917961120605e-01,5.019680783152580261e-02,2.655014097690582275e-01,1.252278834581375122e-01,3.735946714878082275e-01,1.995909214019775391e-01,-8.051852136850357056e-02,2.118088603019714355e-01,1.371514797210693359e-01,-4.227892309427261353e-02,3.889840096235275269e-02,-1.268391609191894531e-01,-9.200076758861541748e-02,-1.658249795436859131e-01,-5.485786590725183487e-03,2.571427226066589355e-01,1.874417513608932495e-01,2.789825499057769775e-01,-9.640463627874851227e-03,6.308934837579727173e-02,-5.315122008323669434e-02,-1.842651702463626862e-02,8.682799339294433594e-02,-7.303553074598312378e-02,-7.227008044719696045e-02,2.818168140947818756e-02,4.849188402295112610e-02,2.793460153043270111e-02,4.654097557067871094e-01
0.000000000000000000e+00,0.000000000000000000e+00,0.000000000000000000e+00,0.000000000000000000e+00,0.000000000000000000e+00,0.000000000000000000e+00,0.000000000000000000e+00,0.000000000000000000e+00,0.000000000000000000e+00,0.000000000000000000e+00,0.000000000000000000e+00,0.000000000000000000e+00,0.000000000000000000e+00,0.000000000000000000e+00,0.000000000000000000e+00,0.000000000000000000e+00,0.000000000000000000e+00,0.000000000000000000e+00,0.000000000000000000e+00,0.000000000000000000e+00,8.372934460639953613e-01,9.127453714609146118e-02,3.850169181823730469e-01,9.403192996978759766e-02,2.890582084655761719e-01,2.252705544233322144e-01,3.849462270736694336e-01,1.787613630294799805e-01,-8.169101923704147339e-02,2.492643892765045166e-01,-5.629625916481018066e-02,-8.638053387403488159e-02,-5.739910528063774109e-02,-1.102639362215995789e-01,-6.483978033065795898e-02,-1.875879019498825073e-01,5.204953625798225403e-02,1.412440538406372070e-01,-5.709641054272651672e-02,2.008682787418365479e-01,-3.038905560970306396e-02,5.573514848947525024e-02,-9.268366545438766479e-02,1.149040926247835159e-02,1.145158894360065460e-03,-6.558091193437576294e-02,-8.509019762277603149e-02,1.019320636987686157e-01,-3.113262122496962547e-03,-6.791201885789632797e-03,4.631075859069824219e-01
0.000000000000000000e+00,0.000000000000000000e+00,0.000000000000000000e+00,0.000000000000000000e+00,0.000000000000000000e+00,0.000000000000000000e+00,0.000000000000000000e+00,0.000000000000000000e+00,0.000000000000000000e+00,0.000000000000000000e+00,0.000000000000000000e+00,0.000000000000000000e+00,0.000000000000000000e+00,0.000000000000000000e+00,0.000000000000000000e+00,0.000000000000000000e+00,0.000000000000000000e+00,0.000000000000000000e+00,0.000000000000000000e+00,0.000000000000000000e+00,8.272576332092285156e-01,6.949331611394882202e-02,3.212637007236480713e-01,3.226237138733267784e-03,3.099601864814758301e-01,4.400838911533355713e-01,3.187789916992187500e-01,8.479122817516326904e-02,-1.192826852202415466e-01,1.427296847105026245e-01,8.587314188480377197e-02,-1.256967931985855103e-01,-6.005611643195152283e-02,6.720635574311017990e-03,7.654296606779098511e-02,1.075796261429786682e-01,2.130752205848693848e-01,7.477957010269165039e-02,-6.245848257094621658e-03,1.664080843329429626e-02,1.874860376119613647e-02,3.814012557268142700e-02,-2.496275305747985840e-02,3.123073605820536613e-03,-1.358611229807138443e-02,6.955305486917495728e-02,-6.870650500059127808e-02,1.711432933807373047e-01,2.030379697680473328e-02,-4.251768067479133606e-02,4.682943522930145264e-01
0.000000000000000000e+00,0.000000000000000000e+00,0.000000000000000000e+00,0.000000000000000000e+00,0.000000000000000000e+00,0.000000000000000000e+00,0.000000000000000000e+00,0.000000000000000000e+00,0.000000000000000000e+00,0.000000000000000000e+00,0.000000000000000000e+00,0.000000000000000000e+00,0.000000000000000000e+00,0.000000000000000000e+00,0.000000000000000000e+00,0.000000000000000000e+00,0.000000000000000000e+00,0.000000000000000000e+00,0.000000000000000000e+00,0.000000000000000000e+00,8.950504064559936523e-01,4.691100120544433594e-02,3.462663292884826660e-01,9.515853971242904663e-02,2.620481848716735840e-01,2.386573106050491333e-01,3.872144818305969238e-01,1.548566371202468872e-01,-1.301852315664291382e-01,7.032203674316406250e-02,7.866136729717254639e-02,-1.606966555118560791e-01,-6.928677856922149658e-02,-3.384608402848243713e-02,4.814096912741661072e-02,3.790626674890518188e-02,5.074525997042655945e-02,6.501306593418121338e-02,-1.807073317468166351e-02,3.289195150136947632e-02,8.561145514249801636e-03,2.015138044953346252e-02,-4.308790713548660278e-02,1.188198104500770569e-03,-1.278143748641014099e-02,1.000142097473144531e-01,-8.868441917002201080e-03,-3.002495691180229187e-02,1.285349205136299133e-02,-2.954129129648208618e-03,4.319261312484741211e-01
0.000000000000000000e+00,0.000000000000000000e+00,0.000000000000000000e+00,0.000000000000000000e+00,0.000000000000000000e+00,0.000000000000000000e+00,0.000000000000000000e+00,0.000000000000000000e+00,0.000000000000000000e+00,0.000000000000000000e+00,0.000000000000000000e+00,0.000000000000000000e+00,0.000000000000000000e+00,0.000000000000000000e+00,0.000000000000000000e+00,0.000000000000000000e+00,0.000000000000000000e+00,0.000000000000000000e+00,0.000000000000000000e+00,0.000000000000000000e+00,8.464084863662719727e-01,1.395830661058425903e-01,1.776121556758880615e-01,-8.480449207127094269e-03,2.745361328125000000e-01,1.599257737398147583e-01,3.569715321063995361e-01,1.686058193445205688e-01,-1.437431126832962036e-01,7.516668736934661865e-02,-6.762098520994186401e-02,-1.929109543561935425e-02,-1.669336855411529541e-01,-7.011684030294418335e-02,-1.058259904384613037e-01,-2.679616212844848633e-02,-4.099993407726287842e-02,1.284284591674804688e-01,1.937500834465026855e-01,3.403471782803535461e-03,-2.155176363885402679e-02,-1.597703434526920319e-02,-2.338629215955734253e-02,-6.142659112811088562e-02,4.306660220026969910e-02,1.255345791578292847e-01,8.147053420543670654e-03,-3.867403417825698853e-02,-1.972829177975654602e-02,-1.783818751573562622e-02,6.381340026855468750e-01
0.000000000000000000e+00,0.000000000000000000e+00,0.000000000000000000e+00,0.000000000000000000e+00,0.000000000000000000e+00,0.000000000000000000e+00,0.000000000000000000e+00,0.000000000000000000e+00,0.000000000000000000e+00,0.000000000000000000e+00,0.000000000000000000e+00,0.000000000000000000e+00,0.000000000000000000e+00,0.000000000000000000e+00,0.000000000000000000e+00,0.000000000000000000e+00,0.000000000000000000e+00,0.000000000000000000e+00,0.000000000000000000e+00,0.000000000000000000e+00,9.638870954513549805e-01,1.869971752166748047e-01,5.692151784896850586e-01,-4.794303327798843384e-02,2.424840256571769714e-02,-1.947380229830741882e-02,3.676306903362274170e-01,2.643600702285766602e-01,-7.915407419204711914e-02,-1.264722943305969238e-01,-1.347793638706207275e-01,-5.002569407224655151e-02,1.017877925187349319e-02,-1.595915406942367554e-01,-1.004932746291160583e-01,7.793524116277694702e-02,7.495911419391632080e-02,5.817271769046783447e-02,1.915484666824340820e-01,-1.156873162835836411e-02,-3.351595997810363770e-02,-3.708241507411003113e-02,-4.202833771705627441e-02,-7.140669226646423340e-02,1.125782728195190430e-02,1.299531012773513794e-01,-2.398133091628551483e-02,2.931312471628189087e-02,-3.332270681858062744e-02,2.801423659548163414e-03,5.876218080520629883e-01
0.000000000000000000e+00,0.000000000000000000e+00,0.000000000000000000e+00,0.000000000000000000e+00,0.000000000000000000e+00,0.000000000000000000e+00,0.000000000000000000e+00,0.000000000000000000e+00,0.000000000000000000e+00,0.000000000000000000e+00,0.000000000000000000e+00,0.000000000000000000e+00,0.000000000000000000e+00,0.000000000000000000e+00,0.000000000000000000e+00,0.000000000000000000e+00,0.000000000000000000e+00,0.000000000000000000e+00,0.000000000000000000e+00,0.000000000000000000e+00,-8.740866184234619141e-02,6.700798124074935913e-02,1.878722570836544037e-02,2.375581674277782440e-02,1.782027422450482845e-03,-6.284224987030029297e-02,-1.051191911101341248e-01,-2.458890667185187340e-03,4.641072824597358704e-02,7.309680432081222534e-02,-2.786475978791713715e-02,-1.259422302246093750e-02,-1.317198574542999268e-02,1.091643120162189007e-03,4.032843187451362610e-02,-1.230011507868766785e-02,2.864288724958896637e-02,3.084807656705379486e-02,4.838852584362030029e-02,1.680246554315090179e-02,-2.528243325650691986e-02,-1.329563558101654053e-03,-1.932739280164241791e-02,-1.083159446716308594e-01,3.536817431449890137e-02,3.776565566658973694e-02,5.386501178145408630e-02,6.636174512095749378e-04,-9.760966151952743530e-02,6.771534681320190430e-02,9.991070032119750977e-01
0.000000000000000000e+00,0.000000000000000000e+00,0.000000000000000000e+00,0.000000000000000000e+00,0.000000000000000000e+00,0.000000000000000000e+00,0.000000000000000000e+00,0.000000000000000000e+00,0.000000000000000000e+00,0.000000000000000000e+00,0.000000000000000000e+00,0.000000000000000000e+00,0.000000000000000000e+00,0.000000000000000000e+00,0.000000000000000000e+00,0.000000000000000000e+00,0.000000000000000000e+00,0.000000000000000000e+00,0.000000000000000000e+00,0.000000000000000000e+00,-1.580226235091686249e-04,5.033560842275619507e-02,2.316487580537796021e-02,-1.833979040384292603e-04,1.179392077028751373e-02,-1.046521589159965515e-02,-1.587376743555068970e-02,3.870411217212677002e-02,-2.191340737044811249e-02,1.639666035771369934e-02,-1.483795791864395142e-02,-3.871432039886713028e-03,-2.124324627220630646e-02,-1.144200097769498825e-02,-2.405928447842597961e-02,-8.124323189258575439e-02,-1.133930869400501251e-03,-5.700153298676013947e-03,1.251728925853967667e-02,6.952919997274875641e-03,-2.916799671947956085e-02,-3.351585939526557922e-02,-1.604180224239826202e-02,-7.640055846422910690e-04,1.673778519034385681e-02,8.771089836955070496e-03,5.601333919912576675e-03,-2.943054586648941040e-02,-6.082744151353836060e-02,5.801203846931457520e-02,9.992201328277587891e-01
0.000000000000000000e+00,0.000000000000000000e+00,0.000000000000000000e+00,0.000000000000000000e+00,0.000000000000000000e+00,0.000000000000000000e+00,0.000000000000000000e+00,0.000000000000000000e+00,0.000000000000000000e+00,0.000000000000000000e+00,0.000000000000000000e+00,0.000000000000000000e+00,0.000000000000000000e+00,0.000000000000000000e+00,0.000000000000000000e+00,0.000000000000000000e+00,0.000000000000000000e+00,0.000000000000000000e+00,0.000000000000000000e+00,0.000000000000000000e+00,2.946680411696434021e-02,4.029094427824020386e-02,-4.354782402515411377e-03,1.587994024157524109e-02,-1.141445897519588470e-02,-2.534380182623863220e-02,6.711741909384727478e-03,4.131691157817840576e-02,-2.591228857636451721e-02,3.074181638658046722e-02,1.867061480879783630e-02,-3.250044537708163261e-03,-2.534975670278072357e-02,-5.503685679286718369e-03,4.590959753841161728e-03,-1.294719986617565155e-03,1.909659802913665771e-02,1.294212043285369873e-02,-8.327431976795196533e-03,-3.541544079780578613e-02,-4.604393150657415390e-03,5.580918397754430771e-03,-1.740990020334720612e-02,7.144953589886426926e-03,-5.665359552949666977e-03,-1.077999919652938843e-02,6.596780382096767426e-03,-1.156098768115043640e-02,-3.369142860174179077e-02,1.247573085129261017e-02,9.998296499252319336e-01
0.000000000000000000e+00,0.000000000000000000e+00,0.000000000000000000e+00,0.000000000000000000e+00,0.000000000000000000e+00,0.000000000000000000e+00,0.000000000000000000e+00,0.000000000000000000e+00,0.000000000000000000e+00,0.000000000000000000e+00,0.000000000000000000e+00,0.000000000000000000e+00,0.000000000000000000e+00,0.000000000000000000e+00,0.000000000000000000e+00,0.000000000000000000e+00,0.000000000000000000e+00,0.000000000000000000e+00,0.000000000000000000e+00,0.000000000000000000e+00,3.904195874929428101e-02,2.857537753880023956e-02,4.189145285636186600e-03,-1.293603330850601196e-03,1.809474080801010132e-03,-3.941507078707218170e-03,7.055974751710891724e-02,9.615547955036163330e-02,-1.181900221854448318e-02,6.461615115404129028e-02,1.036192663013935089e-02,8.592560887336730957e-03,-3.099607117474079132e-02,6.970462389290332794e-03,8.835388347506523132e-03,2.513672225177288055e-03,2.601592242717742920e-02,3.199640195816755295e-03,1.933529414236545563e-02,-3.534762188792228699e-02,1.922964490950107574e-02,-2.084139361977577209e-02,-3.898963704705238342e-02,-3.594902902841567993e-02,3.115021623671054840e-02,-7.372841704636812210e-03,4.209027625620365143e-03,-5.435116589069366455e-03,-2.072060294449329376e-02,-1.770658232271671295e-02,9.998223185539245605e-01
0.000000000000000000e+00,0.000000000000000000e+00,0.000000000000000000e+00,0.000000000000000000e+00,0.000000000000000000e+00,0.000000000000000000e+00,0.000000000000000000e+00,0.000000000000000000e+00,0.000000000000000000e+00,0.000000000000000000e+00,0.000000000000000000e+00,0.000000000000000000e+00,0.000000000000000000e+00,0.000000000000000000e+00,0.000000000000000000e+00,0.000000000000000000e+00,0.000000000000000000e+00,0.000000000000000000e+00,0.000000000000000000e+00,0.000000000000000000e+00,8.112850785255432129e-02,2.487533912062644958e-02,1.803653500974178314e-02,-1.409680396318435669e-02,3.315820544958114624e-02,-1.480113342404365540e-02,8.236651122570037842e-02,6.068343296647071838e-02,-1.457502692937850952e-02,4.785394668579101562e-02,-2.070398535579442978e-03,6.068653613328933716e-02,-1.154912263154983521e-02,-4.852010682225227356e-02,-1.185219269245862961e-02,1.071271486580371857e-03,1.067238766700029373e-02,2.543069794774055481e-02,6.060130149126052856e-02,-4.559330269694328308e-02,9.382919408380985260e-03,5.308416672050952911e-03,1.283735502511262894e-02,-2.559114620089530945e-02,2.767914347350597382e-02,-4.951323382556438446e-03,5.723448470234870911e-03,-1.120138727128505707e-02,2.817598171532154083e-02,6.759551353752613068e-03,9.996783733367919922e-01
0.000000000000000000e+00,0.000000000000000000e+00,0.000000000000000000e+00,0.000000000000000000e+00,0.000000000000000000e+00,0.000000000000000000e+00,0.000000000000000000e+00,0.000000000000000000e+00,0.000000000000000000e+00,0.000000000000000000e+00,0.000000000000000000e+00,0.000000000000000000e+00,0.000000000000000000e+00,0.000000000000000000e+00,0.000000000000000000e+00,0.000000000000000000e+00,0.000000000000000000e+00,0.000000000000000000e+00,0.000000000000000000e+00,0.000000000000000000e+00,0.000000000000000000e+00,0.000000000000000000e+00,0.000000000000000000e+00,0.000000000000000000e+00,0.000000000000000000e+00,0.000000000000000000e+00,0.000000000000000000e+00,0.000000000000000000e+00,0.000000000000000000e+00,0.000000000000000000e+00,0.000000000000000000e+00,0.000000000000000000e+00,0.000000000000000000e+00,0.000000000000000000e+00,0.000000000000000000e+00,0.000000000000000000e+00,0.000000000000000000e+00,0.000000000000000000e+00,0.000000000000000000e+00,0.000000000000000000e+00,0.000000000000000000e+00,0.000000000000000000e+00,0.000000000000000000e+00,0.000000000000000000e+00,0.000000000000000000e+00,0.000000000000000000e+00,0.000000000000000000e+00,0.000000000000000000e+00,0.000000000000000000e+00,0.000000000000000000e+00,0.000000000000000000e+00
