0.000000000000000000e+00,0.000000000000000000e+00,0.000000000000000000e+00,0.000000000000000000e+00,0.000000000000000000e+00,0.000000000000000000e+00,0.000000000000000000e+00,0.000000000000000000e+00,0.000000000000000000e+00,0.000000000000000000e+00,0.000000000000000000e+00,0.000000000000000000e+00,0.000000000000000000e+00,0.000000000000000000e+00,0.000000000000000000e+00,0.000000000000000000e+00,0.000000000000000000e+00,0.000000000000000000e+00,0.000000000000000000e+00,0.000000000000000000e+00,8.174088597297668457e-01,7.301373779773712158e-02,5.837684497237205505e-03,2.795549517031759024e-04,1.096297928597778082e-04,1.665681775193661451e-04,-9.045121259987354279e-03,1.810635003494098783e-04,-4.926741821691393852e-04,1.111422679969109595e-04,5.487779271788895130e-04,-8.992328366730362177e-05,-2.106189349433407187e-04,6.360399129334837198e-05,-2.901955158449709415e-04,-6.859455879748566076e-06,-7.478315819753333926e-05,9.900020813802257180e-05,2.064238506136462092e-04,3.538085438776761293e-04,-1.641065347939729691e-03,1.508374407421797514e-04,1.553910406073555350e-04,3.234251635149121284e-04,-2.160301119147334248e-05,1.186102628707885742e-03,-3.682817623484879732e-04,9.965479839593172073e-04,-2.037613885477185249e-04,-7.505774556193500757e-05,2.642121864482760429e-03
0.000000000000000000e+00,0.000000000000000000e+00,0.000000000000000000e+00,0.000000000000000000e+00,0.000000000000000000e+00,0.000000000000000000e+00,0.000000000000000000e+00,0.000000000000000000e+00,0.000000000000000000e+00,0.000000000000000000e+00,0.000000000000000000e+00,0.000000000000000000e+00,0.000000000000000000e+00,0.000000000000000000e+00,0.000000000000000000e+00,0.000000000000000000e+00,0.000000000000000000e+00,0.000000000000000000e+00,0.000000000000000000e+00,0.000000000000000000e+00,6.361593604087829590e-01,2.185488492250442505e-01,1.062832679599523544e-02,3.405833616852760315e-03,1.877389440778642893e-04,-6.624841480515897274e-04,-6.660333834588527679e-03,-6.166196893900632858e-03,-2.108423272147774696e-03,-8.330375421792268753e-04,-8.545635500922799110e-04,-4.336269921623170376e-04,-4.531316226348280907e-04,-3.164962690789252520e-04,-1.669555786065757275e-04,-2.128638443537056446e-04,-3.556193842086941004e-04,-1.025104211294092238e-04,-6.665028049610555172e-04,-1.086248434148728848e-03,-1.457897946238517761e-03,7.676963832636829466e-06,1.687205513007938862e-04,-3.812393697444349527e-04,4.368631634861230850e-04,5.399459041655063629e-04,-6.433822272811084986e-05,4.632551863323897123e-04,2.256679290439933538e-04,1.302040298469364643e-03,4.139530006796121597e-03
0.000000000000000000e+00,0.000000000000000000e+00,0.000000000000000000e+00,0.000000000000000000e+00,0.000000000000000000e+00,0.000000000000000000e+00,0.000000000000000000e+00,0.000000000000000000e+00,0.000000000000000000e+00,0.000000000000000000e+00,0.000000000000000000e+00,0.000000000000000000e+00,0.000000000000000000e+00,0.000000000000000000e+00,0.000000000000000000e+00,0.000000000000000000e+00,0.000000000000000000e+00,0.000000000000000000e+00,0.000000000000000000e+00,0.000000000000000000e+00,6.132586598396301270e-01,1.175196394324302673e-01,3.203403949737548828e-02,-6.347582093439996243e-04,2.723929705098271370e-03,7.887141779065132141e-03,1.347941253334283829e-02,-7.260516285896301270e-04,9.347351151518523693e-04,6.045958492904901505e-03,7.284871768206357956e-03,5.209371447563171387e-03,-9.711627353681251407e-05,1.254251310456311330e-05,1.000433549052104354e-04,-2.136040347977541387e-05,-2.990446228068321943e-04,-2.115049283020198345e-04,-8.929698378778994083e-05,3.246739506721496582e-02,-2.897968282923102379e-03,1.737629994750022888e-03,-3.260614757891744375e-04,-5.872099427506327629e-04,2.060266444459557533e-03,2.930399496108293533e-03,-1.816870644688606262e-04,1.071744970977306366e-02,-3.062071846215985715e-05,1.304822391830384731e-03,3.673542989417910576e-03
0.000000000000000000e+00,0.000000000000000000e+00,0.000000000000000000e+00,0.000000000000000000e+00,0.000000000000000000e+00,0.000000000000000000e+00,0.000000000000000000e+00,0.000000000000000000e+00,0.000000000000000000e+00,0.000000000000000000e+00,0.000000000000000000e+00,0.000000000000000000e+00,0.000000000000000000e+00,0.000000000000000000e+00,0.000000000000000000e+00,0.000000000000000000e+00,0.000000000000000000e+00,0.000000000000000000e+00,0.000000000000000000e+00,0.000000000000000000e+00,6.207763552665710449e-01,1.142003536224365234e-01,2.397654205560684204e-02,-1.149215851910412312e-03,2.942551858723163605e-03,4.249313846230506897e-03,1.046640425920486450e-02,-1.038858754327520728e-04,-1.326728088315576315e-04,3.275784431025385857e-03,4.900018684566020966e-03,1.435308717191219330e-03,-1.195040240418165922e-04,4.636113008018583059e-04,4.425189399626106024e-05,2.495733497198671103e-05,8.558555273339152336e-04,1.676278770901262760e-06,6.850798381492495537e-04,5.080999806523323059e-03,2.110045636072754860e-03,1.191168557852506638e-03,-6.236494518816471100e-04,-9.463503374718129635e-04,1.410790602676570415e-03,3.619097638875246048e-03,-2.884747227653861046e-04,1.003629993647336960e-02,1.093301943910773844e-05,6.195586174726486206e-04,6.984463334083557129e-02
0.000000000000000000e+00,0.000000000000000000e+00,0.000000000000000000e+00,0.000000000000000000e+00,0.000000000000000000e+00,0.000000000000000000e+00,0.000000000000000000e+00,0.000000000000000000e+00,0.000000000000000000e+00,0.000000000000000000e+00,0.000000000000000000e+00,0.000000000000000000e+00,0.000000000000000000e+00,0.000000000000000000e+00,0.000000000000000000e+00,0.000000000000000000e+00,0.000000000000000000e+00,0.000000000000000000e+00,0.000000000000000000e+00,0.000000000000000000e+00,4.349735081195831299e-01,1.669602394104003906e-01,3.926352038979530334e-02,-1.185690285637974739e-03,5.127616226673126221e-03,6.385150365531444550e-03,2.266631647944450378e-02,-1.986730610951781273e-03,7.596692885272204876e-04,3.496862249448895454e-03,4.808695521205663681e-03,9.769863681867718697e-04,-7.046268437989056110e-04,5.634488770738244057e-04,3.260785524616949260e-05,2.782766932796221226e-05,1.198108075186610222e-03,-5.548926856135949492e-05,4.907306283712387085e-04,1.819616649299860001e-03,-8.936617523431777954e-04,-7.124883704818785191e-04,-4.494886088650673628e-04,-6.079175509512424469e-04,4.209059115964919329e-04,1.759639242663979530e-03,4.966693813912570477e-05,1.110037416219711304e-02,-6.241250957828015089e-05,2.483419957570731640e-04,4.593209549784660339e-02
0.000000000000000000e+00,0.000000000000000000e+00,0.000000000000000000e+00,0.000000000000000000e+00,0.000000000000000000e+00,0.000000000000000000e+00,0.000000000000000000e+00,0.000000000000000000e+00,0.000000000000000000e+00,0.000000000000000000e+00,0.000000000000000000e+00,0.000000000000000000e+00,0.000000000000000000e+00,0.000000000000000000e+00,0.000000000000000000e+00,0.000000000000000000e+00,0.000000000000000000e+00,0.000000000000000000e+00,0.000000000000000000e+00,0.000000000000000000e+00,4.462321996688842773e-01,1.464525610208511353e-01,2.559309452772140503e-02,5.411967169493436813e-03,2.225973177701234818e-03,1.693871803581714630e-03,2.331901155412197113e-02,1.166357658803462982e-03,2.620843471959233284e-03,6.309054326266050339e-03,1.424523163586854935e-02,3.401118796318769455e-03,-6.929545779712498188e-04,-3.065941928070969880e-05,6.660361395915970206e-05,2.400586818112060428e-04,-8.738193719182163477e-05,-2.032272022916004062e-04,1.164224377134814858e-04,2.102491445839405060e-03,-9.795345977181568742e-05,1.974974147742614150e-04,-8.586391340941190720e-04,-1.017121248878538609e-03,-2.760323463007807732e-03,1.931360689923167229e-03,1.648448378546163440e-04,4.370581358671188354e-03,-4.437225652509368956e-05,7.927834667498245835e-05,6.253226101398468018e-02
0.000000000000000000e+00,0.000000000000000000e+00,0.000000000000000000e+00,0.000000000000000000e+00,0.000000000000000000e+00,0.000000000000000000e+00,0.000000000000000000e+00,0.000000000000000000e+00,0.000000000000000000e+00,0.000000000000000000e+00,0.000000000000000000e+00,0.000000000000000000e+00,0.000000000000000000e+00,0.000000000000000000e+00,0.000000000000000000e+00,0.000000000000000000e+00,0.000000000000000000e+00,0.000000000000000000e+00,0.000000000000000000e+00,0.000000000000000000e+00,4.634870886802673340e-01,1.433668434619903564e-01,2.750938385725021362e-02,9.254333563148975372e-03,7.556092459708452225e-03,-1.352855120785534382e-03,2.334553189575672150e-02,8.332339348271489143e-04,5.344309844076633453e-03,5.325240548700094223e-03,1.184205431491136551e-02,-1.086500924429856241e-04,4.263036884367465973e-03,-8.964053267845883965e-05,-1.145283458754420280e-04,2.474201610311865807e-04,1.335849665338173509e-04,-1.281926524825394154e-04,3.024858597200363874e-04,2.352306852117180824e-03,-5.071058403700590134e-04,1.096008578315377235e-03,-1.344402902759611607e-03,-7.594449562020599842e-04,2.699015312828123569e-04,-1.539583201520144939e-03,1.746950583765283227e-04,4.400799050927162170e-03,6.269737059483304620e-05,6.643383676419034600e-05,5.972044914960861206e-02
0.000000000000000000e+00,0.000000000000000000e+00,0.000000000000000000e+00,0.000000000000000000e+00,0.000000000000000000e+00,0.000000000000000000e+00,0.000000000000000000e+00,0.000000000000000000e+00,0.000000000000000000e+00,0.000000000000000000e+00,0.000000000000000000e+00,0.000000000000000000e+00,0.000000000000000000e+00,0.000000000000000000e+00,0.000000000000000000e+00,0.000000000000000000e+00,0.000000000000000000e+00,0.000000000000000000e+00,0.000000000000000000e+00,0.000000000000000000e+00,4.928425252437591553e-01,1.311607062816619873e-01,3.274970874190330505e-02,7.375976536422967911e-03,9.525798261165618896e-03,1.653417828492820263e-03,2.329272031784057617e-02,-8.006533607840538025e-04,4.272971302270889282e-03,6.910314317792654037e-03,1.120131555944681168e-02,-1.007947488687932491e-03,3.736912971362471581e-03,-6.917790597071871161e-05,-2.008159499382600188e-04,-7.621105851285392419e-06,1.177265890873968601e-03,-1.249872148036956787e-04,1.361347240163013339e-04,1.648281933739781380e-03,5.012280307710170746e-04,6.715115159749984741e-04,-1.308502862229943275e-03,-4.059588245581835508e-04,-3.411933779716491699e-03,-7.579228840768337250e-04,1.627398742130026221e-04,6.985337240621447563e-04,-6.037738785380497575e-05,-6.002163863740861416e-04,5.060023069381713867e-02
0.000000000000000000e+00,0.000000000000000000e+00,0.000000000000000000e+00,0.000000000000000000e+00,0.000000000000000000e+00,0.000000000000000000e+00,0.000000000000000000e+00,0.000000000000000000e+00,0.000000000000000000e+00,0.000000000000000000e+00,0.000000000000000000e+00,0.000000000000000000e+00,0.000000000000000000e+00,0.000000000000000000e+00,0.000000000000000000e+00,0.000000000000000000e+00,0.000000000000000000e+00,0.000000000000000000e+00,0.000000000000000000e+00,0.000000000000000000e+00,3.835140466690063477e-01,1.054089963436126709e-01,1.272780448198318481e-01,1.120746880769729614e-02,6.882184650748968124e-03,4.804063588380813599e-03,3.288593515753746033e-02,4.035397432744503021e-03,3.954533021897077560e-04,1.038792822510004044e-02,1.633770577609539032e-02,2.140292053809389472e-05,2.554854610934853554e-03,-1.245148887392133474e-04,-2.173922403017058969e-04,1.182988999062217772e-04,2.194396685808897018e-03,1.675165258347988129e-03,-6.900009611854329705e-05,8.655942976474761963e-03,4.754930268973112106e-04,9.823389118537306786e-04,-2.232348313555121422e-03,-2.398977667326107621e-04,1.126605318859219551e-03,4.076500423252582550e-03,-2.209359627158846706e-05,1.562971272505819798e-03,2.263661190227139741e-05,-6.191670545376837254e-04,7.184723764657974243e-02
0.000000000000000000e+00,0.000000000000000000e+00,0.000000000000000000e+00,0.000000000000000000e+00,0.000000000000000000e+00,0.000000000000000000e+00,0.000000000000000000e+00,0.000000000000000000e+00,0.000000000000000000e+00,0.000000000000000000e+00,0.000000000000000000e+00,0.000000000000000000e+00,0.000000000000000000e+00,0.000000000000000000e+00,0.000000000000000000e+00,0.000000000000000000e+00,0.000000000000000000e+00,0.000000000000000000e+00,0.000000000000000000e+00,0.000000000000000000e+00,3.772203326225280762e-01,1.086234003305435181e-01,1.204894930124282837e-01,1.353951357305049896e-02,4.866181872785091400e-03,4.948318935930728912e-03,4.856522381305694580e-02,6.787093821913003922e-03,-2.222121926024556160e-03,4.764370154589414597e-03,1.797253638505935669e-02,1.958114095032215118e-03,1.516341813839972019e-03,1.257609110325574875e-04,-3.120495530311018229e-04,3.092778497375547886e-04,4.929224494844675064e-03,4.315065685659646988e-03,-3.132114070467650890e-04,1.183237228542566299e-02,-1.348708756268024445e-03,-4.200124822091311216e-04,-8.801068761385977268e-04,1.071787992259487510e-04,8.924980647861957550e-03,7.955088280141353607e-03,-1.726343907648697495e-04,3.516823053359985352e-03,-1.444500685465754941e-05,-4.233400686644017696e-04,4.878228902816772461e-02
0.000000000000000000e+00,0.000000000000000000e+00,0.000000000000000000e+00,0.000000000000000000e+00,0.000000000000000000e+00,0.000000000000000000e+00,0.000000000000000000e+00,0.000000000000000000e+00,0.000000000000000000e+00,0.000000000000000000e+00,0.000000000000000000e+00,0.000000000000000000e+00,0.000000000000000000e+00,0.000000000000000000e+00,0.000000000000000000e+00,0.000000000000000000e+00,0.000000000000000000e+00,0.000000000000000000e+00,0.000000000000000000e+00,0.000000000000000000e+00,3.976093828678131104e-01,6.753179430961608887e-02,6.526210904121398926e-02,1.478593517094850540e-02,5.264925304800271988e-03,6.383126135915517807e-03,2.981941774487495422e-02,2.019580639898777008e-02,3.328226506710052490e-03,2.990887872874736786e-02,2.636031806468963623e-02,7.053548004478216171e-03,5.225287750363349915e-03,1.323747797869145870e-03,-2.630992457852698863e-05,1.836572773754596710e-04,3.195597964804619551e-04,9.705797769129276276e-03,3.446573857218027115e-03,2.128558047115802765e-02,8.740085759200155735e-04,2.321149513591080904e-04,4.024606023449450731e-04,2.049024769803509116e-04,-8.829332364257425070e-05,2.548786997795104980e-02,2.012401819229125977e-05,1.136692799627780914e-02,2.837433930835686624e-05,1.212238930747844279e-04,5.237701907753944397e-02
0.000000000000000000e+00,0.000000000000000000e+00,0.000000000000000000e+00,0.000000000000000000e+00,0.000000000000000000e+00,0.000000000000000000e+00,0.000000000000000000e+00,0.000000000000000000e+00,0.000000000000000000e+00,0.000000000000000000e+00,0.000000000000000000e+00,0.000000000000000000e+00,0.000000000000000000e+00,0.000000000000000000e+00,0.000000000000000000e+00,0.000000000000000000e+00,0.000000000000000000e+00,0.000000000000000000e+00,0.000000000000000000e+00,0.000000000000000000e+00,4.081991910934448242e-01,5.567463114857673645e-02,5.872526019811630249e-02,1.194913126528263092e-02,7.233842276036739349e-03,7.880959659814834595e-03,2.952115610241889954e-02,2.254975214600563049e-02,9.378781542181968689e-03,3.524310514330863953e-02,1.492587663233280182e-02,6.152465008199214935e-03,9.655452333390712738e-03,6.626595859415829182e-04,-3.573201247490942478e-04,4.710387147497385740e-04,8.541684364899992943e-04,1.383006758987903595e-02,9.701739065349102020e-03,1.665035262703895569e-02,5.770216230303049088e-04,2.292151912115514278e-04,-3.517987788654863834e-04,-1.423875364707782865e-04,2.002696506679058075e-03,5.430349614471197128e-03,3.074522101087495685e-05,1.100898138247430325e-03,-5.608528226730413735e-06,-4.673097282648086548e-04,9.148976951837539673e-02
0.000000000000000000e+00,0.000000000000000000e+00,0.000000000000000000e+00,0.000000000000000000e+00,0.000000000000000000e+00,0.000000000000000000e+00,0.000000000000000000e+00,0.000000000000000000e+00,0.000000000000000000e+00,0.000000000000000000e+00,0.000000000000000000e+00,0.000000000000000000e+00,0.000000000000000000e+00,0.000000000000000000e+00,0.000000000000000000e+00,0.000000000000000000e+00,0.000000000000000000e+00,0.000000000000000000e+00,0.000000000000000000e+00,0.000000000000000000e+00,3.920697867870330811e-01,2.603453211486339569e-02,4.674695804715156555e-02,1.231824606657028198e-02,6.873625796288251877e-03,1.168219279497861862e-02,6.496305763721466064e-02,2.412394061684608459e-02,1.892262883484363556e-02,4.890305548906326294e-02,1.544465776532888412e-02,4.409870598465204239e-03,1.792196929454803467e-02,3.727801085915416479e-04,-4.178957024123519659e-04,5.341139622032642365e-04,1.499068457633256912e-03,1.520026009529829025e-02,9.546582587063312531e-03,1.461534388363361359e-02,5.466946167871356010e-04,4.273754893802106380e-04,-4.034005687572062016e-04,-8.437095675617456436e-05,8.696664124727249146e-03,2.173924585804343224e-03,1.585490826983004808e-04,8.313862490467727184e-04,3.356789966346696019e-05,-5.453615449368953705e-04,5.687926337122917175e-02
0.000000000000000000e+00,0.000000000000000000e+00,0.000000000000000000e+00,0.000000000000000000e+00,0.000000000000000000e+00,0.000000000000000000e+00,0.000000000000000000e+00,0.000000000000000000e+00,0.000000000000000000e+00,0.000000000000000000e+00,0.000000000000000000e+00,0.000000000000000000e+00,0.000000000000000000e+00,0.000000000000000000e+00,0.000000000000000000e+00,0.000000000000000000e+00,0.000000000000000000e+00,0.000000000000000000e+00,0.000000000000000000e+00,0.000000000000000000e+00,3.937339186668395996e-01,1.566738076508045197e-02,2.084745280444622040e-02,3.912644751835614443e-04,1.291500311344861984e-02,1.134837605059146881e-02,6.561004370450973511e-02,3.631690889596939087e-02,1.129478029906749725e-02,6.624221056699752808e-02,2.470924146473407745e-02,4.105538129806518555e-03,1.518792193382978439e-02,1.336705521680414677e-03,-4.007966199424117804e-04,-3.351279883645474911e-04,1.581230317242443562e-04,1.639248989522457123e-02,1.064660958945751190e-02,1.614233478903770447e-02,1.120989909395575523e-03,2.919669495895504951e-04,3.057983121834695339e-05,1.063088202499784529e-04,9.768669493496417999e-03,1.398023334331810474e-03,2.745226811384782195e-05,1.174038858152925968e-03,-1.131995850300882012e-05,1.804193889256566763e-04,5.707914382219314575e-02
0.000000000000000000e+00,0.000000000000000000e+00,0.000000000000000000e+00,0.000000000000000000e+00,0.000000000000000000e+00,0.000000000000000000e+00,0.000000000000000000e+00,0.000000000000000000e+00,0.000000000000000000e+00,0.000000000000000000e+00,0.000000000000000000e+00,0.000000000000000000e+00,0.000000000000000000e+00,0.000000000000000000e+00,0.000000000000000000e+00,0.000000000000000000e+00,0.000000000000000000e+00,0.000000000000000000e+00,0.000000000000000000e+00,0.000000000000000000e+00,4.215875566005706787e-01,7.093393243849277496e-03,2.015673741698265076e-02,-1.387915690429508686e-03,8.722172118723392487e-03,8.731701411306858063e-03,6.692077219486236572e-02,3.345372527837753296e-02,1.381872873753309250e-02,7.825888693332672119e-02,2.824413403868675232e-02,4.959091078490018845e-03,1.834524422883987427e-02,1.375857624225318432e-03,-8.741825004108250141e-04,-5.695455474779009819e-04,1.845274586230516434e-03,2.297673374414443970e-02,1.247202325612306595e-02,2.307177148759365082e-02,8.003968978300690651e-04,8.787938713794574142e-05,2.530870842747390270e-04,1.185948422062210739e-04,1.017636526376008987e-02,1.793279778212308884e-03,-4.953954430675366893e-06,-9.052566601894795895e-04,1.540188804938225076e-06,4.627101297955960035e-04,1.284129545092582703e-02
0.000000000000000000e+00,0.000000000000000000e+00,0.000000000000000000e+00,0.000000000000000000e+00,0.000000000000000000e+00,0.000000000000000000e+00,0.000000000000000000e+00,0.000000000000000000e+00,0.000000000000000000e+00,0.000000000000000000e+00,0.000000000000000000e+00,0.000000000000000000e+00,0.000000000000000000e+00,0.000000000000000000e+00,0.000000000000000000e+00,0.000000000000000000e+00,0.000000000000000000e+00,0.000000000000000000e+00,0.000000000000000000e+00,0.000000000000000000e+00,4.556962251663208008e-01,1.077347062528133392e-02,1.591187343001365662e-02,-1.596863730810582638e-03,6.704311817884445190e-03,1.693952828645706177e-03,6.831707060337066650e-02,3.160449117422103882e-02,4.197365604341030121e-03,6.351032853126525879e-02,1.123323198407888412e-02,3.983973991125822067e-03,6.399775156751275063e-05,4.095617623534053564e-04,-4.271962679922580719e-04,-8.191297529265284538e-04,-5.331520806066691875e-04,1.270704530179500580e-02,7.876669988036155701e-03,7.294315844774246216e-03,-3.902480239048600197e-05,1.018245457089506090e-04,-1.415209262631833553e-04,-3.271780151408165693e-04,1.065445691347122192e-02,2.154536079615354538e-03,-6.757074152119457722e-05,-1.408160082064568996e-03,1.188380701933056116e-05,2.927952737081795931e-04,7.096111029386520386e-02
0.000000000000000000e+00,0.000000000000000000e+00,0.000000000000000000e+00,0.000000000000000000e+00,0.000000000000000000e+00,0.000000000000000000e+00,0.000000000000000000e+00,0.000000000000000000e+00,0.000000000000000000e+00,0.000000000000000000e+00,0.000000000000000000e+00,0.000000000000000000e+00,0.000000000000000000e+00,0.000000000000000000e+00,0.000000000000000000e+00,0.000000000000000000e+00,0.000000000000000000e+00,0.000000000000000000e+00,0.000000000000000000e+00,0.000000000000000000e+00,4.921165108680725098e-01,4.770734813064336777e-03,1.261744461953639984e-02,4.567799624055624008e-04,3.980635199695825577e-03,-8.842009119689464569e-04,6.468044966459274292e-02,1.443454436957836151e-02,-6.378008984029293060e-04,2.908828482031822205e-02,2.322459127753973007e-03,-3.896044290740974247e-05,7.854001014493405819e-04,-3.990450350102037191e-04,-2.800597576424479485e-04,-9.125712094828486443e-04,1.246724277734756470e-03,1.762480475008487701e-02,7.388113997876644135e-03,8.635017089545726776e-03,1.466121757403016090e-04,8.291524136438965797e-05,-7.793644181219860911e-05,-1.576955546624958515e-04,1.486354973167181015e-03,-8.214095141738653183e-04,-4.753922621603123844e-05,-1.613894244655966759e-03,-4.792435106537595857e-07,-5.823944811709225178e-04,1.388401240110397339e-01
0.000000000000000000e+00,0.000000000000000000e+00,0.000000000000000000e+00,0.000000000000000000e+00,0.000000000000000000e+00,0.000000000000000000e+00,0.000000000000000000e+00,0.000000000000000000e+00,0.000000000000000000e+00,0.000000000000000000e+00,0.000000000000000000e+00,0.000000000000000000e+00,0.000000000000000000e+00,0.000000000000000000e+00,0.000000000000000000e+00,0.000000000000000000e+00,0.000000000000000000e+00,0.000000000000000000e+00,0.000000000000000000e+00,0.000000000000000000e+00,5.409076809883117676e-01,5.835527088493108749e-03,1.503178197890520096e-02,6.348300958052277565e-04,4.391960334032773972e-03,1.772911869920790195e-03,6.843236833810806274e-02,1.323164440691471100e-02,-1.185186090879142284e-03,1.415185537189245224e-02,-5.221462561166845262e-05,-7.575609488412737846e-04,-9.151052800007164478e-04,-2.893758064601570368e-04,-2.754052693489938974e-04,-1.071936800144612789e-03,1.052505103871226311e-03,1.721372827887535095e-03,-4.970265435986220837e-04,4.937355406582355499e-03,-1.251412322744727135e-05,5.053202767157927155e-05,-9.789653267944231629e-05,-3.934896085411310196e-05,1.213769337482517585e-05,-3.685228002723306417e-04,-2.457487244100775570e-05,-2.094730689350399189e-06,7.828370485185587313e-07,2.132243971573188901e-04,1.305382549762725830e-01
0.000000000000000000e+00,0.000000000000000000e+00,0.000000000000000000e+00,0.000000000000000000e+00,0.000000000000000000e+00,0.000000000000000000e+00,0.000000000000000000e+00,0.000000000000000000e+00,0.000000000000000000e+00,0.000000000000000000e+00,0.000000000000000000e+00,0.000000000000000000e+00,0.000000000000000000e+00,0.000000000000000000e+00,0.000000000000000000e+00,0.000000000000000000e+00,0.000000000000000000e+00,0.000000000000000000e+00,0.000000000000000000e+00,0.000000000000000000e+00,5.644080638885498047e-01,7.576566655188798904e-03,1.098817214369773865e-02,2.557107654865831137e-04,3.447329858317971230e-03,6.549842189997434616e-03,4.971005022525787354e-02,7.735865656286478043e-03,-5.126718897372484207e-04,6.334575358778238297e-03,4.714449169114232063e-04,-1.364779542200267315e-03,-9.757769876159727573e-04,8.569392230128869414e-05,1.913923770189285278e-04,6.863478920422494411e-04,1.323262578807771206e-03,5.806668195873498917e-04,3.709517477545887232e-04,1.802949002012610435e-03,1.946578049683012068e-05,3.177808321197517216e-05,-3.845386891043744981e-05,9.082475116883870214e-06,-1.378722663503140211e-04,2.217279397882521152e-04,-1.190175316878594458e-05,8.140239515341818333e-04,7.965571057866327465e-06,-3.203990927431732416e-04,1.289397329092025757e-01
0.000000000000000000e+00,0.000000000000000000e+00,0.000000000000000000e+00,0.000000000000000000e+00,0.000000000000000000e+00,0.000000000000000000e+00,0.000000000000000000e+00,0.000000000000000000e+00,0.000000000000000000e+00,0.000000000000000000e+00,0.000000000000000000e+00,0.000000000000000000e+00,0.000000000000000000e+00,0.000000000000000000e+00,0.000000000000000000e+00,0.000000000000000000e+00,0.000000000000000000e+00,0.000000000000000000e+00,0.000000000000000000e+00,0.000000000000000000e+00,6.259348392486572266e-01,3.100446425378322601e-03,1.218512468039989471e-02,4.317314305808395147e-04,1.256094546988606453e-03,1.891547348350286484e-03,6.582322716712951660e-02,1.212083548307418823e-02,-3.581655910238623619e-04,5.271730944514274597e-03,2.966483880300074816e-04,-1.697756582871079445e-03,-1.182579435408115387e-03,2.170810330426320434e-05,1.410370459780097008e-04,1.677098334766924381e-04,3.435759572312235832e-04,5.103733274154365063e-04,3.044620680157095194e-04,5.129796918481588364e-04,1.895273271657060832e-06,1.718565181363373995e-05,-4.297717168810777366e-05,6.638465492869727314e-06,-1.126137649407610297e-04,3.180262283422052860e-04,7.336191174545092508e-07,-7.059708877932280302e-05,-1.526909727544989437e-06,-1.266038889298215508e-04,6.811106204986572266e-02
0.000000000000000000e+00,0.000000000000000000e+00,0.000000000000000000e+00,0.000000000000000000e+00,0.000000000000000000e+00,0.000000000000000000e+00,0.000000000000000000e+00,0.000000000000000000e+00,0.000000000000000000e+00,0.000000000000000000e+00,0.000000000000000000e+00,0.000000000000000000e+00,0.000000000000000000e+00,0.000000000000000000e+00,0.000000000000000000e+00,0.000000000000000000e+00,0.000000000000000000e+00,0.000000000000000000e+00,0.000000000000000000e+00,0.000000000000000000e+00,6.059310436248779297e-01,6.894561462104320526e-03,4.276463761925697327e-03,-3.298976935184327886e-06,8.632981334812939167e-04,7.876444142311811447e-04,3.964816778898239136e-02,3.768505994230508804e-03,-6.018876447342336178e-04,1.081050722859799862e-03,-5.445804345072247088e-05,-7.859928882680833340e-05,-6.247528945095837116e-04,-4.905993773718364537e-05,-1.351840910501778126e-04,2.663778104761149734e-06,-6.830957136116921902e-05,2.647371438797563314e-04,2.919009129982441664e-04,2.221405884483829141e-05,-8.966474524640943855e-06,-1.338307083642575890e-05,-6.733713962603360415e-05,-2.628957008710131049e-05,5.805498221889138222e-05,5.403085378929972649e-04,1.436736170035146642e-06,-8.642392640467733145e-05,-4.310218628233997151e-06,-3.492587129585444927e-04,2.084743082523345947e-01
0.000000000000000000e+00,0.000000000000000000e+00,0.000000000000000000e+00,0.000000000000000000e+00,0.000000000000000000e+00,0.000000000000000000e+00,0.000000000000000000e+00,0.000000000000000000e+00,0.000000000000000000e+00,0.000000000000000000e+00,0.000000000000000000e+00,0.000000000000000000e+00,0.000000000000000000e+00,0.000000000000000000e+00,0.000000000000000000e+00,0.000000000000000000e+00,0.000000000000000000e+00,0.000000000000000000e+00,0.000000000000000000e+00,0.000000000000000000e+00,7.080720663070678711e-01,7.526556728407740593e-04,2.509205602109432220e-03,-8.189037907868623734e-05,2.608348222565837204e-05,-3.985504008596763015e-05,4.246836155652999878e-02,6.181371863931417465e-03,-7.174675556598231196e-05,-1.815033319871872663e-04,-1.157750011770986021e-04,-1.341997704003006220e-04,-1.621703995624557137e-05,-5.813115421915426850e-05,-1.184087304864078760e-04,1.251573557965457439e-04,7.004349754424765706e-05,6.627037510043010116e-05,2.250579418614506721e-04,-1.028556107485201210e-05,-1.170404993899865076e-05,-2.289995245519094169e-05,-8.244308264693245292e-05,-3.134168946417048573e-05,2.190705708926543593e-05,4.948045825585722923e-04,-1.279912225982116070e-06,2.380079968133941293e-05,-5.579998742177849635e-06,-6.120170291978865862e-05,1.206966042518615723e-01
0.000000000000000000e+00,0.000000000000000000e+00,0.000000000000000000e+00,0.000000000000000000e+00,0.000000000000000000e+00,0.000000000000000000e+00,0.000000000000000000e+00,0.000000000000000000e+00,0.000000000000000000e+00,0.000000000000000000e+00,0.000000000000000000e+00,0.000000000000000000e+00,0.000000000000000000e+00,0.000000000000000000e+00,0.000000000000000000e+00,0.000000000000000000e+00,0.000000000000000000e+00,0.000000000000000000e+00,0.000000000000000000e+00,0.000000000000000000e+00,-4.753333516418933868e-03,3.193552256561815739e-04,4.800959140993654728e-05,1.022320066113024950e-05,3.247728045607800595e-06,-6.101311373640783131e-05,-8.107105386443436146e-04,1.923990384966600686e-05,1.242521830135956407e-05,6.511221727123484015e-05,-6.328546533040935174e-06,-2.210158163507003337e-05,-5.356780093279667199e-05,-5.104915999254444614e-06,1.058417001331690699e-05,-3.629376124081318267e-06,8.209898624045308679e-06,1.689166310825385153e-05,3.947982258978299797e-05,1.986982169910334051e-05,-8.552817234885878861e-06,-9.781981134437955916e-06,-4.747977072838693857e-05,-3.041469972231425345e-05,5.109094126964919269e-05,1.407898816978558898e-04,1.956824235094245523e-05,-1.421877004759153351e-05,-1.425460231985198334e-05,7.400108734145760536e-04,9.571978449821472168e-01
0.000000000000000000e+00,0.000000000000000000e+00,0.000000000000000000e+00,0.000000000000000000e+00,0.000000000000000000e+00,0.000000000000000000e+00,0.000000000000000000e+00,0.000000000000000000e+00,0.000000000000000000e+00,0.000000000000000000e+00,0.000000000000000000e+00,0.000000000000000000e+00,0.000000000000000000e+00,0.000000000000000000e+00,0.000000000000000000e+00,0.000000000000000000e+00,0.000000000000000000e+00,0.000000000000000000e+00,0.000000000000000000e+00,0.000000000000000000e+00,-4.565412527881562710e-04,2.143637102562934160e-04,5.485314613906666636e-05,1.111674237108672969e-06,1.197759047499857843e-05,-1.190315924759488553e-05,-9.409185440745204687e-05,7.005513907643035054e-05,-3.223078238079324365e-05,2.757140464382246137e-05,-4.142895249970024452e-06,-4.141461431572679430e-06,-7.229443144751712680e-05,-7.054866728140041232e-06,-1.327536301687359810e-05,-9.213382327288854867e-06,4.682025519286980852e-06,-7.570731668238295242e-07,1.528466054878663272e-05,7.843701496312860399e-06,-1.534267539682332426e-05,-3.195492899976670742e-05,-4.148604784859344363e-05,1.136832565862277988e-06,1.917430017783772200e-05,1.587749829923268408e-05,1.369034544040914625e-05,-4.573213664116337895e-05,-1.156545476987957954e-05,4.475220921449363232e-04,9.603559970855712891e-01
0.000000000000000000e+00,0.000000000000000000e+00,0.000000000000000000e+00,0.000000000000000000e+00,0.000000000000000000e+00,0.000000000000000000e+00,0.000000000000000000e+00,0.000000000000000000e+00,0.000000000000000000e+00,0.000000000000000000e+00,0.000000000000000000e+00,0.000000000000000000e+00,0.000000000000000000e+00,0.000000000000000000e+00,0.000000000000000000e+00,0.000000000000000000e+00,0.000000000000000000e+00,0.000000000000000000e+00,0.000000000000000000e+00,0.000000000000000000e+00,5.721974885091185570e-04,1.940221263794228435e-04,-1.181421794171910733e-05,1.035736931953579187e-05,-3.738702616828959435e-06,-2.272375422762706876e-05,4.912222357233986259e-05,7.750117219984531403e-05,-2.478800706740003079e-05,4.209344479022547603e-05,1.072586746886372566e-05,-4.966955657437210903e-06,-6.265046249609440565e-05,-3.334857638037647121e-06,5.250227331998758018e-06,2.565495833550812677e-07,1.156156395154539496e-05,1.156773214461281896e-05,-8.465347491437569261e-06,-5.297292591421864927e-05,5.156318366061896086e-06,5.148977834323886782e-06,-5.252323899185284972e-05,9.075312732420570683e-07,7.832031769794411957e-06,-6.087829387979581952e-05,1.732068631099537015e-05,-1.241856261913198978e-05,-4.072117917530704290e-06,2.013593802985269576e-05,9.831358790397644043e-01
0.000000000000000000e+00,0.000000000000000000e+00,0.000000000000000000e+00,0.000000000000000000e+00,0.000000000000000000e+00,0.000000000000000000e+00,0.000000000000000000e+00,0.000000000000000000e+00,0.000000000000000000e+00,0.000000000000000000e+00,0.000000000000000000e+00,0.000000000000000000e+00,0.000000000000000000e+00,0.000000000000000000e+00,0.000000000000000000e+00,0.000000000000000000e+00,0.000000000000000000e+00,0.000000000000000000e+00,0.000000000000000000e+00,0.000000000000000000e+00,8.993249502964317799e-04,1.946564589161425829e-04,8.223698387155309319e-06,-2.857799699995666742e-06,4.315300429880153388e-06,-2.069069159915670753e-05,2.081271959468722343e-04,1.088793796952813864e-04,-1.905987119243945926e-05,5.812757444800809026e-05,5.952394076302880421e-06,1.572248947923071682e-05,-7.531464507337659597e-05,1.709187927190214396e-06,7.501938398490892723e-06,4.157371904511819594e-07,1.935892578330822289e-05,2.124989805452059954e-06,2.668083652679342777e-05,-2.669594505277927965e-05,1.118209547712467611e-05,-1.472505573474336416e-05,-6.671638402622193098e-05,-2.847195355570875108e-05,4.575447383103892207e-05,-7.478927727788686752e-06,5.101187070977175608e-06,-4.481000360101461411e-06,-2.379520765316556208e-06,-1.370886457152664661e-05,9.829364418983459473e-01
0.000000000000000000e+00,0.000000000000000000e+00,0.000000000000000000e+00,0.000000000000000000e+00,0.000000000000000000e+00,0.000000000000000000e+00,0.000000000000000000e+00,0.000000000000000000e+00,0.000000000000000000e+00,0.000000000000000000e+00,0.000000000000000000e+00,0.000000000000000000e+00,0.000000000000000000e+00,0.000000000000000000e+00,0.000000000000000000e+00,0.000000000000000000e+00,0.000000000000000000e+00,0.000000000000000000e+00,0.000000000000000000e+00,0.000000000000000000e+00,1.983734080567955971e-03,2.004200941883027554e-04,3.388799814274534583e-05,-7.717068911006208509e-06,2.303936344105750322e-05,-6.486811344075249508e-06,2.951499191112816334e-04,3.467088754405267537e-05,-2.180910632887389511e-05,4.384189742268063128e-05,-1.565781985846115276e-06,6.408522312995046377e-05,-3.567746171029284596e-05,-3.601298521971330047e-05,-1.028942460834514350e-05,1.118415724477017648e-07,1.174336557596689090e-05,6.822335762990405783e-06,5.547342152567580342e-05,-3.276958159403875470e-05,6.374969871103530750e-06,2.907880798375117593e-06,1.398019685439066961e-05,-1.632886960578616709e-05,4.775635170517489314e-05,-8.499959221808239818e-06,9.506533388048410416e-06,-8.947326023189816624e-06,5.368395704863360152e-06,7.381544037343701348e-06,9.746336340904235840e-01
0.000000000000000000e+00,0.000000000000000000e+00,0.000000000000000000e+00,0.000000000000000000e+00,0.000000000000000000e+00,0.000000000000000000e+00,0.000000000000000000e+00,0.000000000000000000e+00,0.000000000000000000e+00,0.000000000000000000e+00,0.000000000000000000e+00,0.000000000000000000e+00,0.000000000000000000e+00,0.000000000000000000e+00,0.000000000000000000e+00,0.000000000000000000e+00,0.000000000000000000e+00,0.000000000000000000e+00,0.000000000000000000e+00,0.000000000000000000e+00,0.000000000000000000e+00,0.000000000000000000e+00,0.000000000000000000e+00,0.000000000000000000e+00,0.000000000000000000e+00,0.000000000000000000e+00,0.000000000000000000e+00,0.000000000000000000e+00,0.000000000000000000e+00,0.000000000000000000e+00,0.000000000000000000e+00,0.000000000000000000e+00,0.000000000000000000e+00,0.000000000000000000e+00,0.000000000000000000e+00,0.000000000000000000e+00,0.000000000000000000e+00,0.000000000000000000e+00,0.000000000000000000e+00,0.000000000000000000e+00,0.000000000000000000e+00,0.000000000000000000e+00,0.000000000000000000e+00,0.000000000000000000e+00,0.000000000000000000e+00,0.000000000000000000e+00,0.000000000000000000e+00,0.000000000000000000e+00,0.000000000000000000e+00,0.000000000000000000e+00,0.000000000000000000e+00
