0.000000000000000000e+00,0.000000000000000000e+00,0.000000000000000000e+00,0.000000000000000000e+00,0.000000000000000000e+00,0.000000000000000000e+00,0.000000000000000000e+00,0.000000000000000000e+00,0.000000000000000000e+00,0.000000000000000000e+00,0.000000000000000000e+00,0.000000000000000000e+00,0.000000000000000000e+00,0.000000000000000000e+00,0.000000000000000000e+00,0.000000000000000000e+00,0.000000000000000000e+00,0.000000000000000000e+00,0.000000000000000000e+00,0.000000000000000000e+00,3.064196777343750000e+01,1.292228698730468750e-02,-2.500534057617187500e-03,-6.713867187500000000e-04,6.828308105468750000e-04,1.258850097656250000e-04,-6.824493408203125000e-03,2.422332763671875000e-04,6.027221679687500000e-04,1.600265502929687500e-03,9.403228759765625000e-04,4.577636718750000000e-04,-5.912780761718750000e-05,3.814697265625000000e-05,1.869201660156250000e-04,7.629394531250000000e-06,6.294250488281250000e-05,-1.354217529296875000e-04,4.901885986328125000e-04,1.260757446289062500e-03,7.076263427734375000e-04,-9.536743164062500000e-06,2.822875976562500000e-04,-1.024246215820312500e-03,4.558563232421875000e-04,1.619338989257812500e-03,-1.869201660156250000e-04,-9.727478027343750000e-05,7.629394531250000000e-06,7.247924804687500000e-05,-4.844665527343750000e-04
0.000000000000000000e+00,0.000000000000000000e+00,0.000000000000000000e+00,0.000000000000000000e+00,0.000000000000000000e+00,0.000000000000000000e+00,0.000000000000000000e+00,0.000000000000000000e+00,0.000000000000000000e+00,0.000000000000000000e+00,0.000000000000000000e+00,0.000000000000000000e+00,0.000000000000000000e+00,0.000000000000000000e+00,0.000000000000000000e+00,0.000000000000000000e+00,0.000000000000000000e+00,0.000000000000000000e+00,0.000000000000000000e+00,0.000000000000000000e+00,3.056820678710937500e+01,7.581901550292968750e-02,-1.182556152343750000e-04,-6.916046142578125000e-03,-2.922058105468750000e-03,-7.820129394531250000e-04,3.377914428710937500e-03,-3.101348876953125000e-03,2.527236938476562500e-03,3.520965576171875000e-03,1.766204833984375000e-03,1.754760742187500000e-04,-5.607604980468750000e-04,8.773803710937500000e-05,-8.773803710937500000e-05,-3.776550292968750000e-04,-1.335144042968750000e-04,-1.411437988281250000e-04,3.108978271484375000e-04,-1.113891601562500000e-03,9.346008300781250000e-04,2.504348754882812500e-03,4.673004150390625000e-04,9.937286376953125000e-04,-1.283645629882812500e-03,3.311157226562500000e-03,-1.888275146484375000e-04,-2.994537353515625000e-04,-8.049011230468750000e-04,-1.106262207031250000e-04,1.689910888671875000e-03
0.000000000000000000e+00,0.000000000000000000e+00,0.000000000000000000e+00,0.000000000000000000e+00,0.000000000000000000e+00,0.000000000000000000e+00,0.000000000000000000e+00,0.000000000000000000e+00,0.000000000000000000e+00,0.000000000000000000e+00,0.000000000000000000e+00,0.000000000000000000e+00,0.000000000000000000e+00,0.000000000000000000e+00,0.000000000000000000e+00,0.000000000000000000e+00,0.000000000000000000e+00,0.000000000000000000e+00,0.000000000000000000e+00,0.000000000000000000e+00,3.051148605346679688e+01,-1.146888732910156250e-01,-2.271270751953125000e-02,-5.867004394531250000e-03,-4.816055297851562500e-03,-5.641937255859375000e-03,8.465003967285156250e-02,-2.122688293457031250e-02,3.108978271484375000e-04,8.085250854492187500e-03,4.730224609375000000e-04,1.361846923828125000e-03,8.678436279296875000e-04,9.155273437500000000e-05,-9.727478027343750000e-05,8.964538574218750000e-04,-8.258819580078125000e-04,4.329681396484375000e-04,-9.479522705078125000e-04,1.334381103515625000e-02,6.713867187500000000e-04,4.127502441406250000e-03,5.786895751953125000e-03,2.855300903320312500e-03,-1.233863830566406250e-02,4.508972167968750000e-03,3.013610839843750000e-04,7.268905639648437500e-03,-5.340576171875000000e-04,4.291534423828125000e-04,6.977081298828125000e-03
0.000000000000000000e+00,0.000000000000000000e+00,0.000000000000000000e+00,0.000000000000000000e+00,0.000000000000000000e+00,0.000000000000000000e+00,0.000000000000000000e+00,0.000000000000000000e+00,0.000000000000000000e+00,0.000000000000000000e+00,0.000000000000000000e+00,0.000000000000000000e+00,0.000000000000000000e+00,0.000000000000000000e+00,0.000000000000000000e+00,0.000000000000000000e+00,0.000000000000000000e+00,0.000000000000000000e+00,0.000000000000000000e+00,0.000000000000000000e+00,3.045582771301269531e+01,-1.168308258056640625e-01,-2.579116821289062500e-02,7.011413574218750000e-03,8.979797363281250000e-03,-2.022552490234375000e-02,6.194114685058593750e-02,-2.703475952148437500e-02,1.962661743164062500e-03,8.563995361328125000e-04,-4.940032958984375000e-03,-5.378723144531250000e-04,-1.764297485351562500e-03,6.217956542968750000e-04,-4.100799560546875000e-04,2.460479736328125000e-04,2.101898193359375000e-03,1.834869384765625000e-03,-2.460479736328125000e-04,3.215789794921875000e-03,-2.418518066406250000e-03,5.371093750000000000e-03,6.166458129882812500e-03,5.233764648437500000e-03,-5.140304565429687500e-03,1.640510559082031250e-02,8.697509765625000000e-04,5.071640014648437500e-03,-3.261566162109375000e-04,5.531311035156250000e-05,1.457595825195312500e-02
0.000000000000000000e+00,0.000000000000000000e+00,0.000000000000000000e+00,0.000000000000000000e+00,0.000000000000000000e+00,0.000000000000000000e+00,0.000000000000000000e+00,0.000000000000000000e+00,0.000000000000000000e+00,0.000000000000000000e+00,0.000000000000000000e+00,0.000000000000000000e+00,0.000000000000000000e+00,0.000000000000000000e+00,0.000000000000000000e+00,0.000000000000000000e+00,0.000000000000000000e+00,0.000000000000000000e+00,0.000000000000000000e+00,0.000000000000000000e+00,3.041542816162109375e+01,-2.814426422119140625e-01,-1.345443725585937500e-02,6.059646606445312500e-03,1.815414428710937500e-02,-7.438659667968750000e-05,2.109832763671875000e-01,-4.154396057128906250e-02,1.344299316406250000e-02,1.029968261718750000e-03,-1.071166992187500000e-02,-3.210067749023437500e-03,-2.271652221679687500e-03,1.091003417968750000e-03,-1.024246215820312500e-03,1.468658447265625000e-04,2.506256103515625000e-03,1.472473144531250000e-03,-1.049041748046875000e-04,-2.212524414062500000e-04,-2.012252807617187500e-03,9.136199951171875000e-03,3.604888916015625000e-03,2.672195434570312500e-03,-1.523971557617187500e-03,1.733970642089843750e-02,7.209777832031250000e-04,4.833221435546875000e-03,-4.653930664062500000e-04,1.131057739257812500e-03,1.823997497558593750e-02
0.000000000000000000e+00,0.000000000000000000e+00,0.000000000000000000e+00,0.000000000000000000e+00,0.000000000000000000e+00,0.000000000000000000e+00,0.000000000000000000e+00,0.000000000000000000e+00,0.000000000000000000e+00,0.000000000000000000e+00,0.000000000000000000e+00,0.000000000000000000e+00,0.000000000000000000e+00,0.000000000000000000e+00,0.000000000000000000e+00,0.000000000000000000e+00,0.000000000000000000e+00,0.000000000000000000e+00,0.000000000000000000e+00,0.000000000000000000e+00,3.023082542419433594e+01,-3.221931457519531250e-01,-1.985359191894531250e-02,1.262855529785156250e-02,3.120422363281250000e-03,-3.614425659179687500e-03,3.220291137695312500e-01,-3.059768676757812500e-02,2.378082275390625000e-02,1.210975646972656250e-02,-2.310752868652343750e-02,-2.677917480468750000e-03,-8.945465087890625000e-04,-7.762908935546875000e-04,-7.438659667968750000e-05,2.500534057617187500e-03,4.035949707031250000e-03,2.296447753906250000e-03,-4.493713378906250000e-03,-6.187438964843750000e-03,4.539489746093750000e-04,3.871917724609375000e-03,3.604888916015625000e-03,3.627777099609375000e-03,-8.880615234375000000e-03,2.247428894042968750e-02,3.948211669921875000e-04,4.722595214843750000e-03,-3.776550292968750000e-04,1.905441284179687500e-03,1.397895812988281250e-02
0.000000000000000000e+00,0.000000000000000000e+00,0.000000000000000000e+00,0.000000000000000000e+00,0.000000000000000000e+00,0.000000000000000000e+00,0.000000000000000000e+00,0.000000000000000000e+00,0.000000000000000000e+00,0.000000000000000000e+00,0.000000000000000000e+00,0.000000000000000000e+00,0.000000000000000000e+00,0.000000000000000000e+00,0.000000000000000000e+00,0.000000000000000000e+00,0.000000000000000000e+00,0.000000000000000000e+00,0.000000000000000000e+00,0.000000000000000000e+00,3.023168945312500000e+01,-2.562694549560546875e-01,2.450180053710937500e-02,1.155471801757812500e-02,-3.625869750976562500e-03,1.048469543457031250e-02,3.061542510986328125e-01,-4.455757141113281250e-02,1.295852661132812500e-02,-2.046585083007812500e-03,-3.283882141113281250e-02,8.049011230468750000e-04,5.043029785156250000e-03,-3.137588500976562500e-03,-9.098052978515625000e-04,2.315521240234375000e-03,4.564285278320312500e-03,2.367019653320312500e-03,-6.368637084960937500e-03,-4.171371459960937500e-03,3.458023071289062500e-03,-5.741119384765625000e-04,5.319595336914062500e-03,2.458572387695312500e-03,-4.942321777343750000e-02,3.161239624023437500e-02,5.569458007812500000e-04,9.397506713867187500e-03,-2.822875976562500000e-04,2.191543579101562500e-03,1.864242553710937500e-02
0.000000000000000000e+00,0.000000000000000000e+00,0.000000000000000000e+00,0.000000000000000000e+00,0.000000000000000000e+00,0.000000000000000000e+00,0.000000000000000000e+00,0.000000000000000000e+00,0.000000000000000000e+00,0.000000000000000000e+00,0.000000000000000000e+00,0.000000000000000000e+00,0.000000000000000000e+00,0.000000000000000000e+00,0.000000000000000000e+00,0.000000000000000000e+00,0.000000000000000000e+00,0.000000000000000000e+00,0.000000000000000000e+00,0.000000000000000000e+00,3.014310455322265625e+01,-2.662601470947265625e-01,3.963470458984375000e-02,4.831314086914062500e-03,3.145217895507812500e-03,-3.238868713378906250e-02,2.937526702880859375e-01,-6.357002258300781250e-02,9.513854980468750000e-03,-1.258468627929687500e-02,-8.707046508789062500e-03,-8.106231689453125000e-03,5.197525024414062500e-03,-2.489089965820312500e-03,-3.318786621093750000e-03,-7.343292236328125000e-04,-7.841110229492187500e-03,2.883911132812500000e-03,-8.827209472656250000e-03,-1.454162597656250000e-02,2.801895141601562500e-03,3.627777099609375000e-03,8.932113647460937500e-03,1.108169555664062500e-03,-5.017852783203125000e-02,1.834869384765625000e-02,6.713867187500000000e-04,9.971618652343750000e-03,-1.125335693359375000e-04,2.759933471679687500e-03,2.458763122558593750e-02
0.000000000000000000e+00,0.000000000000000000e+00,0.000000000000000000e+00,0.000000000000000000e+00,0.000000000000000000e+00,0.000000000000000000e+00,0.000000000000000000e+00,0.000000000000000000e+00,0.000000000000000000e+00,0.000000000000000000e+00,0.000000000000000000e+00,0.000000000000000000e+00,0.000000000000000000e+00,0.000000000000000000e+00,0.000000000000000000e+00,0.000000000000000000e+00,0.000000000000000000e+00,0.000000000000000000e+00,0.000000000000000000e+00,0.000000000000000000e+00,3.037364959716796875e+01,-6.570816040039062500e-03,2.873992919921875000e-02,2.467155456542968750e-02,-3.156089782714843750e-02,-9.815597534179687500e-02,3.166007995605468750e-01,-8.973312377929687500e-02,-2.789306640625000000e-02,-3.030776977539062500e-02,-1.348304748535156250e-02,-4.596710205078125000e-04,-4.209518432617187500e-03,-3.105163574218750000e-03,-5.455017089843750000e-04,1.873016357421875000e-03,2.841949462890625000e-03,-3.057479858398437500e-03,-1.069068908691406250e-02,6.238937377929687500e-03,1.688003540039062500e-03,4.749298095703125000e-03,1.585197448730468750e-02,-4.501342773437500000e-04,-7.829093933105468750e-02,9.654998779296875000e-03,8.239746093750000000e-04,1.243782043457031250e-02,1.640319824218750000e-04,6.923675537109375000e-04,3.316116333007812500e-02
0.000000000000000000e+00,0.000000000000000000e+00,0.000000000000000000e+00,0.000000000000000000e+00,0.000000000000000000e+00,0.000000000000000000e+00,0.000000000000000000e+00,0.000000000000000000e+00,0.000000000000000000e+00,0.000000000000000000e+00,0.000000000000000000e+00,0.000000000000000000e+00,0.000000000000000000e+00,0.000000000000000000e+00,0.000000000000000000e+00,0.000000000000000000e+00,0.000000000000000000e+00,0.000000000000000000e+00,0.000000000000000000e+00,0.000000000000000000e+00,3.024837112426757812e+01,5.622673034667968750e-02,1.651287078857421875e-01,3.627586364746093750e-02,-6.915092468261718750e-02,-1.184558868408203125e-01,4.640331268310546875e-01,-1.267852783203125000e-01,-6.204032897949218750e-02,9.038925170898437500e-03,-1.254081726074218750e-02,-2.524566650390625000e-02,-2.639770507812500000e-03,-1.345634460449218750e-02,3.288269042968750000e-03,-1.911163330078125000e-03,1.632690429687500000e-03,4.756927490234375000e-03,-4.158020019531250000e-04,-2.281951904296875000e-02,1.379013061523437500e-03,4.461288452148437500e-03,1.473808288574218750e-02,-8.087158203125000000e-04,-5.016136169433593750e-02,2.136039733886718750e-02,1.247406005859375000e-03,1.812934875488281250e-02,-1.659393310546875000e-04,1.600265502929687500e-03,2.888679504394531250e-02
0.000000000000000000e+00,0.000000000000000000e+00,0.000000000000000000e+00,0.000000000000000000e+00,0.000000000000000000e+00,0.000000000000000000e+00,0.000000000000000000e+00,0.000000000000000000e+00,0.000000000000000000e+00,0.000000000000000000e+00,0.000000000000000000e+00,0.000000000000000000e+00,0.000000000000000000e+00,0.000000000000000000e+00,0.000000000000000000e+00,0.000000000000000000e+00,0.000000000000000000e+00,0.000000000000000000e+00,0.000000000000000000e+00,0.000000000000000000e+00,3.023036003112792969e+01,-6.860733032226562500e-03,1.698474884033203125e-01,2.898979187011718750e-02,-8.743286132812500000e-02,-8.544731140136718750e-02,3.055591583251953125e-01,-5.430221557617187500e-02,-4.942512512207031250e-02,8.821487426757812500e-03,-1.170539855957031250e-02,-1.310539245605468750e-02,1.092529296875000000e-02,-1.218414306640625000e-02,-2.605438232421875000e-03,-1.345634460449218750e-02,3.204345703125000000e-04,-1.136589050292968750e-02,-2.622222900390625000e-02,-5.102157592773437500e-03,-2.283096313476562500e-03,-8.962631225585937500e-03,9.078979492187500000e-04,-9.780883789062500000e-03,1.685142517089843750e-02,1.346969604492187500e-02,1.354217529296875000e-03,7.656097412109375000e-03,-1.754760742187500000e-04,1.260757446289062500e-03,3.968429565429687500e-02
0.000000000000000000e+00,0.000000000000000000e+00,0.000000000000000000e+00,0.000000000000000000e+00,0.000000000000000000e+00,0.000000000000000000e+00,0.000000000000000000e+00,0.000000000000000000e+00,0.000000000000000000e+00,0.000000000000000000e+00,0.000000000000000000e+00,0.000000000000000000e+00,0.000000000000000000e+00,0.000000000000000000e+00,0.000000000000000000e+00,0.000000000000000000e+00,0.000000000000000000e+00,0.000000000000000000e+00,0.000000000000000000e+00,0.000000000000000000e+00,3.006082725524902344e+01,-1.021785736083984375e-01,1.897926330566406250e-01,7.224273681640625000e-02,-6.278800964355468750e-02,-2.023849487304687500e-01,1.656532287597656250e-01,3.207778930664062500e-02,-4.701042175292968750e-02,1.998710632324218750e-02,-2.707672119140625000e-02,-5.054473876953125000e-03,2.088546752929687500e-03,-9.248733520507812500e-03,-5.668640136718750000e-03,-6.500244140625000000e-03,3.976821899414062500e-03,-1.295089721679687500e-03,-2.816772460937500000e-02,-3.906059265136718750e-02,-2.565383911132812500e-03,-4.173278808593750000e-03,8.033752441406250000e-03,4.138946533203125000e-04,4.419898986816406250e-02,3.013610839843750000e-02,2.458572387695312500e-03,5.079269409179687500e-03,6.484985351562500000e-05,6.198883056640625000e-03,1.371383666992187500e-02
0.000000000000000000e+00,0.000000000000000000e+00,0.000000000000000000e+00,0.000000000000000000e+00,0.000000000000000000e+00,0.000000000000000000e+00,0.000000000000000000e+00,0.000000000000000000e+00,0.000000000000000000e+00,0.000000000000000000e+00,0.000000000000000000e+00,0.000000000000000000e+00,0.000000000000000000e+00,0.000000000000000000e+00,0.000000000000000000e+00,0.000000000000000000e+00,0.000000000000000000e+00,0.000000000000000000e+00,0.000000000000000000e+00,0.000000000000000000e+00,2.962743759155273438e+01,-2.098522186279296875e-01,2.991485595703125000e-02,1.103382110595703125e-01,-9.805488586425781250e-02,-1.749629974365234375e-01,9.365730285644531250e-01,4.673004150390625000e-04,-3.348731994628906250e-02,1.053619384765625000e-01,-2.629470825195312500e-02,1.834106445312500000e-02,4.296302795410156250e-02,-5.346298217773437500e-03,-2.651214599609375000e-03,-9.206771850585937500e-03,-6.219863891601562500e-03,6.990432739257812500e-03,-3.834533691406250000e-02,-2.023124694824218750e-02,3.093719482421875000e-03,-8.317947387695312500e-03,6.612777709960937500e-03,5.071640014648437500e-03,3.244400024414062500e-02,3.731918334960937500e-02,1.781463623046875000e-03,7.545471191406250000e-03,5.817413330078125000e-04,8.359909057617187500e-03,-9.458541870117187500e-03
0.000000000000000000e+00,0.000000000000000000e+00,0.000000000000000000e+00,0.000000000000000000e+00,0.000000000000000000e+00,0.000000000000000000e+00,0.000000000000000000e+00,0.000000000000000000e+00,0.000000000000000000e+00,0.000000000000000000e+00,0.000000000000000000e+00,0.000000000000000000e+00,0.000000000000000000e+00,0.000000000000000000e+00,0.000000000000000000e+00,0.000000000000000000e+00,0.000000000000000000e+00,0.000000000000000000e+00,0.000000000000000000e+00,0.000000000000000000e+00,2.967738723754882812e+01,-2.388038635253906250e-01,1.205863952636718750e-01,5.645751953125000000e-03,8.864593505859375000e-02,-6.522369384765625000e-02,5.567893981933593750e-01,4.307174682617187500e-02,-6.622886657714843750e-02,5.550384521484375000e-03,-9.258270263671875000e-03,-2.466201782226562500e-03,1.560211181640625000e-03,-4.980087280273437500e-03,-6.252288818359375000e-03,-7.625579833984375000e-03,-2.883911132812500000e-03,1.659774780273437500e-02,-1.711845397949218750e-02,2.932167053222656250e-02,6.277084350585937500e-03,-2.090454101562500000e-03,-5.384445190429687500e-03,-1.754760742187500000e-04,5.470466613769531250e-02,2.116394042968750000e-02,-2.136230468750000000e-04,1.716995239257812500e-02,9.689331054687500000e-04,7.081985473632812500e-03,4.650115966796875000e-03
0.000000000000000000e+00,0.000000000000000000e+00,0.000000000000000000e+00,0.000000000000000000e+00,0.000000000000000000e+00,0.000000000000000000e+00,0.000000000000000000e+00,0.000000000000000000e+00,0.000000000000000000e+00,0.000000000000000000e+00,0.000000000000000000e+00,0.000000000000000000e+00,0.000000000000000000e+00,0.000000000000000000e+00,0.000000000000000000e+00,0.000000000000000000e+00,0.000000000000000000e+00,0.000000000000000000e+00,0.000000000000000000e+00,0.000000000000000000e+00,2.969336700439453125e+01,-1.229553222656250000e-01,9.148025512695312500e-02,1.851844787597656250e-02,1.064891815185546875e-01,-2.469062805175781250e-02,3.532257080078125000e-01,3.206253051757812500e-02,-3.953170776367187500e-02,3.711128234863281250e-02,-2.457046508789062500e-02,9.243011474609375000e-03,-1.727676391601562500e-02,-2.630233764648437500e-03,-1.344871520996093750e-02,-1.030731201171875000e-02,-6.666183471679687500e-03,-3.774642944335937500e-03,-2.490425109863281250e-02,1.786041259765625000e-02,9.162902832031250000e-03,1.869201660156250000e-04,1.182556152343750000e-04,2.313613891601562500e-03,5.393791198730468750e-02,1.723098754882812500e-02,3.166198730468750000e-04,1.342010498046875000e-02,1.367568969726562500e-03,7.295608520507812500e-03,5.058097839355468750e-02
0.000000000000000000e+00,0.000000000000000000e+00,0.000000000000000000e+00,0.000000000000000000e+00,0.000000000000000000e+00,0.000000000000000000e+00,0.000000000000000000e+00,0.000000000000000000e+00,0.000000000000000000e+00,0.000000000000000000e+00,0.000000000000000000e+00,0.000000000000000000e+00,0.000000000000000000e+00,0.000000000000000000e+00,0.000000000000000000e+00,0.000000000000000000e+00,0.000000000000000000e+00,0.000000000000000000e+00,0.000000000000000000e+00,0.000000000000000000e+00,2.961761093139648438e+01,-7.801055908203125000e-04,5.654525756835937500e-02,2.459335327148437500e-02,9.971427917480468750e-02,-1.791000366210937500e-02,5.026016235351562500e-01,6.812477111816406250e-02,-1.155338287353515625e-01,-3.149032592773437500e-02,-7.289314270019531250e-02,1.503181457519531250e-02,6.017684936523437500e-03,-1.874923706054687500e-03,-3.353118896484375000e-03,-1.310539245605468750e-02,-1.791381835937500000e-02,-3.217315673828125000e-02,-3.092765808105468750e-02,-4.535484313964843750e-02,2.796173095703125000e-03,-3.433227539062500000e-04,6.324768066406250000e-03,1.684188842773437500e-03,5.120277404785156250e-02,4.037284851074218750e-02,-1.029968261718750000e-03,3.039360046386718750e-02,1.510620117187500000e-03,9.534835815429687500e-03,1.351127624511718750e-01
0.000000000000000000e+00,0.000000000000000000e+00,0.000000000000000000e+00,0.000000000000000000e+00,0.000000000000000000e+00,0.000000000000000000e+00,0.000000000000000000e+00,0.000000000000000000e+00,0.000000000000000000e+00,0.000000000000000000e+00,0.000000000000000000e+00,0.000000000000000000e+00,0.000000000000000000e+00,0.000000000000000000e+00,0.000000000000000000e+00,0.000000000000000000e+00,0.000000000000000000e+00,0.000000000000000000e+00,0.000000000000000000e+00,0.000000000000000000e+00,2.959861373901367188e+01,6.184005737304687500e-02,7.212066650390625000e-02,7.246589660644531250e-02,1.006278991699218750e-01,-2.779006958007812500e-02,3.901786804199218750e-01,1.319046020507812500e-01,-1.386089324951171875e-01,4.603385925292968750e-02,1.489067077636718750e-02,7.781982421875000000e-03,-7.270812988281250000e-03,3.810882568359375000e-03,-4.951477050781250000e-03,-3.354644775390625000e-02,-2.360916137695312500e-02,1.252174377441406250e-02,-1.206588745117187500e-02,1.699447631835937500e-02,-1.935958862304687500e-03,-6.195068359375000000e-03,2.555847167968750000e-04,7.524490356445312500e-03,-1.990509033203125000e-02,1.664543151855468750e-02,-5.207061767578125000e-04,1.554870605468750000e-02,1.413345336914062500e-03,7.064819335937500000e-03,-1.695632934570312500e-02
0.000000000000000000e+00,0.000000000000000000e+00,0.000000000000000000e+00,0.000000000000000000e+00,0.000000000000000000e+00,0.000000000000000000e+00,0.000000000000000000e+00,0.000000000000000000e+00,0.000000000000000000e+00,0.000000000000000000e+00,0.000000000000000000e+00,0.000000000000000000e+00,0.000000000000000000e+00,0.000000000000000000e+00,0.000000000000000000e+00,0.000000000000000000e+00,0.000000000000000000e+00,0.000000000000000000e+00,0.000000000000000000e+00,0.000000000000000000e+00,2.958620643615722656e+01,-1.701736450195312500e-02,1.467647552490234375e-01,9.006309509277343750e-02,5.032348632812500000e-02,4.457283020019531250e-02,3.252277374267578125e-01,1.129283905029296875e-01,-1.317405700683593750e-01,1.178894042968750000e-01,1.268196105957031250e-02,7.724761962890625000e-03,-1.691055297851562500e-02,2.580642700195312500e-03,-6.151199340820312500e-03,-3.024101257324218750e-02,-1.379776000976562500e-02,1.997947692871093750e-02,-1.804161071777343750e-02,-5.271911621093750000e-03,-3.822326660156250000e-03,-6.908416748046875000e-03,-2.748489379882812500e-03,6.233215332031250000e-03,-2.077102661132812500e-02,1.110458374023437500e-02,-1.335144042968750000e-05,3.305244445800781250e-02,-4.901885986328125000e-04,-2.743721008300781250e-02,-2.927017211914062500e-02
0.000000000000000000e+00,0.000000000000000000e+00,0.000000000000000000e+00,0.000000000000000000e+00,0.000000000000000000e+00,0.000000000000000000e+00,0.000000000000000000e+00,0.000000000000000000e+00,0.000000000000000000e+00,0.000000000000000000e+00,0.000000000000000000e+00,0.000000000000000000e+00,0.000000000000000000e+00,0.000000000000000000e+00,0.000000000000000000e+00,0.000000000000000000e+00,0.000000000000000000e+00,0.000000000000000000e+00,0.000000000000000000e+00,0.000000000000000000e+00,2.952688598632812500e+01,-1.676006317138671875e-01,1.085433959960937500e-01,8.867263793945312500e-03,5.352783203125000000e-02,9.578514099121093750e-02,2.378158569335937500e-01,4.118537902832031250e-02,-1.281929016113281250e-02,-4.202461242675781250e-02,5.998611450195312500e-03,1.921081542968750000e-02,1.365661621093750000e-03,6.580352783203125000e-04,4.983901977539062500e-03,-1.249313354492187500e-03,1.533508300781250000e-02,-9.449005126953125000e-03,-1.194381713867187500e-02,-2.646827697753906250e-02,-5.023956298828125000e-03,-9.805679321289062500e-03,-2.496719360351562500e-03,1.033782958984375000e-03,-1.099777221679687500e-02,2.095222473144531250e-02,1.474380493164062500e-03,3.579330444335937500e-02,1.258850097656250000e-04,-3.354072570800781250e-02,3.796367645263671875e-01
0.000000000000000000e+00,0.000000000000000000e+00,0.000000000000000000e+00,0.000000000000000000e+00,0.000000000000000000e+00,0.000000000000000000e+00,0.000000000000000000e+00,0.000000000000000000e+00,0.000000000000000000e+00,0.000000000000000000e+00,0.000000000000000000e+00,0.000000000000000000e+00,0.000000000000000000e+00,0.000000000000000000e+00,0.000000000000000000e+00,0.000000000000000000e+00,0.000000000000000000e+00,0.000000000000000000e+00,0.000000000000000000e+00,0.000000000000000000e+00,2.944718742370605469e+01,-3.396415710449218750e-02,1.260032653808593750e-01,9.212493896484375000e-04,1.646232604980468750e-02,-9.752273559570312500e-03,2.583236694335937500e-01,1.264171600341796875e-01,-1.526260375976562500e-02,3.696250915527343750e-02,5.270004272460937500e-03,5.483627319335937500e-03,2.737045288085937500e-03,-6.656646728515625000e-04,4.880905151367187500e-03,-3.772735595703125000e-03,-3.959655761718750000e-03,-1.332283020019531250e-02,1.171112060546875000e-03,-1.656532287597656250e-02,-3.143310546875000000e-03,-9.294509887695312500e-03,1.544952392578125000e-04,7.762908935546875000e-04,-9.777069091796875000e-03,2.076721191406250000e-02,7.190704345703125000e-04,2.746582031250000000e-03,-5.931854248046875000e-04,-3.097152709960937500e-02,3.879642486572265625e-01
0.000000000000000000e+00,0.000000000000000000e+00,0.000000000000000000e+00,0.000000000000000000e+00,0.000000000000000000e+00,0.000000000000000000e+00,0.000000000000000000e+00,0.000000000000000000e+00,0.000000000000000000e+00,0.000000000000000000e+00,0.000000000000000000e+00,0.000000000000000000e+00,0.000000000000000000e+00,0.000000000000000000e+00,0.000000000000000000e+00,0.000000000000000000e+00,0.000000000000000000e+00,0.000000000000000000e+00,0.000000000000000000e+00,0.000000000000000000e+00,2.827109909057617188e+01,1.657867431640625000e-02,4.775810241699218750e-02,-1.059532165527343750e-02,1.702117919921875000e-02,-2.538681030273437500e-02,8.067016601562500000e-01,3.831481933593750000e-02,-1.376724243164062500e-02,8.258819580078125000e-03,-3.419876098632812500e-03,-1.579284667968750000e-03,-1.345062255859375000e-02,-7.629394531250000000e-06,5.531311035156250000e-04,-9.067535400390625000e-03,-1.307678222656250000e-02,2.534866333007812500e-03,1.179885864257812500e-02,-1.444435119628906250e-02,-3.671646118164062500e-03,-9.340286254882812500e-03,-1.062393188476562500e-03,-3.662109375000000000e-04,1.770019531250000000e-03,1.682662963867187500e-02,4.005432128906250000e-04,2.759933471679687500e-03,-7.419586181640625000e-04,-2.031517028808593750e-02,2.287811279296875000e+00
0.000000000000000000e+00,0.000000000000000000e+00,0.000000000000000000e+00,0.000000000000000000e+00,0.000000000000000000e+00,0.000000000000000000e+00,0.000000000000000000e+00,0.000000000000000000e+00,0.000000000000000000e+00,0.000000000000000000e+00,0.000000000000000000e+00,0.000000000000000000e+00,0.000000000000000000e+00,0.000000000000000000e+00,0.000000000000000000e+00,0.000000000000000000e+00,0.000000000000000000e+00,0.000000000000000000e+00,0.000000000000000000e+00,0.000000000000000000e+00,2.822355842590332031e+01,3.139305114746093750e-02,3.699684143066406250e-02,-5.931854248046875000e-03,-2.601623535156250000e-03,-2.488517761230468750e-02,8.280658721923828125e-01,8.813667297363281250e-02,-3.797531127929687500e-03,-1.056671142578125000e-03,-4.703521728515625000e-03,-3.364562988281250000e-03,-5.199432373046875000e-03,-1.201629638671875000e-04,2.183914184570312500e-03,-2.128601074218750000e-03,-3.051757812500000000e-05,6.446838378906250000e-04,7.944107055664062500e-03,-1.303100585937500000e-02,-2.883911132812500000e-03,-8.172988891601562500e-03,7.820129394531250000e-05,-4.444122314453125000e-04,-9.155273437500000000e-04,1.065254211425781250e-02,1.430511474609375000e-04,1.775741577148437500e-03,-6.465911865234375000e-04,-1.667404174804687500e-02,2.363634109497070312e+00
0.000000000000000000e+00,0.000000000000000000e+00,0.000000000000000000e+00,0.000000000000000000e+00,0.000000000000000000e+00,0.000000000000000000e+00,0.000000000000000000e+00,0.000000000000000000e+00,0.000000000000000000e+00,0.000000000000000000e+00,0.000000000000000000e+00,0.000000000000000000e+00,0.000000000000000000e+00,0.000000000000000000e+00,0.000000000000000000e+00,0.000000000000000000e+00,0.000000000000000000e+00,0.000000000000000000e+00,0.000000000000000000e+00,0.000000000000000000e+00,-3.349304199218750000e-03,1.946640014648437500e-02,-3.753662109375000000e-03,9.441375732421875000e-04,7.171630859375000000e-03,-3.351593017578125000e-02,-1.946830749511718750e-02,-2.506256103515625000e-03,-2.883911132812500000e-03,4.024505615234375000e-04,-6.790161132812500000e-04,4.819869995117187500e-03,-4.690170288085937500e-03,-2.920150756835937500e-03,3.103256225585937500e-03,4.787445068359375000e-04,1.283645629882812500e-03,1.529693603515625000e-03,4.905700683593750000e-03,-1.181030273437500000e-02,-2.201080322265625000e-03,-6.891250610351562500e-03,1.892089843750000000e-03,2.479553222656250000e-04,-1.480102539062500000e-03,4.215240478515625000e-04,4.045486450195312500e-03,2.012252807617187500e-03,-4.062652587890625000e-04,1.400756835937500000e-02,3.081868362426757812e+01
0.000000000000000000e+00,0.000000000000000000e+00,0.000000000000000000e+00,0.000000000000000000e+00,0.000000000000000000e+00,0.000000000000000000e+00,0.000000000000000000e+00,0.000000000000000000e+00,0.000000000000000000e+00,0.000000000000000000e+00,0.000000000000000000e+00,0.000000000000000000e+00,0.000000000000000000e+00,0.000000000000000000e+00,0.000000000000000000e+00,0.000000000000000000e+00,0.000000000000000000e+00,0.000000000000000000e+00,0.000000000000000000e+00,0.000000000000000000e+00,4.351997375488281250e-02,1.148796081542968750e-02,-2.468109130859375000e-03,9.250640869140625000e-04,7.175445556640625000e-03,-3.674888610839843750e-02,-5.779266357421875000e-04,-7.991790771484375000e-04,-3.303527832031250000e-03,1.005172729492187500e-03,-9.574890136718750000e-04,1.697540283203125000e-04,-5.283355712890625000e-03,-2.740859985351562500e-03,2.643585205078125000e-03,3.089904785156250000e-04,1.386642456054687500e-03,1.638412475585937500e-03,4.859924316406250000e-03,-7.827758789062500000e-03,-2.164840698242187500e-03,-7.110595703125000000e-03,1.689910888671875000e-03,-2.536773681640625000e-04,-1.472473144531250000e-03,-9.813308715820312500e-03,3.093719482421875000e-03,1.338958740234375000e-03,-1.316070556640625000e-04,1.815795898437500000e-03,3.070635986328125000e+01
0.000000000000000000e+00,0.000000000000000000e+00,0.000000000000000000e+00,0.000000000000000000e+00,0.000000000000000000e+00,0.000000000000000000e+00,0.000000000000000000e+00,0.000000000000000000e+00,0.000000000000000000e+00,0.000000000000000000e+00,0.000000000000000000e+00,0.000000000000000000e+00,0.000000000000000000e+00,0.000000000000000000e+00,0.000000000000000000e+00,0.000000000000000000e+00,0.000000000000000000e+00,0.000000000000000000e+00,0.000000000000000000e+00,0.000000000000000000e+00,9.232330322265625000e-02,8.884429931640625000e-03,-4.127502441406250000e-03,2.571105957031250000e-03,4.949569702148437500e-03,-4.269409179687500000e-02,2.540397644042968750e-02,1.377105712890625000e-03,-2.655029296875000000e-03,3.261566162109375000e-04,-1.018524169921875000e-03,9.384155273437500000e-04,-3.860473632812500000e-03,-2.391815185546875000e-03,2.672195434570312500e-03,2.613067626953125000e-04,1.913070678710937500e-03,2.338409423828125000e-03,2.550125122070312500e-03,-7.249832153320312500e-03,-1.052856445312500000e-03,-8.380889892578125000e-03,1.636505126953125000e-03,-4.825592041015625000e-04,-1.794815063476562500e-03,-8.214950561523437500e-03,3.139495849609375000e-03,5.378723144531250000e-04,2.269744873046875000e-04,-5.504608154296875000e-03,3.066673469543457031e+01
0.000000000000000000e+00,0.000000000000000000e+00,0.000000000000000000e+00,0.000000000000000000e+00,0.000000000000000000e+00,0.000000000000000000e+00,0.000000000000000000e+00,0.000000000000000000e+00,0.000000000000000000e+00,0.000000000000000000e+00,0.000000000000000000e+00,0.000000000000000000e+00,0.000000000000000000e+00,0.000000000000000000e+00,0.000000000000000000e+00,0.000000000000000000e+00,0.000000000000000000e+00,0.000000000000000000e+00,0.000000000000000000e+00,0.000000000000000000e+00,9.335899353027343750e-02,1.230049133300781250e-02,5.170822143554687500e-03,1.682281494140625000e-03,4.240036010742187500e-03,-4.352188110351562500e-02,2.563476562500000000e-02,-6.484985351562500000e-05,-2.033233642578125000e-03,1.024246215820312500e-03,-8.678436279296875000e-04,3.299713134765625000e-04,-2.435684204101562500e-03,-3.486633300781250000e-03,1.260757446289062500e-03,4.024505615234375000e-04,2.193450927734375000e-03,2.321243286132812500e-03,3.080368041992187500e-03,-1.331329345703125000e-03,-1.699447631835937500e-03,-6.345748901367187500e-03,2.182006835937500000e-03,-2.946853637695312500e-03,7.820129394531250000e-05,-5.208969116210937500e-03,1.918792724609375000e-03,1.686096191406250000e-03,-1.049041748046875000e-04,-2.746582031250000000e-03,3.069933891296386719e+01
0.000000000000000000e+00,0.000000000000000000e+00,0.000000000000000000e+00,0.000000000000000000e+00,0.000000000000000000e+00,0.000000000000000000e+00,0.000000000000000000e+00,0.000000000000000000e+00,0.000000000000000000e+00,0.000000000000000000e+00,0.000000000000000000e+00,0.000000000000000000e+00,0.000000000000000000e+00,0.000000000000000000e+00,0.000000000000000000e+00,0.000000000000000000e+00,0.000000000000000000e+00,0.000000000000000000e+00,0.000000000000000000e+00,0.000000000000000000e+00,8.402442932128906250e-02,8.224487304687500000e-03,3.124237060546875000e-03,1.663208007812500000e-03,3.355026245117187500e-03,-1.049041748046875000e-03,-7.274627685546875000e-03,-4.005432128906250000e-04,-1.680374145507812500e-03,5.550384521484375000e-04,3.395080566406250000e-04,2.010345458984375000e-03,-1.178741455078125000e-03,-3.490447998046875000e-03,1.710891723632812500e-03,3.147125244140625000e-04,1.489639282226562500e-03,1.482009887695312500e-03,1.546859741210937500e-03,-5.760192871093750000e-04,-1.146316528320312500e-03,-4.198074340820312500e-03,4.520416259765625000e-04,-3.574371337890625000e-03,1.180648803710937500e-03,-5.603790283203125000e-03,1.750946044921875000e-03,2.679824829101562500e-03,-7.438659667968750000e-05,-2.494812011718750000e-03,3.069863700866699219e+01
0.000000000000000000e+00,0.000000000000000000e+00,0.000000000000000000e+00,0.000000000000000000e+00,0.000000000000000000e+00,0.000000000000000000e+00,0.000000000000000000e+00,0.000000000000000000e+00,0.000000000000000000e+00,0.000000000000000000e+00,0.000000000000000000e+00,0.000000000000000000e+00,0.000000000000000000e+00,0.000000000000000000e+00,0.000000000000000000e+00,0.000000000000000000e+00,0.000000000000000000e+00,0.000000000000000000e+00,0.000000000000000000e+00,0.000000000000000000e+00,0.000000000000000000e+00,0.000000000000000000e+00,0.000000000000000000e+00,0.000000000000000000e+00,0.000000000000000000e+00,0.000000000000000000e+00,0.000000000000000000e+00,0.000000000000000000e+00,0.000000000000000000e+00,0.000000000000000000e+00,0.000000000000000000e+00,0.000000000000000000e+00,0.000000000000000000e+00,0.000000000000000000e+00,0.000000000000000000e+00,0.000000000000000000e+00,0.000000000000000000e+00,0.000000000000000000e+00,0.000000000000000000e+00,0.000000000000000000e+00,0.000000000000000000e+00,0.000000000000000000e+00,0.000000000000000000e+00,0.000000000000000000e+00,0.000000000000000000e+00,0.000000000000000000e+00,0.000000000000000000e+00,0.000000000000000000e+00,0.000000000000000000e+00,0.000000000000000000e+00,3.066842460632324219e+01
