1.492606973648071289e+01,-7.636451721191406250e-02,-3.994235992431640625e-01,2.746887207031250000e-01,-5.596160888671875000e-02,-1.180076599121093750e-02,2.285194396972656250e-02,1.590038299560546875e+00,-3.127632141113281250e-01,2.104446411132812500e+00,4.472351074218750000e-02,1.894382476806640625e+00,-3.808975219726562500e-01,-9.721546173095703125e-01,1.186918258666992188e+00,-1.847915649414062500e-01,1.425765991210937500e+00,9.282398223876953125e-01,-5.515460968017578125e-01,2.433300018310546875e-01,1.189879798889160156e+01,3.531641006469726562e+00,1.269302368164062500e+00,2.134658813476562500e+00,5.117620468139648438e+00,2.176187515258789062e+00,1.386311531066894531e+01,2.999818801879882812e+00,1.308990478515625000e+00,3.232883453369140625e+00,1.304435729980468750e-01,4.587936401367187500e-02,4.945392608642578125e-01,8.641223907470703125e-01,-2.410507202148437500e-02,3.471317291259765625e-01,1.702022552490234375e-01,-2.574176788330078125e-01,1.534734725952148438e+00,1.219604492187500000e+00,8.970888137817382812e+00,9.728250503540039062e+00,1.311975669860839844e+01,3.731212615966796875e+00,1.099844932556152344e+01,4.091005325317382812e+00,1.638063430786132812e+00,1.309968948364257812e+00,1.156490325927734375e+00,5.307426452636718750e+00,1.298432731628417969e+01
-3.056106567382812500e-01,1.620903015136718750e-01,2.912063598632812500e-01,-8.319435119628906250e-01,5.812187194824218750e-01,1.037273406982421875e-01,-1.339382171630859375e+00,-2.548217773437500000e-02,-1.382827758789062500e+00,3.302841186523437500e-01,-8.956184387207031250e-01,2.768154144287109375e-01,9.256458282470703125e-01,-1.544094085693359375e+00,1.167396545410156250e+00,6.798856735229492188e+00,-1.347291946411132812e+00,5.304273605346679688e+00,-8.939476013183593750e-01,1.820068359375000000e-01,1.384298324584960938e+01,4.466247558593750000e+00,2.813625335693359375e+00,2.368694305419921875e+00,6.775119781494140625e+00,2.380371093750000000e+00,1.775766181945800781e+01,3.566501617431640625e+00,3.345680236816406250e+00,1.379470825195312500e+00,2.690620422363281250e-01,1.706733703613281250e+00,1.537572860717773438e+00,1.794300079345703125e+00,7.402229309082031250e-02,6.351966857910156250e-01,7.869358062744140625e-01,1.334814071655273438e+00,1.472410202026367188e+00,2.104310989379882812e+00,5.195779800415039062e+00,5.919698715209960938e+00,1.300758361816406250e+01,3.784669876098632812e+00,1.271848869323730469e+01,4.606355667114257812e+00,1.998596191406250000e+00,1.077421188354492188e+00,7.659217834472656250e+00,3.763830184936523438e+00,1.433098411560058594e+01
1.457606124877929688e+01,1.756452560424804688e+00,5.201072692871093750e-01,-1.665725708007812500e-01,1.044063568115234375e+00,4.667339324951171875e-01,4.362258911132812500e-01,1.023189544677734375e+00,8.085632324218750000e-02,4.042091369628906250e-01,-2.243919372558593750e-01,-4.175186157226562500e-02,1.612854003906250000e-02,-1.612033843994140625e-01,8.850269317626953125e-01,1.660726547241210938e+00,1.186862945556640625e+00,-8.328437805175781250e-01,5.010719299316406250e-01,1.482086181640625000e-01,1.323387336730957031e+01,1.363422393798828125e+00,1.903543472290039062e+00,2.352012634277343750e+00,7.345087051391601562e+00,-6.030693054199218750e-01,1.668820381164550781e+01,5.878448486328125000e-03,3.684528350830078125e+00,1.500572204589843750e+00,1.162437438964843750e+00,4.858398437500000000e-02,1.165611267089843750e+00,3.725021362304687500e+00,1.128234863281250000e-01,9.650039672851562500e-02,9.551200866699218750e-01,3.255018234252929688e+00,2.301450729370117188e+00,5.767974853515625000e-01,3.995155334472656250e+00,3.547710418701171875e+00,5.733953475952148438e+00,2.215511322021484375e+00,1.191883659362792969e+01,5.414339065551757812e+00,4.146194458007812500e-01,2.381011962890625000e+00,1.343118667602539062e+00,1.390329360961914062e+01,1.348703527450561523e+01
1.334381389617919922e+01,1.367816925048828125e-01,2.402725219726562500e-01,5.890083312988281250e-02,3.915538787841796875e-01,-6.044406890869140625e-01,-5.629272460937500000e-01,7.780456542968750000e-01,5.007934570312500000e-02,1.071325302124023438e+00,7.083644866943359375e-01,-1.677894592285156250e+00,4.033489227294921875e-01,-3.373203277587890625e-01,1.425708770751953125e+00,2.112445831298828125e-01,9.630489349365234375e-01,-7.616043090820312500e-02,-1.227958679199218750e+00,6.265048980712890625e-01,1.568492507934570312e+01,1.613924026489257812e+00,1.592472076416015625e+00,2.135540008544921875e+00,8.664665222167968750e-01,8.162441253662109375e-01,1.584092903137207031e+01,1.704725265502929688e+00,3.662567138671875000e+00,6.866073608398437500e-01,8.611145019531250000e-01,1.137924194335937500e-02,3.368740081787109375e-01,1.311441421508789062e+00,7.316970825195312500e-01,-3.645877838134765625e-01,3.666210174560546875e-01,2.161289215087890625e+00,1.105768203735351562e+00,4.671453475952148438e+00,3.742115020751953125e+00,2.818786621093750000e+00,2.407505035400390625e+00,1.897192001342773438e+00,8.947587966918945312e+00,3.126756668090820312e+00,5.641365051269531250e-01,2.159339904785156250e+00,1.239030838012695312e+00,2.507810592651367188e+00,1.262648987770080566e+01
1.283185577392578125e+01,3.526535034179687500e-01,5.731201171875000000e-02,-4.080581665039062500e-02,2.933082580566406250e-01,3.339462280273437500e-01,-4.449253082275390625e-01,6.000823974609375000e-01,1.470069885253906250e-01,-4.744243621826171875e-01,-8.156814575195312500e-01,8.199977874755859375e-01,6.130542755126953125e-01,4.929218292236328125e-01,1.376201629638671875e+00,2.304439544677734375e-01,1.241283416748046875e+00,-8.983840942382812500e-01,5.929889678955078125e-01,3.876781463623046875e-01,1.211523056030273438e+01,1.139808654785156250e+00,1.685420989990234375e+00,1.465463638305664062e+00,2.727230072021484375e+00,1.034488677978515625e+00,1.689878273010253906e+01,8.444023132324218750e-02,9.977836608886718750e-01,4.542884826660156250e-01,-3.348960876464843750e-01,8.322048187255859375e-01,2.026712417602539062e+00,2.103450775146484375e+00,4.527919769287109375e+00,-6.374359130859375000e-03,9.797058105468750000e-01,3.262565612792968750e+00,1.444396972656250000e+00,1.177318572998046875e+00,2.305156707763671875e+00,1.651922225952148438e+00,-5.261058807373046875e-01,3.427827835083007812e+00,9.677349090576171875e+00,4.522161483764648438e+00,-9.994697570800781250e-02,1.371568679809570312e+00,1.514621734619140625e+00,2.669857025146484375e+00,1.628267481923103333e+01
1.217559051513671875e+01,4.650402069091796875e-01,-1.235427856445312500e-01,-4.106979370117187500e-01,-1.190223693847656250e-01,4.162635803222656250e-01,-9.976196289062500000e-02,6.574058532714843750e-02,-1.279830932617187500e-03,4.652328491210937500e-01,-5.309143066406250000e-01,7.901000976562500000e-01,8.778400421142578125e-01,-3.187923431396484375e-01,6.880550384521484375e-01,1.759757995605468750e-01,2.397577285766601562e+00,-9.188652038574218750e-01,1.834754943847656250e-01,1.705123901367187500e+00,1.420054626464843750e+01,1.302547454833984375e-01,-4.296855926513671875e-01,-2.129993438720703125e-01,1.066139221191406250e+00,1.121316909790039062e+00,1.539899063110351562e+01,2.640205383300781250e+00,1.609262466430664062e+00,1.852632522583007812e+00,5.595626831054687500e-01,3.923377990722656250e-01,1.420690536499023438e+00,2.275714874267578125e-01,1.027490615844726562e+00,1.540508270263671875e-01,5.500926971435546875e-01,7.434368133544921875e-01,3.899805068969726562e+00,6.004295349121093750e-01,3.594203948974609375e+00,1.704389572143554688e+00,2.737421035766601562e+00,3.571510314941406250e+00,1.327293777465820312e+01,1.366524124145507812e+01,9.626369476318359375e-01,2.005069732666015625e+00,9.435710906982421875e-01,2.566236495971679688e+00,1.608378505706787109e+01
1.368429183959960938e+01,2.120874404907226562e+00,2.815837860107421875e-01,1.206626892089843750e-01,2.375621795654296875e-01,1.962661743164062500e-01,2.691268920898437500e-03,1.414375305175781250e-01,1.298599243164062500e-01,5.096054077148437500e-01,1.747512817382812500e-02,-1.407299041748046875e-01,-1.489257812500000000e-01,8.980369567871093750e-01,2.546119689941406250e-02,-3.767776489257812500e-02,6.321983337402343750e-01,3.725643157958984375e-01,-4.729537963867187500e-01,1.105812072753906250e+00,1.523973846435546875e+01,1.298471450805664062e+00,1.248918533325195312e+00,-2.290153503417968750e-02,1.182447433471679688e+00,-1.282882690429687500e-01,1.651124000549316406e+01,2.033670425415039062e+00,2.094736099243164062e+00,2.224905014038085938e+00,9.344100952148437500e-02,1.404243469238281250e+00,8.326778411865234375e-01,1.360916137695312500e+00,7.072257995605468750e-01,-4.718360900878906250e-01,8.925552368164062500e-01,1.653270721435546875e-01,2.910861968994140625e-01,1.500207901000976562e+00,2.025447845458984375e+00,1.329196929931640625e+00,3.813743591308593750e-02,3.328285217285156250e-01,1.258066558837890625e+01,4.906669616699218750e+00,4.129352569580078125e-01,1.025856018066406250e+00,1.905212402343750000e-01,3.674962997436523438e+00,1.335149335861206055e+01
1.249284458160400391e+01,8.457565307617187500e-02,1.644588470458984375e+00,3.313217163085937500e-01,-5.134201049804687500e-02,6.394977569580078125e-01,1.469383239746093750e-01,9.849700927734375000e-01,4.632205963134765625e-01,-8.914184570312500000e-02,3.411808013916015625e-01,4.477157592773437500e-01,-2.483844757080078125e-01,1.150770187377929688e+00,-2.574634552001953125e-01,6.344833374023437500e-01,7.668933868408203125e-01,4.344196319580078125e-01,7.779006958007812500e-01,1.761640548706054688e+00,1.399466705322265625e+01,9.980373382568359375e-01,1.790401458740234375e+00,3.314918518066406250e+00,8.884353637695312500e-01,1.243467330932617188e+00,1.581431198120117188e+01,2.726558685302734375e+00,1.637680053710937500e+00,1.254526138305664062e+00,1.591611862182617188e+00,3.274982452392578125e+00,1.145299911499023438e+00,8.589839935302734375e-01,5.204315185546875000e-01,4.850769042968750000e-01,2.582527160644531250e+00,2.329597473144531250e-01,3.737709045410156250e+00,2.362310409545898438e+00,9.178791046142578125e-01,1.019992828369140625e-01,1.059064865112304688e+00,1.660982131958007812e+00,5.401828765869140625e+00,7.400054931640625000e+00,4.174995422363281250e-02,2.003417968750000000e+00,5.443515777587890625e-01,1.901634216308593750e+00,1.286381435394287109e+01
1.390361022949218750e+01,1.154399871826171875e+00,4.970092773437500000e-01,2.338390350341796875e-01,8.305721282958984375e-01,7.608718872070312500e-01,1.521587371826171875e-01,8.165283203125000000e-01,9.555301666259765625e-01,4.874057769775390625e-01,-3.949680328369140625e-01,-6.710052490234375000e-03,9.183292388916015625e-01,1.044425964355468750e+00,-4.288291931152343750e-02,2.490968704223632812e+00,3.107902526855468750e+00,-4.632301330566406250e-01,5.232887268066406250e-01,-6.454658508300781250e-02,1.339983749389648438e+01,9.492940902709960938e+00,9.983253479003906250e-01,9.068412780761718750e-01,2.054414749145507812e+00,3.871528625488281250e+00,1.703568077087402344e+01,9.047317504882812500e-01,-5.858764648437500000e-01,1.098329544067382812e+00,6.254177093505859375e-01,1.406345367431640625e+00,6.879348754882812500e-01,1.560516357421875000e-01,1.842964172363281250e+00,6.392726898193359375e-01,1.916389465332031250e+00,1.688346862792968750e-01,1.785608291625976562e+00,1.591997146606445312e+00,1.213035583496093750e+00,9.871788024902343750e-01,1.408456802368164062e+00,2.467828750610351562e+00,5.569875717163085938e+00,1.022294044494628906e+01,8.568668365478515625e-01,1.196552276611328125e+00,1.508699417114257812e+00,1.933115005493164062e+00,1.365766906738281250e+01
1.405775260925292969e+01,5.518608093261718750e-01,5.786132812500000000e-01,1.255393981933593750e+00,5.086994171142578125e-01,5.820121765136718750e-01,4.835510253906250000e-01,9.243030548095703125e-01,1.534023284912109375e+00,5.134391784667968750e-01,5.346679687500000000e-01,-1.832733154296875000e-01,2.247289657592773438e+00,1.859001159667968750e+00,1.577138900756835938e+00,-1.564044952392578125e-01,2.076011657714843750e+00,7.045593261718750000e-01,1.832466125488281250e-01,-4.510250091552734375e-01,1.851437950134277344e+01,2.146709442138671875e+00,3.111515045166015625e+00,1.690654754638671875e+00,1.637994766235351562e+00,7.496721267700195312e+00,1.654711151123046875e+01,3.405370712280273438e+00,2.004331588745117188e+00,2.942461013793945312e+00,9.299736022949218750e-01,1.406396865844726562e+00,1.557687759399414062e+00,2.041286468505859375e+00,2.498168945312500000e-01,1.806612014770507812e+00,1.309209823608398438e+00,1.100557327270507812e+00,1.707504272460937500e+00,1.843498229980468750e+00,8.525733947753906250e-01,1.817642211914062500e+00,1.726140975952148438e+00,2.646781921386718750e+00,3.861312866210937500e+00,1.161236190795898438e+01,-1.806869506835937500e-01,1.160560607910156250e+00,3.458595275878906250e-01,1.346889495849609375e+00,1.546626329421997070e+01
1.172467803955078125e+01,8.285160064697265625e-01,1.976402282714843750e+00,-2.325191497802734375e-01,2.555942535400390625e-01,-7.550048828125000000e-02,1.613086700439453125e+00,-2.289466857910156250e-01,9.782733917236328125e-01,8.846263885498046875e-01,8.376922607421875000e-01,1.242103576660156250e+00,6.691093444824218750e-01,1.759408950805664062e+00,4.780071258544921875e+00,2.000980377197265625e-01,1.019325256347656250e+00,4.325263977050781250e+00,5.064683914184570312e+00,1.237007141113281250e+00,1.155938339233398438e+01,4.836063385009765625e+00,2.206081390380859375e+00,2.350761413574218750e+00,2.114324569702148438e+00,1.506570816040039062e+00,1.546760368347167969e+01,5.054206848144531250e-01,1.936473846435546875e-01,3.863897323608398438e+00,9.303455352783203125e-01,7.308731079101562500e-01,1.354108810424804688e+00,1.771547317504882812e+00,6.852684020996093750e-01,5.186595916748046875e-01,1.783857345581054688e+00,3.227737426757812500e+00,7.788932800292968750e+00,1.082708358764648438e+00,4.330043792724609375e-01,2.628555297851562500e+00,1.195079803466796875e+00,9.330749511718750000e-01,4.703315734863281250e+00,8.339216232299804688e+00,5.410919189453125000e-01,1.430994033813476562e+00,4.606094360351562500e-01,4.740013122558593750e+00,1.221335697174072266e+01
1.404413795471191406e+01,7.478008270263671875e-01,1.638566970825195312e+00,8.535537719726562500e-01,1.465282440185546875e-01,1.159267425537109375e-01,1.784496307373046875e-01,1.071264266967773438e+00,9.034061431884765625e-01,8.330535888671875000e-01,3.278102874755859375e-01,-1.388931274414062500e-02,4.025840759277343750e-01,1.369869232177734375e+00,-1.279392242431640625e+00,1.342924118041992188e+00,-1.120166778564453125e-01,6.004257202148437500e-01,1.482696533203125000e-01,7.099246978759765625e-01,1.306559944152832031e+01,8.385677337646484375e-01,3.541347503662109375e+00,9.790611267089843750e-02,1.937217712402343750e+00,1.646976470947265625e-01,1.429197311401367188e+01,-2.761440277099609375e-01,3.080074310302734375e+00,4.146158218383789062e+00,1.631946563720703125e-01,-5.565376281738281250e-01,-1.645317077636718750e-01,2.660427093505859375e-01,1.775468826293945312e+00,1.415328979492187500e-01,1.095891952514648438e+00,4.727439880371093750e-01,1.578298568725585938e+00,2.863193511962890625e+00,2.126401901245117188e+00,9.843597412109375000e-01,7.861843109130859375e-01,2.396614074707031250e+00,2.615163803100585938e+00,4.772438049316406250e+00,-4.845447540283203125e-01,1.227439880371093750e+00,3.659839630126953125e-01,9.922924041748046875e-01,1.346139872074127197e+01
7.547037124633789062e+00,7.389812469482421875e-01,4.046401977539062500e-01,1.139423370361328125e+00,2.404270172119140625e-01,-3.638458251953125000e-02,-1.234912872314453125e+00,6.016521453857421875e-01,-2.145576477050781250e-02,1.690769195556640625e+00,-1.186981201171875000e-01,6.012172698974609375e-01,5.508403778076171875e-01,5.601367950439453125e-01,7.119503021240234375e-01,7.142734527587890625e-01,3.965625762939453125e-01,-5.985660552978515625e-01,2.407112121582031250e+00,1.069658279418945312e+00,1.382975196838378906e+01,5.850997924804687500e+00,2.151908874511718750e-01,9.045753479003906250e-01,-9.494266510009765625e-01,4.400997161865234375e-01,1.719257354736328125e+01,8.855934143066406250e-01,2.269985198974609375e+00,2.045377731323242188e+00,-9.089393615722656250e-01,-1.072902679443359375e-01,2.033042907714843750e-02,1.055004119873046875e+00,6.473789215087890625e-01,1.446277618408203125e+00,4.294795989990234375e-01,3.026971817016601562e+00,1.056385040283203125e+00,2.355709075927734375e+00,2.986698150634765625e-01,1.051807403564453125e-01,1.352634429931640625e+00,3.403396606445312500e-01,3.002691268920898438e+00,1.122734069824218750e+00,4.804401397705078125e-01,5.073623657226562500e-01,7.487773895263671875e-01,1.265581130981445312e+00,1.346639227867126465e+01
7.969839096069335938e+00,8.448028564453125000e-01,3.236637115478515625e-01,5.607910156250000000e-01,2.000789642333984375e-01,2.942312240600585938e+00,-7.284545898437500000e-02,5.576553344726562500e-01,4.053878784179687500e-01,2.942276000976562500e-01,1.390613555908203125e+00,2.424449920654296875e-01,5.072460174560546875e-01,1.105506896972656250e+00,5.698795318603515625e-01,4.726913452148437500e+00,3.012849807739257812e+00,9.180316925048828125e-01,6.087265014648437500e-01,1.980316162109375000e+00,1.294425582885742188e+01,1.541557312011718750e+00,7.603950500488281250e-01,1.622341156005859375e+00,1.779058456420898438e+00,9.638195037841796875e-01,1.706266593933105469e+01,1.936393737792968750e+00,2.224117279052734375e+00,1.615861892700195312e+00,1.300897598266601562e+00,3.840719223022460938e+00,9.235191345214843750e-01,1.475635528564453125e+00,3.408800125122070312e+00,-1.873432159423828125e+00,7.430400848388671875e-01,9.054126739501953125e-01,3.452022552490234375e+00,2.798011779785156250e+00,6.793975830078125000e-02,2.391054153442382812e+00,6.820678710937500000e-02,2.323913574218750000e-02,8.856964111328125000e-02,3.924612045288085938e+00,7.024707794189453125e-01,5.061836242675781250e-01,2.673564910888671875e+00,2.718406677246093750e+00,1.318788051605224609e+01
-5.018217086791992188e+00,4.526348114013671875e-01,1.344036102294921875e+00,1.829185485839843750e-01,8.053932189941406250e-01,-4.828853607177734375e-01,1.028575897216796875e-01,-8.987808227539062500e-02,4.295463562011718750e-01,-1.012212753295898438e+00,2.882442474365234375e-01,1.363733291625976562e+00,8.087024688720703125e-01,4.310569763183593750e-01,-8.902168273925781250e-02,5.726623535156250000e-01,1.288032531738281250e-01,-4.944953918457031250e-01,1.003410339355468750e+00,1.049135208129882812e+00,1.282984352111816406e+01,2.867790222167968750e+00,2.798330307006835938e+00,-1.814193725585937500e-01,6.146202087402343750e-01,5.504493713378906250e-01,1.357302093505859375e+01,1.406614303588867188e+00,2.979927062988281250e-01,4.898950576782226562e+00,5.323257446289062500e-01,5.596542358398437500e-01,3.608798980712890625e-01,5.315856933593750000e-01,7.908515930175781250e-01,1.393667221069335938e+00,1.493719100952148438e+00,4.966793060302734375e-01,4.772966384887695312e+00,1.375085830688476562e+00,6.812667846679687500e-02,8.000202178955078125e-01,4.237937927246093750e-02,1.039489746093750000e+00,1.152967453002929688e+00,2.795198440551757812e+00,4.200647354125976562e+00,1.756753921508789062e+00,1.848264694213867188e+00,2.327781677246093750e+00,1.406629705429077148e+01
-1.214677810668945312e+00,2.407093048095703125e-01,3.281421661376953125e-01,3.062191009521484375e-01,-2.672138214111328125e-01,2.758216857910156250e-02,1.246297836303710938e+00,7.654857635498046875e-01,8.507919311523437500e-02,4.095058441162109375e-01,1.147487640380859375e+00,3.532371520996093750e-01,5.260658264160156250e-01,1.177753448486328125e+00,-5.246162414550781250e-02,1.930440902709960938e+00,4.681657791137695312e+00,-4.924602508544921875e-01,2.956752777099609375e-01,-1.662998199462890625e-01,1.339666938781738281e+01,-5.923633575439453125e-01,9.716148376464843750e-01,-1.839122772216796875e-01,4.501667022705078125e-01,8.829822540283203125e-01,1.567600250244140625e+01,-6.592655181884765625e-01,3.315982818603515625e-01,1.059991836547851562e+00,7.783203125000000000e-01,2.184791564941406250e+00,-2.599086761474609375e-01,3.062782287597656250e-01,5.463237762451171875e-01,1.529582977294921875e+00,1.743659973144531250e-01,-2.051353454589843750e-02,5.711040496826171875e-01,8.244304656982421875e-01,-1.180820465087890625e-01,8.069305419921875000e-01,-6.143093109130859375e-01,8.025283813476562500e-01,2.706375122070312500e-01,1.222770690917968750e+00,1.858421325683593750e+00,1.527742385864257812e+00,2.269266128540039062e+00,3.719461441040039062e+00,1.399965047836303711e+01
-1.083187103271484375e+00,5.011100769042968750e-01,1.249008178710937500e-01,2.395248413085937500e-01,2.155323028564453125e-01,-3.295707702636718750e-02,1.466369628906250000e-02,3.846893310546875000e-01,-5.339622497558593750e-02,-1.937923431396484375e-01,4.934864044189453125e-01,1.242664337158203125e+00,2.627391815185546875e-01,3.112659454345703125e-01,8.312168121337890625e-01,1.291084289550781250e-01,-3.565025329589843750e-02,5.809631347656250000e-01,-9.563446044921875000e-03,2.480449676513671875e-01,1.480708503723144531e+01,-4.074306488037109375e-01,2.169132232666015625e-01,3.176193237304687500e-01,2.691650390625000000e-02,2.168817520141601562e+00,1.664225959777832031e+01,1.855377197265625000e+00,-6.194458007812500000e-01,-8.045196533203125000e-02,8.446407318115234375e-01,2.614307403564453125e-01,3.384475708007812500e-01,2.458763122558593750e-02,3.111267089843750000e-01,2.636680603027343750e-01,-1.231002807617187500e-02,7.538776397705078125e-01,1.630861282348632812e+00,9.879436492919921875e-01,5.074291229248046875e-01,4.712924957275390625e-01,-1.606636047363281250e-01,-8.516311645507812500e-03,9.758358001708984375e-01,1.535186767578125000e-01,1.780551910400390625e+00,1.040800094604492188e+00,6.549835205078125000e-03,1.210371017456054688e+00,1.369242858886718750e+01
-3.686641693115234375e+00,-7.678985595703125000e-03,8.049526214599609375e-01,6.448802947998046875e-01,6.678619384765625000e-01,6.768779754638671875e-01,9.035110473632812500e-02,-2.597618103027343750e-02,4.653110504150390625e-01,4.885158538818359375e-01,-1.355743408203125000e-01,2.646102905273437500e-01,1.978206634521484375e-01,4.494705200195312500e-01,-1.915893554687500000e-01,-3.283691406250000000e-02,-1.599369049072265625e-01,5.993843078613281250e-01,-8.829116821289062500e-03,-1.734123229980468750e-01,1.404723739624023438e+01,-8.784675598144531250e-02,9.026908874511718750e-02,1.506467819213867188e+00,2.859706878662109375e-01,4.258270263671875000e-01,1.751970481872558594e+01,1.225948333740234375e-01,2.437458038330078125e-01,-1.758098602294921875e-01,1.669502258300781250e-01,2.764701843261718750e-01,-1.439132690429687500e-01,8.945751190185546875e-01,1.269779205322265625e-01,4.016761779785156250e-01,-2.055377960205078125e-01,9.856777191162109375e-01,4.927005767822265625e-01,4.502927780151367188e+00,8.553314208984375000e-02,8.612861633300781250e-01,3.252124786376953125e-01,9.197235107421875000e-03,1.001157760620117188e+00,6.955852508544921875e-01,3.732528686523437500e-01,1.119222640991210938e+00,3.377895355224609375e-01,1.547111511230468750e+00,1.595786023139953613e+01
-3.209692001342773438e+00,-1.073684692382812500e-01,2.129611968994140625e-01,5.342483520507812500e-03,4.827556610107421875e-01,-3.523826599121093750e-02,3.917884826660156250e-02,8.864593505859375000e-02,-6.904220581054687500e-02,1.452827453613281250e-01,-1.837730407714843750e-01,2.345066070556640625e-01,-7.383861541748046875e-01,2.142601013183593750e-01,-1.555118560791015625e-01,5.383682250976562500e-02,-2.807292938232421875e-01,8.086204528808593750e-02,4.676799774169921875e-01,1.351547241210937500e-02,1.351619911193847656e+01,1.373882293701171875e-01,-1.122245788574218750e-01,9.850311279296875000e-02,3.314399719238281250e-02,-4.866981506347656250e-02,1.641844177246093750e+01,-5.946846008300781250e-01,-1.852951049804687500e-01,-2.177429199218750000e-02,-2.179145812988281250e-02,-3.419494628906250000e-02,-5.101394653320312500e-02,2.098503112792968750e-01,-3.278732299804687500e-03,-1.450996398925781250e-01,6.988525390625000000e-03,1.059474945068359375e-01,-1.492633819580078125e-01,2.654342651367187500e-01,2.557029724121093750e-01,-2.544403076171875000e-02,-1.873207092285156250e-02,1.224384307861328125e-01,8.705139160156250000e-03,6.526489257812500000e-01,2.329368591308593750e-01,1.114423751831054688e+00,2.502059936523437500e-02,5.317306518554687500e-01,1.386996459960937500e+01
3.928565979003906250e-02,1.538505554199218750e-01,-1.120395660400390625e-01,6.036567687988281250e-02,4.119358062744140625e-01,5.138072967529296875e-01,1.913509368896484375e-01,4.904365539550781250e-02,-1.526432037353515625e-01,3.879356384277343750e-02,-1.160812377929687500e-02,5.765342712402343750e-02,3.341560363769531250e-01,-7.322311401367187500e-02,9.393692016601562500e-03,6.088829040527343750e-02,2.943420410156250000e-02,-1.294765472412109375e-01,2.485332489013671875e-01,7.440757751464843750e-02,1.352121925354003906e+01,-5.797576904296875000e-02,1.514930725097656250e-01,1.351470947265625000e-01,2.956390380859375000e-03,2.145576477050781250e-02,1.679976844787597656e+01,-8.886184692382812500e-01,6.832790374755859375e-01,-7.908630371093750000e-02,2.722568511962890625e-01,7.158279418945312500e-02,-4.795074462890625000e-03,2.271461486816406250e-02,-6.677627563476562500e-02,-2.452087402343750000e-01,-1.590003967285156250e-01,2.354068756103515625e-01,-1.687412261962890625e-01,1.021766662597656250e-01,-1.489772796630859375e-01,2.234497070312500000e-01,4.340171813964843750e-01,1.556377410888671875e-01,4.245071411132812500e-01,1.244602203369140625e-01,1.085472106933593750e-01,2.122726440429687500e-01,-1.737537384033203125e-01,8.335685729980468750e-02,1.416046285629272461e+01
2.098997116088867188e+00,3.796768188476562500e-02,9.124565124511718750e-02,2.612991333007812500e-01,5.953407287597656250e-02,5.627059936523437500e-02,3.144798278808593750e-01,-8.423614501953125000e-02,2.222442626953125000e-02,-3.971481323242187500e-02,2.197494506835937500e-01,4.370841979980468750e-01,-8.408164978027343750e-02,2.169399261474609375e-01,-1.331329345703125000e-02,-4.010200500488281250e-02,-8.941459655761718750e-02,-8.007431030273437500e-02,5.070877075195312500e-02,2.538871765136718750e-02,7.525861740112304688e+00,-1.374168395996093750e-01,-3.809719085693359375e-01,-3.322219848632812500e-02,1.312942504882812500e-01,6.404876708984375000e-02,1.517636680603027344e+01,-1.836547851562500000e-01,6.550598144531250000e-02,-2.496681213378906250e-01,-9.430503845214843750e-02,4.010181427001953125e-01,3.056564331054687500e-01,9.467315673828125000e-02,7.528228759765625000e-01,-9.122467041015625000e-02,-4.660987854003906250e-02,2.665233612060546875e-01,-2.411079406738281250e-02,8.939933776855468750e-02,-2.488594055175781250e-01,3.230419158935546875e-01,1.421375274658203125e-01,-5.203056335449218750e-02,1.232986450195312500e-01,2.339706420898437500e-01,1.663951873779296875e-01,-1.170921325683593750e-02,5.497360229492187500e-02,1.607473373413085938e+00,1.330573463439941406e+01
-5.340881347656250000e-01,-7.181739807128906250e-02,3.508186340332031250e-02,1.520843505859375000e-01,2.889633178710937500e-03,-1.101779937744140625e-01,1.770191192626953125e-01,2.933692932128906250e-02,-1.760864257812500000e-02,1.740570068359375000e-01,1.694164276123046875e-01,6.711959838867187500e-01,7.643127441406250000e-02,1.401500701904296875e-01,-1.366462707519531250e-01,-1.028099060058593750e-01,-1.134490966796875000e-02,5.412101745605468750e-02,7.675743103027343750e-02,5.504627227783203125e-01,8.001523971557617188e+00,1.346397399902343750e-02,6.561851501464843750e-02,-3.704071044921875000e-03,1.359634399414062500e-01,6.143188476562500000e-02,1.418465805053710938e+01,-4.487419128417968750e-01,3.175849914550781250e-01,2.313652038574218750e-01,6.134757995605468750e-01,-2.426147460937500000e-03,1.775836944580078125e-01,1.064243316650390625e-01,5.631828308105468750e-02,9.694290161132812500e-02,2.067203521728515625e-01,2.370548248291015625e-01,1.113300323486328125e-01,3.616333007812500000e-01,5.562629699707031250e-01,-6.208419799804687500e-03,1.618309020996093750e-01,3.808193206787109375e-01,-9.925842285156250000e-03,6.561470031738281250e-02,1.181411743164062500e-01,2.073287963867187500e-01,1.073722839355468750e-01,8.048877716064453125e-01,1.230425834655761719e+01
-2.362060546875000000e-01,7.440795898437500000e-01,-1.732635498046875000e-01,1.545551300048828125e+00,1.230525970458984375e-01,-1.541423797607421875e-01,3.395767211914062500e-01,2.675437927246093750e-02,7.927894592285156250e-02,3.421669006347656250e-01,-6.698799133300781250e-02,-7.312011718750000000e-02,4.512786865234375000e-03,-9.359741210937500000e-02,1.471710205078125000e-02,1.822757720947265625e-01,-1.317787170410156250e-02,5.944442749023437500e-02,-4.126739501953125000e-02,2.671413421630859375e-01,-4.179687500000000000e-01,1.042289733886718750e-01,-7.296943664550781250e-02,-1.298141479492187500e-02,8.239746093750000000e-02,-1.069965362548828125e-01,-8.141136169433593750e-02,8.926391601562500000e-03,1.006870269775390625e-01,4.463996887207031250e-01,-5.493164062500000000e-02,2.792358398437500000e-02,2.400760650634765625e-01,2.573013305664062500e-03,5.817794799804687500e-02,1.436119079589843750e-01,-2.719688415527343750e-02,-2.457122802734375000e-01,-1.333656311035156250e-01,-2.161788940429687500e-02,-6.009292602539062500e-02,5.221176147460937500e-02,8.326911926269531250e-02,4.707107543945312500e-01,5.511283874511718750e-02,3.336868286132812500e-01,1.553535461425781250e-02,1.746368408203125000e-01,3.371696472167968750e-01,-1.020603179931640625e-01,1.404851484298706055e+01
-5.747489929199218750e-01,1.110553741455078125e-01,-4.639053344726562500e-02,2.283096313476562500e-02,-3.939056396484375000e-02,6.364822387695312500e-03,1.083278656005859375e-01,-1.623153686523437500e-01,2.775287628173828125e-01,4.001998901367187500e-02,6.444931030273437500e-03,-7.436180114746093750e-02,-4.739761352539062500e-03,3.210067749023437500e-02,-1.109580993652343750e-01,1.414108276367187500e-02,3.447914123535156250e-02,7.786941528320312500e-02,-2.105140686035156250e-01,-1.044082641601562500e-02,-9.576797485351562500e-03,1.026725769042968750e-02,-3.223495483398437500e-01,-3.283309936523437500e-02,1.995658874511718750e-02,-2.052116394042968750e-02,-8.523750305175781250e-02,5.964088439941406250e-02,4.758834838867187500e-02,-5.185699462890625000e-02,-7.238578796386718750e-02,-2.793312072753906250e-02,4.847717285156250000e-02,9.653472900390625000e-02,-5.377197265625000000e-02,-2.017135620117187500e-01,-8.232688903808593750e-02,3.266525268554687500e-02,1.546039581298828125e-01,5.890274047851562500e-02,-3.066253662109375000e-02,2.506656646728515625e-01,1.250839233398437500e-02,-1.963996887207031250e-02,-1.586246490478515625e-01,-1.633872985839843750e-01,-1.434497833251953125e-01,1.798439025878906250e-01,-5.349159240722656250e-02,5.742511749267578125e-01,1.353334712982177734e+01
1.286754608154296875e-01,-7.517814636230468750e-02,-7.527923583984375000e-02,-5.455780029296875000e-02,4.963684082031250000e-02,-1.230220794677734375e-01,9.083938598632812500e-02,-3.890991210937500000e-03,2.422714233398437500e-02,4.259147644042968750e-01,8.372135162353515625e-01,1.913490295410156250e-01,-4.992103576660156250e-02,3.174648284912109375e-01,-7.275009155273437500e-02,-5.024909973144531250e-02,2.168464660644531250e-02,1.822834014892578125e-01,7.637977600097656250e-02,-2.538681030273437500e-03,-1.802520751953125000e-01,-1.440620422363281250e-01,-1.970615386962890625e-01,4.347934722900390625e-01,6.990814208984375000e-02,1.976871490478515625e-01,-1.369037628173828125e-01,3.347396850585937500e-02,-6.444358825683593750e-02,1.512393951416015625e-01,2.681732177734375000e-02,-2.709197998046875000e-02,2.655410766601562500e-02,8.232116699218750000e-02,1.232337951660156250e-02,-9.243011474609375000e-03,1.127052307128906250e-02,-3.203392028808593750e-02,2.985191345214843750e-01,1.118946075439453125e-01,-5.471611022949218750e-02,7.608985900878906250e-02,-1.466178894042968750e-02,5.364608764648437500e-02,7.689857482910156250e-02,1.863937377929687500e-01,1.095695495605468750e-01,2.696609497070312500e-02,1.080812454223632812e+00,1.479949951171875000e-01,1.362737131118774414e+01
8.885822296142578125e-01,1.636123657226562500e-02,2.797317504882812500e-02,-3.796958923339843750e-02,-1.841926574707031250e-02,1.493968963623046875e-01,3.703498840332031250e-02,-6.280899047851562500e-03,-3.714179992675781250e-02,-5.385017395019531250e-02,-2.017784118652343750e-02,3.913497924804687500e-02,-1.248950958251953125e-01,-3.233718872070312500e-02,-3.663253784179687500e-02,-3.403091430664062500e-02,3.935432434082031250e-02,-5.634307861328125000e-03,3.240203857421875000e-02,1.606407165527343750e-01,-1.545906066894531250e-02,1.891613006591796875e-01,-6.414413452148437500e-03,3.965568542480468750e-01,1.525840759277343750e-01,1.815223693847656250e-01,-1.096534729003906250e-01,-5.352973937988281250e-02,1.465606689453125000e-02,6.643486022949218750e-02,-3.205871582031250000e-02,3.906612396240234375e-01,8.326339721679687500e-02,4.767074584960937500e-01,-3.012466430664062500e-02,-1.762924194335937500e-01,-5.598068237304687500e-03,6.867218017578125000e-02,1.205539703369140625e-01,7.594871520996093750e-02,-1.232662200927734375e-01,1.317687988281250000e+00,3.493881225585937500e-02,-2.577209472656250000e-02,5.999507904052734375e-01,4.977245330810546875e-01,-7.259368896484375000e-03,-2.056694030761718750e-02,2.662906646728515625e-01,1.229209899902343750e-01,1.136496925354003906e+01
4.350662231445312500e-02,2.720260620117187500e-02,2.453804016113281250e-02,1.262054443359375000e-01,-2.310562133789062500e-02,2.504348754882812500e-03,1.349258422851562500e-02,-6.937026977539062500e-03,4.690170288085937500e-03,-3.282546997070312500e-02,2.289199829101562500e-02,-6.012916564941406250e-02,9.975433349609375000e-03,2.995300292968750000e-02,2.319335937500000000e-02,9.239196777343750000e-03,1.886558532714843750e-02,-2.342796325683593750e-02,-2.719879150390625000e-03,6.859970092773437500e-02,-1.013050079345703125e-01,7.074928283691406250e-02,2.831077575683593750e-02,-7.658004760742187500e-03,-1.860809326171875000e-02,5.859375000000000000e-03,-1.221809387207031250e-01,-1.232147216796875000e-03,3.412055969238281250e-02,2.211837768554687500e-01,1.571273803710937500e-02,-1.071128845214843750e-01,2.949771881103515625e-01,2.181625366210937500e-02,-3.123474121093750000e-02,-1.484680175781250000e-02,2.618026733398437500e-02,-2.346038818359375000e-04,-7.447814941406250000e-02,1.687602996826171875e-01,1.097011566162109375e-01,4.842948913574218750e-02,9.206390380859375000e-02,3.520965576171875000e-03,1.198005676269531250e-02,3.367614746093750000e-02,-6.906318664550781250e-02,5.768775939941406250e-02,2.877235412597656250e-02,7.972526550292968750e-02,1.062498080730438232e+01
0.000000000000000000e+00,0.000000000000000000e+00,0.000000000000000000e+00,0.000000000000000000e+00,0.000000000000000000e+00,0.000000000000000000e+00,0.000000000000000000e+00,0.000000000000000000e+00,0.000000000000000000e+00,0.000000000000000000e+00,0.000000000000000000e+00,0.000000000000000000e+00,0.000000000000000000e+00,0.000000000000000000e+00,0.000000000000000000e+00,0.000000000000000000e+00,0.000000000000000000e+00,0.000000000000000000e+00,0.000000000000000000e+00,0.000000000000000000e+00,0.000000000000000000e+00,0.000000000000000000e+00,0.000000000000000000e+00,0.000000000000000000e+00,0.000000000000000000e+00,0.000000000000000000e+00,0.000000000000000000e+00,0.000000000000000000e+00,0.000000000000000000e+00,0.000000000000000000e+00,0.000000000000000000e+00,0.000000000000000000e+00,0.000000000000000000e+00,0.000000000000000000e+00,0.000000000000000000e+00,0.000000000000000000e+00,0.000000000000000000e+00,0.000000000000000000e+00,0.000000000000000000e+00,0.000000000000000000e+00,0.000000000000000000e+00,0.000000000000000000e+00,0.000000000000000000e+00,0.000000000000000000e+00,0.000000000000000000e+00,0.000000000000000000e+00,0.000000000000000000e+00,0.000000000000000000e+00,0.000000000000000000e+00,0.000000000000000000e+00,1.166868811845779419e+01
