1.126841431794860959e+01,2.253380645136771451e-07,1.530768898093430872e-07,1.402808301521845330e-07,1.549833608968840534e-07,1.171764436280426228e-08,2.389588091249919978e-08,6.176730183079029435e-06,1.051013193033052021e-07,1.568591613478915127e-05,4.330584604398956557e-08,9.811666555468467164e-06,2.441061569666965333e-07,1.876440449184443992e-06,2.543869228104548092e-06,9.128769196859393506e-07,2.127546894693893735e-05,3.609086147361474837e-06,4.625213399542903753e-07,7.863178704829799416e-05,3.656665976454154809e-01,3.051473098253383763e-05,3.880225802099952352e-06,1.848229316868246817e-04,1.735831008903441748e-03,1.506802952293042644e-05,9.089041944983444310e+00,9.671297788217329925e-05,3.542351997207564574e-06,1.137476645165645846e-04,2.518132229396986868e-07,1.481998534956894641e-07,9.498038672203804433e-07,2.695298503942101408e-06,2.613950761701250423e-08,3.930690843170254511e-07,5.344457485207750788e-07,1.431472512121769774e-07,1.238352469537332597e-05,3.967509237218770896e-06,9.195277384612178528e-02,1.016350029186570275e-01,4.224859800134808552e+00,3.345809412908264373e-04,1.062461708287269158e+00,5.890122023950210761e-04,1.151548528988399620e-05,1.301717914253923177e-05,2.128302678254124912e-06,3.883716470385461649e-03,8.869699861266076013e+00
1.590618068347160908e-05,6.705590097688071209e-08,1.513234049355113192e-06,8.990367432964757984e-07,3.370464415924436665e-07,1.569536095491319059e-06,6.898856069565540305e-07,8.085019822514433815e-08,2.058858576235082530e-06,2.055921097724321655e-07,5.221605541510224901e-07,1.361789465309914147e-06,1.031418922295686502e-04,1.435015705410979253e-06,1.694038005989826089e-06,4.597778825434573405e-03,1.042817035779365028e-06,1.142658574263513650e-03,8.672648858287186494e-07,1.220841049650970402e-06,6.340078770792470841e+00,8.767992027021315475e-05,1.029372776416917253e-05,2.499045236103879426e-05,1.131149353999213319e-03,2.095673572939460379e-05,9.158369608772170878e+00,3.731522850780844783e-04,1.423797662972542074e-04,3.105567439738068626e-05,1.262277889539022826e-07,3.576970642955059455e-05,2.314618449639233727e-05,6.100309716102589188e-06,1.938593195879897342e-06,3.029019082175570984e-06,6.042881390149436759e-06,3.677574258154705230e-06,7.544904761818931970e-06,2.349307703887805419e-05,2.414287914292942774e-03,8.796262575082234442e-03,4.021011152242476072e+00,1.716287842583929862e-04,6.113369486651810014e+00,1.824830544603934807e-03,1.896495682038817251e-05,4.211240755238730460e-06,1.164348988105040096e-02,5.723839787046947460e-04,1.192835255469290345e+01
1.112973137900290332e+01,6.422356688125903958e-06,2.709357697909905681e-07,5.578285294313725558e-08,1.200391635925459323e-06,3.057915162549565804e-07,3.172739774550088495e-07,1.968572286343887898e-06,2.957277777043856618e-07,1.094769626688789639e-06,5.544887369643040813e-08,2.926482368590913846e-07,1.031466185572586903e-06,1.219698540341861168e-06,1.142385285781894152e-06,1.405865303665641079e-05,2.171087955501701732e-06,3.511445032245898686e-07,7.304410472674874536e-07,2.996751156709740873e-07,6.200229703897202072e+00,7.801659106927287499e-06,1.205222784033875111e-05,9.449223687263922912e-06,2.595209181501130762e-03,3.623292423348294167e-07,1.061297109981583198e+01,3.966468842755075983e-06,2.893143860595307946e-04,1.146504725094599393e-05,7.892469576044172763e-07,1.160535981456656182e-07,5.660376190071083293e-06,1.091372108882231531e-04,1.171465260871696275e-07,6.207814540663254436e-08,3.990468608898441710e-06,8.864338625267068788e-05,1.113037489893226350e-05,6.096054191442285578e-07,3.821481617278133392e-04,6.257544700320811408e-04,9.077021826685437167e-02,6.805307428669885635e-05,2.070534650325935200e+00,3.960179708764366945e-03,1.518959180987725259e-06,3.261066007211676452e-05,7.479333285924512795e-06,6.389590939175033846e+00,1.088445122918993313e+01
7.829118762362970330e+00,4.305192651437630379e-07,3.363252357241229819e-07,2.345777474386014025e-08,3.182501522472414559e-07,6.388813751245031749e-07,3.035878173060444418e-07,5.842312745283116018e-07,2.971513664862243503e-07,1.308936761164053470e-06,4.820350815353787060e-07,2.598926646841018274e-06,2.285707307281546045e-06,3.362923143097498693e-07,3.135122218150744525e-06,1.619540372111036101e-07,1.724747302684995587e-06,3.312462475012028908e-07,1.545258838937761003e-06,3.111978669164406170e-06,9.355224958718245887e+00,2.610677430522043687e-06,3.531697191881261629e-06,6.860512121827653712e-06,1.789730649202493282e-06,6.925743192100463410e-07,1.089322908407309320e+01,1.360864697699227683e-05,2.547758401566500332e-04,9.834399639661181515e-06,1.484467579711698427e-06,3.515514522059767284e-07,1.055188161828525079e-06,7.200854912511847485e-06,4.214618983814375903e-07,2.840494564854155679e-07,6.196495536244271165e-07,2.024940283710332072e-05,4.144461834829755299e-06,2.075505520736466213e-04,4.129163633820046508e-04,2.330828549263397255e-04,6.970456499224739980e-04,1.725052037868504411e-05,5.568161655187342518e-01,2.079923451267131750e-04,1.431488031727825203e-06,1.852903268730882446e-05,5.240755151733947608e-06,9.939562854566875256e-05,1.258830548179463982e+01
4.560097230353892250e+00,3.332193062150015648e-07,3.714455633909657975e-07,1.036013353544234932e-07,4.421080824916189917e-07,1.444100831014448917e-07,1.166956033224236380e-06,3.265132074495534360e-07,9.675434840084883611e-07,4.322624260057290594e-07,1.706126425756480566e-06,6.964657124140691431e-07,6.833829873014551131e-07,2.827792594285020106e-07,3.729631929859639691e-06,4.059821490686288327e-07,1.108004651800486047e-05,9.574277101066709575e-07,2.295730433178711736e-06,1.992671894202990920e-06,5.264605572204946071e+00,1.944489934681661082e-06,4.409952750816746479e-06,1.582342644977245392e-06,2.660017182793488239e-05,5.505906510035740965e-07,9.367061700373152888e+00,1.719382954926065995e-06,7.046601747582311533e-06,5.439419424966771338e-06,2.915919885797297218e-07,1.682619748166078862e-06,1.225130903373799690e-05,1.177450807895936684e-05,3.057797974028363618e-04,2.053403151485878321e-08,3.072046726607449538e-06,7.758852026871981909e-05,7.640398605428845648e-06,3.676338979417186919e-06,1.804717791630127153e-05,2.336503836508281278e-05,6.100611421140747559e-07,2.812147211183651163e-04,4.285350401041363444e-01,8.515677435830098499e-04,9.504631220039821118e-08,9.341197370118799775e-06,3.561645509028166533e-06,7.996326574120916875e-05,1.943183960207826644e+01
9.950054445575787554e+00,7.951966967972194748e-07,3.036471911657537835e-08,9.175512897969549015e-08,4.811733809597586252e-08,1.453817816624194404e-07,1.589884398999551737e-08,3.184320358191482489e-07,3.963320221309490755e-08,2.262484980047017561e-07,2.315701124058972992e-07,5.200087404825104567e-07,8.489223094721727649e-07,7.875122318768179165e-08,2.959888952143100684e-06,3.770519909015450468e-07,1.944403884396493239e-05,7.685086535396395836e-07,2.675142160247343002e-07,2.216063959720568461e-06,5.886451279846991014e+00,1.649936437291491786e-06,1.328302273336015789e-06,9.236815002966290968e-07,2.150862179009801595e-06,1.033564788234058394e-06,8.606957209001318887e+00,1.178198564148314717e-04,3.983023708954306968e-06,2.526965740178348390e-05,6.822014881978199974e-07,2.700073996760944013e-07,1.041608866556612883e-05,2.060155257034614524e-07,7.759537407221635331e-06,1.175791260380079208e-07,8.087247427736993239e-07,1.015744434944213149e-06,1.345423936985360391e-04,9.902114608578257613e-07,2.303961962119252147e-04,3.263796618225513928e-05,3.567353498369924968e-04,2.817769502747046167e-03,5.552131622166299962e+00,4.742766583257306934e+00,2.957186585733749675e-06,1.721941635685434737e-05,2.692013147020101531e-06,1.658005483302771982e-04,6.812564552751639191e+00
4.360397120899907719e+00,1.421111782274805867e-05,7.693390070966400305e-08,7.671160945131044702e-08,9.179664900213079938e-08,2.556533559407271695e-08,2.075688831240366161e-07,6.392942868021587684e-08,4.166417499462621909e-08,5.490542909373830474e-07,7.110299568185129847e-08,5.957563019810336897e-08,2.335468682861514376e-07,1.026483810144438991e-06,6.592863314129687441e-08,4.807236393628930397e-08,1.246176909850841436e-06,6.725043868707864463e-07,4.257528404046429279e-07,6.958264007815323768e-06,7.492813268702954055e+00,4.306565794097552565e-06,9.508258318787044250e-07,1.471049842116420221e-07,9.998345188681244956e-07,4.923585736305594977e-07,1.124689192841161045e+01,1.169109951370876498e-05,1.140476769517537889e-05,4.499903624888928718e-05,1.815540562645647890e-07,3.173248136228710753e-05,1.381288174775137528e-06,2.018963272531012821e-06,5.392476166516636290e-07,3.136071002789999762e-07,1.190102223902552317e-06,3.347605662690510719e-07,6.839639111160561042e-07,4.455140526758217908e-06,4.534865182501514672e-05,1.139195488190129860e-05,3.426751875476303966e-06,2.400510683820799356e-05,3.198424794687522610e+00,1.475462929334055108e-03,4.770750763023203127e-06,1.583485220882390774e-06,4.224355807033240160e-06,5.882978032754353128e-04,7.041821171507482546e+00
6.524759848664467121e+00,2.023306523714272779e-07,3.316938748518312496e-06,1.738951617929550136e-07,7.420790324981684726e-08,7.974000042889258977e-07,7.039743053431813501e-07,1.204798025554009123e-06,9.525096136996934948e-07,1.704881079651237947e-07,4.828176410998598879e-07,4.623651485334710436e-07,4.876001309149231082e-07,2.879561118726207632e-06,1.468864869138506899e-07,1.040365717866931517e-06,4.483953745912540569e-07,3.442846703772928893e-07,9.563086983086508189e-07,1.167222053316377178e-05,3.637606821090143772e+00,2.180288920296971178e-06,3.557095545586660143e-06,5.858857376936021867e-05,5.018429824362467073e-07,8.791851754654811266e-07,3.591308178241674032e+00,1.466316248191421983e-05,7.419851561141264598e-06,2.402464975404225951e-05,5.803736342410757537e-06,4.908308955543940312e-05,4.528423722600429465e-06,1.971003555490887925e-06,1.657199409099845931e-07,3.037999632895169520e-07,4.131366040925075263e-05,6.929783691162941710e-08,7.314420981474248741e-05,1.667388742451515003e-05,2.778574784257871102e-06,1.266011998835652994e-06,2.286558141712996695e-06,5.870115665598390974e-06,1.290166954138095845e-02,5.074331441962780936e-02,3.132106331319535488e-07,2.925340103438878842e-05,1.828974475245145343e-06,6.491113556890457483e-05,6.095718688306896560e+00
4.026672513994905778e+00,1.646341214580823429e-06,2.944899527357914451e-07,1.295328056610954841e-07,8.934220950598764332e-07,8.154160335990316410e-07,2.494147153513767410e-08,8.855868141339583279e-07,1.525255505249615409e-06,4.334541701385239197e-07,7.384714799197812052e-07,3.090988869735882630e-07,2.259610320988545569e-06,1.533127034879652191e-06,5.860034164598563543e-08,1.316412928099018088e-05,2.040389124180025078e-05,4.667168162137167131e-07,1.576766177543923483e-07,2.148613846659521130e-06,1.706496705652262413e+00,2.496771125707656636e-01,8.520071978139181021e-07,7.521847020080777954e-07,8.325562149566426371e-06,1.035535786128621887e-04,4.708982792585653776e+00,1.314087535801093310e-05,2.925970413448089274e-07,2.350142909134679537e-05,1.628838085201561397e-06,2.702205886082998754e-06,2.301585925449911072e-06,4.157717226671600181e-06,8.086380223149230404e-06,3.460246049820306086e-06,8.798852270258330246e-06,3.422129167343734574e-08,2.430833408230161617e-05,6.254687913924792378e-06,1.865638711149744736e-06,4.395722199737881595e-06,1.577732872084514884e-05,4.965121907227145506e-05,2.447922966726973158e-03,1.134712879296528198e+00,1.425373694742567756e-06,2.432162845799396647e-06,9.620248587604937363e-06,4.359552089586748763e-05,2.387628931418681155e+00
4.867575578640218836e+00,2.130763668677650837e-06,5.633035846668661269e-07,2.974950164433946791e-06,5.756079826405743731e-07,9.585780763446641717e-07,4.573726912320816206e-07,6.047971229956470534e-07,1.971317110605083172e-06,4.138487658068759458e-07,3.440003393783030415e-07,1.654105059503154356e-07,1.261225562413728064e-05,7.376471762663204215e-06,6.696590142065319367e-06,1.001333868717982696e-07,8.138053231515519841e-06,9.005466888963887666e-07,9.130379715275657630e-07,3.277521673419501448e-07,9.654085129991267777e+00,4.178539866457752655e-05,3.424542587222577811e-05,3.836230643234717162e-06,2.074657356437136630e-05,1.143527579696999516e-02,7.446262326611693183e+00,8.851642626199684126e-05,5.903679503804011070e-05,5.219826779592727506e-04,8.505707965167779788e-07,3.419471120392132943e-06,6.143220638122080754e-06,1.141768987628599145e-05,2.124507884470049033e-06,6.456167349023168204e-06,2.889674191619620400e-06,1.118464830992768598e-05,1.144862108736684733e-05,8.519871204580901645e-06,1.647181037917407846e-06,1.002822203140217289e-05,3.571082346818367861e-05,5.412267916529174940e-05,1.729927836839219963e-04,1.695418874926467367e+00,1.100614563956228003e-07,2.202264632797284686e-06,8.040631243260099762e-07,3.646696348891207291e-05,1.545907412054099872e+01
7.467810792233688932e-01,1.760232006930207722e-06,9.304629530052725261e-06,1.103747721686803654e-07,3.993047654947922405e-07,4.118624753481073818e-08,4.845695550812377644e-06,1.616454657142157014e-07,1.049259021184228140e-06,1.331628704300451299e-06,1.753722804275599286e-06,1.027447355784623182e-05,1.020383261081641224e-06,4.544895799265208727e-05,2.485444767734537900e-04,1.125852316342864667e-06,1.003572981868182157e-05,2.750414301214760995e-04,1.872354019319066810e-04,6.434708132115660496e-06,2.132269993148092180e+00,2.431428038725234897e-04,2.506092287180758632e-05,1.486922622334260600e-05,1.079194898628590961e-05,4.522228463231645828e-06,4.645952899101775557e+00,3.854109934963946270e-06,1.570350548786741317e-05,3.913136678996677678e-04,7.679150676399298010e-07,8.717697063760529519e-07,2.209465165748210813e-06,1.275036269762715043e-05,9.418628280000857417e-07,1.334663760740143261e-06,1.379167936659302336e-05,1.404882478500067678e-04,5.983391432307808011e-02,2.043218878020765709e-06,2.694657011185674731e-07,5.101072137816179645e-05,3.815348687534082891e-06,2.049883917367657672e-06,4.326865661703424852e-04,1.499629763624617806e-01,6.030352723164890238e-07,3.605991047885191886e-06,6.617978189908455720e-07,1.548806476028101063e-03,1.297136358839142112e+01
2.265384300088311154e+00,2.921519064902624584e-06,6.358644260157169956e-06,9.727801562505011429e-07,1.881748004067024709e-08,9.441569218212462798e-08,1.116451854055699110e-07,1.436987449030899195e-06,1.068876607271178445e-06,1.289670160689322908e-06,6.033754371590716874e-07,4.592343426152308316e-07,1.619784901119959036e-06,5.564575759866879668e-06,1.736395855577437934e-06,4.368973370437867516e-06,1.091752101705812163e-07,2.268177426664495447e-06,1.453416719268965052e-06,9.752052855551277799e-06,4.072220662397655566e+00,2.844982742220827150e-06,1.101746038995913234e-04,1.622647344600989717e-07,4.621296336695844725e-06,3.257309818787442238e-07,5.127368033781350753e+00,3.883875265603268456e-06,2.889081159207321936e-05,3.396276238015946409e-04,7.865850107164075582e-08,2.765989502826963244e-07,4.939541640681433406e-08,1.705593019469144029e-06,4.006423268082125351e-06,7.206296265186063326e-07,4.505661828177798073e-06,7.999702514876300318e-07,1.569045849212689458e-05,2.263808006395212722e-05,2.270344858694687783e-05,3.135149572427549298e-06,6.223597121782345937e-06,5.586214316865148260e-06,1.349087352157776356e-05,8.967809628107550760e-04,3.031204143282612098e-07,3.988099526513164070e-06,1.077208864803876199e-06,5.134530151481178590e-06,1.518492325263230036e+01
1.171080488322928881e+00,9.285375127414652221e-07,2.910511346306626555e-06,9.603019266878946617e-07,2.938252797502152337e-07,7.836323484547043630e-08,1.572789397796417196e-06,4.887655868202433906e-07,1.876155540685518992e-08,4.466559395242752784e-06,5.713929709547821394e-08,2.826507971607952678e-07,2.490857009200964027e-07,7.188719258072236949e-07,9.489403491386914488e-07,1.412588121359033164e-06,6.090211605532161794e-07,2.256567897094532196e-07,3.164098218926090101e-05,2.914224290209454946e-06,5.344364364567222303e+00,9.979888731744630728e-04,1.620423375028833492e-07,2.205960581312083974e-06,1.154900026191987257e-06,4.794017359443836733e-07,7.453188908159970261e+00,4.496556154481642677e-06,2.140330585300915015e-05,9.325903121500809980e-05,7.819736871899322501e-07,3.355197569580661993e-08,1.884594858131733009e-07,3.372658981669388204e-06,1.810482890830037917e-06,3.313994775851255567e-06,1.474388239590150645e-07,4.725761587067597532e-05,1.562807328381289974e-06,1.308179559083172721e-05,1.860934392730620841e-06,1.852314704937767552e-07,7.863756878590037703e-06,1.149981143850144041e-07,6.088404460244802534e-05,1.417471986713007479e-05,7.085669209388601553e-07,1.058180200997061594e-06,2.826554776466640220e-06,4.534749275885289793e-05,1.223955664196521553e+01
2.356471601836032572e-03,1.181516819516760358e-06,1.863370357901099021e-06,7.475930291498766191e-07,1.377942821568572539e-07,1.736077450524907854e-05,1.896531609602116986e-07,5.959610659866143170e-06,4.961315422960881457e-06,4.835448101383119359e-07,3.033388062470367286e-06,4.966959372728900068e-07,9.421982666834990650e-07,1.279753795001333790e-05,3.394048093016800580e-07,1.714832283280463008e-04,4.767273572683993177e-05,3.265630770574830586e-06,3.597685199911015353e-06,7.630550516969656966e-06,2.338377416767299710e+00,1.326117115802456900e-05,4.136469928341703240e-07,6.148671077950021251e-06,6.467727198494637291e-06,2.408989238789618370e-06,4.748305250732881788e+00,1.599450267570259984e-05,2.632844757669097982e-05,2.943888696450056263e-05,1.584043987443449275e-06,4.342223373370721800e-04,1.366925102024421223e-06,3.274814692827548550e-06,3.583275736197850942e-05,1.702569477223590586e-06,3.535268649647150159e-07,1.713502108758804309e-06,8.634552410257356986e-05,2.719447227042301232e-05,3.612287492239912199e-07,1.881840532791840358e-05,8.685544071382045730e-07,6.525565106753359615e-08,4.361322795714327621e-07,1.143105624449314035e-04,1.485892240272971031e-06,9.848883278531938343e-07,2.909507444822883354e-05,7.546283084673263068e-05,3.853212686109189100e+00
5.174330228249832916e-06,3.123365808821787642e-07,6.728894184189128204e-06,1.224926510235807980e-06,1.027884129246891111e-06,6.999269698460103251e-07,1.348671311410739475e-08,1.682796233410533140e-08,2.067985431629640115e-07,4.881296073488779102e-07,1.215441880604498695e-07,1.523073957170433521e-05,1.155490958766150843e-06,1.552896132258534083e-06,3.853587540938704520e-07,3.507737007498343666e-07,4.012463702838398777e-07,2.430905741724478671e-07,1.465726502936824030e-05,3.858421309753698691e-06,3.036773652500677656e+00,2.129872369459179024e-05,6.665515448401236555e-05,1.449072089489677263e-07,1.436559189963259437e-06,1.110985568408435463e-06,4.507939878790095278e+00,1.732054525346763774e-05,2.947292640942694431e-07,5.402200676086939268e-03,6.527206729152578910e-07,6.508745238141033768e-07,2.788050412098269527e-07,6.263845452643448985e-07,5.618359455052777200e-07,5.023913491626829160e-06,5.632126968085919880e-06,3.887031672508854113e-06,4.731188576615356152e-04,2.502111628766963834e-05,2.421612274901368159e-08,2.562976848754607828e-06,2.919764077117530910e-07,3.718730871239082180e-06,4.764826184646543431e-06,6.645611048602489924e-05,1.154220809854484978e-04,9.400398364318025531e-06,1.431306201536291061e-05,2.170391316579494963e-04,1.358495695939585524e+01
3.006349063767924847e-06,1.072973754963423497e-07,6.759508263251021703e-08,1.842825093956469001e-06,5.825797602124569421e-08,3.465406488632164960e-06,4.507874402515817408e-06,4.644299579084175174e-07,9.175232127214877665e-07,9.682324193800891692e-07,2.540695429873075315e-06,1.712819201507433954e-07,3.676993479008083943e-06,3.567448195527374521e-06,4.499298893266741650e-08,6.052602704555323207e-06,2.850822728373243807e-04,3.776916268754987713e-07,1.547258260544013886e-07,1.409730979042092418e-07,5.630582248480303420e+00,4.426755711957873960e-07,1.744176816495570532e-06,6.457717836461207564e-08,1.248691082489971397e-07,1.236840273223666290e-06,6.810047376462044610e+00,1.402705364740987502e-06,6.521514426953222686e-07,1.221925977718437212e-05,7.909788702229392139e-07,1.380529043484695292e-05,7.715406867332391918e-08,1.426149803651899872e-07,3.904185760807475920e-07,2.036317538659410763e-05,2.303100913163021549e-07,8.399805603448981855e-08,2.611870326188101949e-06,8.746230092528113717e-07,1.154020941476724256e-07,1.106719617702789629e-06,3.616665565174460575e-07,4.303900394413571717e-07,2.392146333379404032e-06,1.373303379097615849e-05,1.162372237327719485e-05,1.052185301892862471e-05,1.719877608873907103e-05,7.608856002473389328e-03,1.332536020471405003e+01
9.661462950316905749e-06,3.841457347321912066e-07,5.798291692520728240e-08,2.728723447452397176e-07,2.265676519130774815e-07,2.558285829766572710e-08,5.706250499324437346e-08,1.712173267460045568e-07,1.659925368646474015e-07,3.529066330160502986e-08,6.295390512538041678e-07,3.459533844872359263e-06,2.039927429795870484e-07,2.542691881875126390e-07,1.805697044088442945e-06,4.494886001023444373e-08,1.794917878990693031e-07,3.732535636367205871e-07,3.559639606646747848e-07,6.047706440299930547e-07,7.274336869983981657e+00,1.370505729111803770e-07,5.122682127287442069e-07,2.847397134885274817e-07,1.885925757945248126e-07,1.194616751988206420e-05,4.250003833418644739e+00,2.839300444023810848e-05,1.894974782278326519e-07,2.445822862362337480e-07,9.562198901547370311e-07,3.562854396394880059e-07,2.517641747637031425e-07,3.531136972241411776e-08,9.339556660572224571e-08,2.221718563100778174e-07,3.571172295908491734e-08,2.185700881122552337e-06,1.351879369112880252e-05,5.920364479145562292e-06,5.523878841132440556e-07,5.376514477993410829e-07,4.743352239039268734e-08,1.824746408958029889e-08,2.036161410450243827e-06,7.445103627711570367e-08,1.985786397011157840e-05,2.292854307724572365e-06,9.725306410898488178e-08,1.962600834583873107e-05,4.500733872328986251e+00
4.978208965122085669e-06,7.259140703630401445e-09,6.024848582107527814e-07,8.909253439024169829e-07,5.275557789672978925e-07,1.153092570402435269e-06,1.753141660621383741e-08,3.205284248384755349e-09,9.813189419755117767e-07,2.963713364442018407e-07,1.735810491711268704e-08,5.828174901840908330e-07,9.218115204274544375e-08,9.923951641821928160e-07,2.036487639346769947e-07,1.112403648830331105e-07,1.051413322058897956e-07,1.082442459579369235e-06,7.586590831008525874e-08,6.504535778076446015e-08,7.666001389266956068e+00,1.655917693122824400e-07,7.393601100780648856e-08,1.279379922195927142e-05,1.394112319591450578e-07,3.553518360600518883e-07,5.475715066076135784e+00,9.866976052901307100e-07,2.979013718496144433e-08,1.102341355911112129e-07,1.611704032993995573e-07,1.432337954150644826e-07,5.738070471378858426e-08,7.499433484151130854e-07,1.977984008366671935e-08,3.328736542885448529e-07,2.799780299740665349e-08,2.531130681777254389e-06,5.563082125581063121e-07,6.879810465966878239e-04,1.065235150517858696e-08,8.486735117056262688e-07,9.091645156407831142e-07,1.268319519503454910e-07,3.189334011884878727e-06,9.643706561268951669e-07,3.908183314407658585e-07,2.680560771036529044e-06,1.217231679610256432e-07,2.139548689605863868e-05,1.714594937930326424e+01
3.738572258967954561e-06,1.758110264127423801e-08,6.469525154687517095e-08,1.370420367061462901e-08,4.749191847433701682e-07,9.643466500876074137e-09,2.738479510480432711e-08,2.396775354309971952e-07,3.559170053036847042e-09,4.554762549176779600e-08,3.110986772112238566e-08,9.892474574174198290e-08,2.502276359020697420e-07,4.134996406015467002e-08,2.531035978195405425e-08,1.505560213702035169e-07,5.084633874883300245e-08,2.687144522880331617e-07,1.325480499865392113e-06,8.644497655320519497e-08,7.144203336209808519e+00,3.922928411795885176e-07,3.060295390357682459e-08,8.810023132435675735e-09,3.950017016452669790e-08,1.107244683843696545e-08,4.455993154379445542e+00,2.581840504650616136e-07,1.744460139242654643e-08,2.332009028399644441e-08,5.104976535267686334e-08,5.047848232722669319e-08,3.528239983970648550e-08,3.500271130575893874e-08,4.424353627731966887e-09,6.384522393151203160e-08,1.292864540881707428e-08,8.377692509052840873e-08,8.003696394935507197e-08,1.637302822608108560e-07,1.264617737787412416e-07,2.307666875602250838e-08,4.111340232280456197e-08,4.165815849346526731e-08,4.109163535806142798e-08,8.920147487128022825e-07,1.992512594771736303e-07,2.743135527827297356e-06,6.641612516583951608e-08,7.906428346503258201e-06,1.420685743514949628e+01
6.129794485664978842e-06,3.916567617683534375e-08,3.925236894159463135e-08,7.898527340199429275e-09,1.940656788545430412e-07,1.922854700383819896e-07,1.963665798175137916e-08,2.819164980572759324e-08,3.984072067429126082e-08,1.604586132553933443e-07,3.693266952054908409e-09,2.427570059460443716e-09,2.858381359401618193e-07,3.448386722139832564e-08,2.339809426644882057e-08,5.488005986634037973e-09,7.684071455405506153e-09,9.470507597287384704e-09,1.322481916411846037e-07,4.868437991473284644e-07,5.262379881268768322e+00,5.285124355538699781e-07,2.993518214829000000e-08,1.699136806785166482e-08,1.372464844635274570e-08,1.018589926304674542e-08,3.488891527474100140e+00,5.191138065743246910e-07,5.504417693303893922e-07,1.403116316320928188e-08,3.134004223003668657e-08,3.283709603463512658e-08,1.407614661335917884e-08,1.043909869016320131e-09,1.137068657760052215e-08,3.450303124699916297e-08,1.722952380377598669e-08,8.318139054172957702e-08,8.115053660841828100e-08,1.420609015840462129e-08,5.089834931546072966e-07,3.816255450419767784e-07,5.646799978726123236e-07,1.504952117579692027e-07,1.253578602784688825e-07,4.921033544127927682e-08,2.356909931458637822e-08,9.956311532987835426e-08,2.679178666164692962e-08,1.624160237715626498e-06,1.257275021981989305e+01
7.163956622478341445e-06,2.602754086271449633e-09,1.342159349780681875e-08,3.070198355131772166e-08,2.919754872440309650e-08,4.953523409673571538e-09,9.055750357185934526e-08,1.096231091469090866e-08,6.560973792640948710e-09,6.133725212777256050e-09,4.759073103291273711e-07,2.034275207830341746e-07,9.344054599491813346e-09,3.043676605236679423e-08,1.706631337103134688e-08,8.998229582510112292e-08,4.942807298532189285e-09,1.319490881986293659e-08,1.130167302063226432e-08,1.014250037561666417e-08,8.391951014280469093e-03,6.776580097919334261e-08,1.134325950943992352e-07,2.356903606948760833e-09,1.096528868936354950e-08,2.526478529840450522e-08,1.853781478938316463e+00,4.880612635707489910e-08,5.032224133374476498e-09,3.163019147666400987e-08,1.722691047282407179e-08,4.466871885217825147e-07,1.032246499337164563e-07,3.514795310211429490e-08,5.320143504244492828e-07,4.563090230217382443e-09,6.036889247959241198e-09,4.228099395574618593e-08,2.746068985028106084e-09,8.652774293735318492e-09,2.978364328248394859e-08,1.786099695778324591e-07,2.160208119540362523e-08,1.243943194508684094e-08,2.164884004292276540e-08,8.787084741261646392e-08,2.922384716890444618e-08,4.893070915928240144e-08,2.765760576368393353e-07,1.295103146152787501e-05,9.954073881378779021e+00
4.552032963538174274e-06,1.590595941954105729e-08,1.783165858407596587e-09,1.080698790808716936e-08,2.185465235251313882e-09,4.299338914311567426e-08,7.556737205350265456e-08,3.371535437097905969e-09,1.239619552482724879e-09,4.014416223099339290e-08,1.048949802878216507e-08,3.448479711505755839e-07,9.961846609706667568e-09,1.230711178455827987e-08,2.682743383425775315e-08,2.351930935298975718e-08,5.642537255787385895e-09,1.145521649417471804e-08,1.898293561067970371e-08,1.849675077321435199e-07,1.877024920947280382e-03,4.601464167419924114e-09,5.111506737019558710e-08,4.236261782217797862e-09,3.167964483227432670e-08,5.160864361043405093e-09,1.965740800180160841e+00,1.677738709279936623e-07,7.767372942159486776e-08,1.402901502028094221e-07,4.314150798724094960e-07,4.390763795378513685e-08,2.357282626421432500e-08,6.440582063463257345e-09,1.529272701989971794e-08,1.121057167604912538e-08,1.367741480101467254e-07,1.145993517181251822e-07,1.729264347464086447e-07,1.476037326488986365e-07,1.484366026136317810e-07,2.698180844051144990e-08,4.443087522057689450e-08,6.015048077992338721e-08,2.460095191864104709e-08,1.004692031592365094e-07,5.808258201257772174e-08,7.523107707282015886e-08,1.296174150047795275e-07,1.697463761829783537e-06,4.605415409161084384e+00
4.875146397371260240e-06,4.277174509313700944e-07,1.313898133759280688e-07,2.033881198371078255e-06,5.661428235565949672e-08,1.644205828118838058e-08,1.001036226766439844e-07,1.133899147279487876e-09,1.138547928149052615e-07,2.879894162183048212e-07,4.645547020559140088e-09,7.197344479939709272e-09,6.699725500813379720e-09,5.429501494304446630e-09,3.845211358650627774e-08,4.066424681820955264e-08,7.275110732019330538e-09,4.582908871883901176e-08,1.537697996458764977e-08,3.981810623086530591e-07,4.880906888963822839e-07,1.311489281920865671e-08,3.503121191654625678e-08,2.047504841071116862e-09,1.916940222787564613e-08,3.648057959930948209e-08,1.082111019707513747e-08,8.526775723906674934e-09,9.039249082052313912e-09,1.099651062847939502e-07,4.258475377980975020e-09,1.313972360816380457e-09,5.269193833278990084e-08,4.910952754837724383e-09,3.077996800406773484e-08,3.112117005555808130e-08,3.485082161072156180e-09,7.046375525610336250e-08,2.497606198804395262e-08,1.568985251073813314e-09,6.042327305407325704e-09,1.281224443130424761e-08,4.347694829352321009e-08,3.402049516209573148e-07,6.135946116311377665e-09,8.945056566379974440e-08,1.206354772214122728e-08,5.322088326722166601e-08,1.049028901177766700e-07,5.232442167318168915e-07,1.236714202426485265e+01
3.765638295549559739e-07,2.560157497093665852e-08,3.602743296068228700e-09,6.511193144701230615e-10,1.488367941586432766e-09,8.579413743199603227e-09,1.778440790163588693e-08,5.776387928416387519e-08,6.286357168967818596e-08,8.212479886364159342e-09,1.222038077861010052e-08,6.190724950638227566e-09,3.721952288220011464e-10,1.758007658446105868e-08,1.264061447483119521e-08,6.173688173138411054e-10,2.357903344857481130e-09,7.081173833778044880e-08,1.956317348636962714e-08,9.960793757111490357e-09,3.471452303583102261e-08,2.134609483793086013e-09,4.876675963680682278e-08,2.264583331881184693e-09,5.531234451658630623e-09,9.490885474359483751e-10,4.889569018048836485e-08,8.834529372473445786e-09,3.220678363562769698e-09,6.188353539877739488e-09,1.640977981608624952e-08,3.412376022838832381e-09,7.306271788579569745e-09,8.375644541000314684e-09,2.001912250129350845e-09,4.052319990365539135e-08,6.604125337630280104e-09,3.740700152513177115e-09,1.275198241351491855e-08,8.520294697870430958e-09,9.065385720161939032e-10,5.533984544443486360e-08,6.230735359058856091e-08,5.104374402280360739e-09,1.305091212287695268e-08,9.599479966062387117e-08,2.867647880942121189e-08,4.605436879311308126e-08,4.927212998441626584e-09,1.235559001380409389e-06,1.540674551340332066e+01
2.593782171912192508e-07,5.531739139988212410e-08,1.250578206733210112e-08,1.155040106934646792e-08,1.797118413219764391e-09,9.908062036997818480e-09,2.295725061627742107e-08,1.942792692873379215e-11,1.937859509563681516e-09,1.811047939181522386e-07,2.150157478308891199e-06,1.899400032439082290e-08,1.722957821445065114e-09,1.427412296622241268e-07,9.580106324008172379e-09,1.655046219890927408e-08,1.688987857649247366e-09,5.338779332837902161e-08,5.677945384137081710e-09,8.444226097378023062e-09,1.548206640644899445e-07,4.356581116468822264e-08,5.989989188077800073e-08,1.836923469957718128e-07,1.424282507717695636e-08,6.058511944461665107e-08,2.681103965919472254e-08,7.710643847652228929e-10,1.768610909975980367e-08,2.010478299755859364e-08,1.501891230216923742e-09,4.136645793304825439e-09,1.695342169753764885e-09,5.843085550706929811e-09,2.086758495035201815e-07,1.630600769029113973e-10,1.004439322362251400e-09,4.212961910212019964e-08,7.217572524460344044e-08,1.204656302973773688e-08,3.223820813444790589e-09,2.829943857216996325e-08,4.875307534127689727e-09,1.310641327824251061e-08,2.305983666059991496e-07,2.387355040098154726e-08,1.275040322351472269e-08,1.762196336918832503e-08,3.467918891229405633e-06,1.626578367097065267e-08,8.251447873263151322e+00
2.867019345984838444e-06,1.831317279642486130e-08,6.755472433626577466e-10,4.284532768904810825e-09,5.453757491081296473e-09,9.274236624905574622e-08,2.472496677991812670e-09,4.986146959468318489e-11,2.858377672415625437e-09,8.531767329333935656e-09,2.600794152808169974e-09,1.153848845020980428e-09,8.461312878142168497e-09,8.732466725270786183e-09,3.253366553484665051e-09,2.633638601442741112e-09,1.453767908975634038e-09,8.305983372247817006e-10,5.723702795476112893e-09,1.292507368926127619e-07,6.540418907863565882e-08,3.833993048807115283e-08,4.495815398228264403e-10,9.483116608956688239e-08,1.086904076147597477e-08,3.570312821870694431e-08,2.359440703943198443e-08,3.422475239758643014e-09,1.898793106715735641e-10,7.487689584970549405e-09,2.446529702955939985e-09,2.608296380783273046e-07,2.491177470252444040e-08,1.480801140072552109e-07,1.364613424066144771e-08,1.394768032029057587e-08,2.828074878278753323e-09,5.946123892313191782e-08,2.959517132021710281e-08,2.752548792135785469e-09,6.272265878365593414e-09,1.229155023815725155e-06,7.462658529021923675e-09,5.066242022920079802e-08,4.147051145743627680e-07,9.625927664190264782e-07,1.739737873113071338e-09,9.193379401088745219e-09,4.575538045022429972e-08,3.423698912583616483e-08,6.621746661225902386e+00
1.084224567611872180e-09,1.344102097995243608e-09,1.903692730680111654e-09,6.608025877176795832e-08,7.337344458159806480e-10,7.261683915451593733e-12,7.788723291451567701e-10,6.978505934842183465e-11,5.488140244555936064e-11,1.604258379469110748e-09,4.908156249586889644e-10,1.752363321416135937e-09,4.361969347148563654e-10,4.617771403957538418e-09,3.602049020256428226e-09,3.306075535680043882e-10,3.689315228072596985e-10,4.867057096078400253e-09,3.200122794933803993e-10,4.501696796642665478e-09,9.423262407458027831e-08,7.034471269584558132e-09,2.278631570674985773e-09,1.113872091062621553e-10,2.683823678739167260e-09,1.506578361532059590e-09,1.768237269403285518e-08,4.353515828819457043e-10,3.197227905058379311e-09,7.058800575934890532e-08,1.618927663273154233e-10,5.851415721658943396e-09,2.273853729549389563e-07,1.418058068129364801e-09,1.636383325672287025e-09,4.180234566469934292e-10,1.321120851463164078e-08,2.188469594292232367e-09,8.886584457255187408e-09,3.695199494559889273e-08,8.713602599748262656e-09,1.096111635434380246e-09,2.150887163086478508e-08,1.648689163507963792e-10,2.177451257677364926e-09,2.695572220581925276e-09,5.569847633094759097e-09,7.733922551377043230e-09,3.035372110380509207e-10,1.201990098434862708e-08,1.058238958204966629e+01
0.000000000000000000e+00,0.000000000000000000e+00,0.000000000000000000e+00,0.000000000000000000e+00,0.000000000000000000e+00,0.000000000000000000e+00,0.000000000000000000e+00,0.000000000000000000e+00,0.000000000000000000e+00,0.000000000000000000e+00,0.000000000000000000e+00,0.000000000000000000e+00,0.000000000000000000e+00,0.000000000000000000e+00,0.000000000000000000e+00,0.000000000000000000e+00,0.000000000000000000e+00,0.000000000000000000e+00,0.000000000000000000e+00,0.000000000000000000e+00,0.000000000000000000e+00,0.000000000000000000e+00,0.000000000000000000e+00,0.000000000000000000e+00,0.000000000000000000e+00,0.000000000000000000e+00,0.000000000000000000e+00,0.000000000000000000e+00,0.000000000000000000e+00,0.000000000000000000e+00,0.000000000000000000e+00,0.000000000000000000e+00,0.000000000000000000e+00,0.000000000000000000e+00,0.000000000000000000e+00,0.000000000000000000e+00,0.000000000000000000e+00,0.000000000000000000e+00,0.000000000000000000e+00,0.000000000000000000e+00,0.000000000000000000e+00,0.000000000000000000e+00,0.000000000000000000e+00,0.000000000000000000e+00,0.000000000000000000e+00,0.000000000000000000e+00,0.000000000000000000e+00,0.000000000000000000e+00,0.000000000000000000e+00,0.000000000000000000e+00,1.773649719215843845e+01
